{"sections":{"slideshow":{"type":"slideshow","blocks":{"slideshow-0":{"type":"image","settings":{"top_subheading":"","title":"\"Luxury Redefined, Trends Perfected.\"","title_size":40,"subheading":"Your ultimate fashion destination.","link":"shopify:\/\/collections\/all","link_text":"Shop this","link_2":"shopify:\/\/collections\/all","link_text_2":"Shop all","color_accent":"#bd9e6e","button_text_color":"#ffffff","text_color":"#000000","text_align":"vertical-center horizontal-center","image":"shopify:\/\/shop_images\/FRST.jpg","image_mobile":"shopify:\/\/shop_images\/Mobile-banner.jpg","parallax_direction":"top","overlay_opacity":0}},"da0c69ec-dd20-4af2-8bb2-a031f35ea35a":{"type":"image","settings":{"top_subheading":"","title":"❝You are fearfully and wonderfully made !❞","title_size":40,"subheading":"","link":"shopify:\/\/collections\/all","link_text":"Shop this","link_2":"shopify:\/\/collections\/all","link_text_2":"Shop all","color_accent":"#bd9e6e","button_text_color":"#ffffff","text_color":"#38483d","text_align":"vertical-center horizontal-center","image":"shopify:\/\/shop_images\/Banner_fc26e94f-2b09-40b4-ab24-77d4e0722ef0.jpg","image_mobile":"shopify:\/\/shop_images\/mobile-banner-1.webp","parallax_direction":"top","overlay_opacity":0}}},"block_order":["slideshow-0","da0c69ec-dd20-4af2-8bb2-a031f35ea35a"],"settings":{"section_height":"natural","mobile_height":"auto","belowcontent":true,"parallax":false,"style":"arrows","autoplay":true,"autoplay_speed":7,"lazyload_images":true}},"rich-text":{"type":"rich-text","blocks":{"text":{"type":"text","settings":{"enlarge_text":true,"text":"<p>❝Confidence.. if you have it<br\/>you can make anything look good.❞<\/p>"}}},"block_order":["text"],"settings":{"align_text":"center","narrow_column":true,"divider":false}},"featured-collections":{"type":"featured-collections","blocks":{"featured-collections-0":{"type":"collection","settings":{"collection":"women-s-tops","title":"","focal_point":"center center"}},"featured-collections-1":{"type":"collection","settings":{"collection":"bottoms","title":"","focal_point":"center center"}},"featured-collections-2":{"type":"collection","settings":{"collection":"decor-gifts","title":"","focal_point":"center center"}},"featured-collections-3":{"type":"collection","settings":{"collection":"accessories","title":"","focal_point":"center center"}}},"block_order":["featured-collections-0","featured-collections-1","featured-collections-2","featured-collections-3"],"settings":{"title":"Shop by category","divider":false,"per_row":4,"enable_gutter":true}},"featured-collection":{"type":"featured-collection","settings":{"title":"New Arrival","home_featured_products":"new-arrivals","per_row":4,"rows":1,"mobile_scrollable":true,"view_all":true,"divider":false}},"cfb3fcf7-2deb-4098-a98d-57ad6c6c8a5a":{"type":"text-and-image","settings":{"image":"shopify:\/\/shop_images\/Store_photo.jpg","image_mask":"square","image2_mask":"landscape","subtitle":"","title":"About US","text":"<p>Natural Secrets is a faith based boutique passionate about clothing women in eye-catching modest fashions that will inspire them to be an overcomer. Our goal is to have you feel as good on the inside as you look on the outside...<\/p>","button_label":"Know more","button_link":"shopify:\/\/pages\/about","button_style":"primary","align_text":"left","image_width":"50","layout":"right","divider":false,"top_padding":true,"bottom_padding":true,"lazyload_images":true}},"bc78904d-4247-4992-9b1e-a52a5c0b27e7":{"type":"logo-list","blocks":{"template--21579167957185__bc78904d-4247-4992-9b1e-a52a5c0b27e7-logo_image-1":{"type":"logo_image","settings":{"link":""}},"template--21579167957185__bc78904d-4247-4992-9b1e-a52a5c0b27e7-logo_image-2":{"type":"logo_image","settings":{"link":""}},"template--21579167957185__bc78904d-4247-4992-9b1e-a52a5c0b27e7-logo_image-3":{"type":"logo_image","settings":{"link":""}},"template--21579167957185__bc78904d-4247-4992-9b1e-a52a5c0b27e7-logo_image-4":{"type":"logo_image","settings":{"link":""}}},"block_order":["template--21579167957185__bc78904d-4247-4992-9b1e-a52a5c0b27e7-logo_image-1","template--21579167957185__bc78904d-4247-4992-9b1e-a52a5c0b27e7-logo_image-2","template--21579167957185__bc78904d-4247-4992-9b1e-a52a5c0b27e7-logo_image-3","template--21579167957185__bc78904d-4247-4992-9b1e-a52a5c0b27e7-logo_image-4"],"disabled":true,"settings":{"title":"","logo_opacity":76,"divider":false}},"8d71f1d4-6275-4874-baf7-50d216c80882":{"type":"featured-collection","settings":{"title":"Our Trending Products","home_featured_products":"bottoms","per_row":4,"rows":1,"mobile_scrollable":true,"view_all":true,"divider":false}},"f06d117d-0313-49d1-b224-bd3b3436808d":{"type":"icon-with-text","blocks":{"a069c318-78af-45b7-b954-cf8583bab873":{"type":"stripe","settings":{"image":"shopify:\/\/shop_images\/logo1.webp","custom_link":"shopify:\/\/pages\/returns-refund-policy","text":"<h4><strong>Shipping<\/strong><\/h4><p>Free Shipping on all order above 150$<\/p>"}},"108a6066-8a62-4861-ad98-281322008763":{"type":"stripe","settings":{"image":"shopify:\/\/shop_images\/logo2.webp","custom_link":"tel:260-350-5238","text":"<h4><strong>Support<\/strong><\/h4><p>24 x 7 Support<\/p>"}},"0e872b6e-d554-4694-8c14-ed692a8df75e":{"type":"stripe","settings":{"image":"shopify:\/\/shop_images\/logo3.webp","custom_link":"shopify:\/\/policies\/shipping-policy","text":"<h4><strong>Quality Product<\/strong><\/h4><p>a perfect fusion of innovation, style, and reliability<\/p>"}},"269d845b-4ac0-463a-8443-e883900fcd0f":{"type":"stripe","settings":{"image":"shopify:\/\/shop_images\/logo4.webp","custom_link":"shopify:\/\/pages\/secure-checkout","text":"<h4><strong>Secure Checkout<\/strong><\/h4><p>Safe and secure payment during Checkout<\/p>"}}},"block_order":["a069c318-78af-45b7-b954-cf8583bab873","108a6066-8a62-4861-ad98-281322008763","0e872b6e-d554-4694-8c14-ed692a8df75e","269d845b-4ac0-463a-8443-e883900fcd0f"],"settings":{"heading":"","text_alignment":"left","body_text":"#ffffff","slide_number":4,"padding_top":0,"padding_bottom":36}},"f47d36fd-4f2e-4d08-a1b1-6bcb62aed3a2":{"type":"countdown","blocks":{"template--21579167957185__f47d36fd-4f2e-4d08-a1b1-6bcb62aed3a2-content-1":{"type":"content","settings":{"heading":"Our Next Popup","heading_size":"h3","text":"<p>Christmas at counrtyside 2024 farmgirl flea market event november 24 & november 25<\/p><p><em><strong>11000 92nd ave,allendale, mi 49401<\/strong><\/em><\/p>","content_alignment":"left"}},"template--21579167957185__f47d36fd-4f2e-4d08-a1b1-6bcb62aed3a2-timer-1":{"type":"timer","settings":{"year":"2024","month":"11","day":"24","hour":"00","minute":"00","hide_timer":false,"text":""}},"template--21579167957185__f47d36fd-4f2e-4d08-a1b1-6bcb62aed3a2-button-1":{"type":"button","disabled":true,"settings":{"button_link":"\/","button":"Stay Tuned !","button_style":"solid"}}},"block_order":["template--21579167957185__f47d36fd-4f2e-4d08-a1b1-6bcb62aed3a2-content-1","template--21579167957185__f47d36fd-4f2e-4d08-a1b1-6bcb62aed3a2-timer-1","template--21579167957185__f47d36fd-4f2e-4d08-a1b1-6bcb62aed3a2-button-1"],"settings":{"layout":"banner","full_width":false,"text_color":"#ffffff","background_color":"#ffffff","background_image":"shopify:\/\/shop_images\/collectio-offer_cd9a5b24-e584-4b04-b371-b2e432441c0d.jpg","overlay_color":"#000000","overlay_opacity":50,"lazyload_images":true}}},"order":["slideshow","rich-text","featured-collections","featured-collection","cfb3fcf7-2deb-4098-a98d-57ad6c6c8a5a","bc78904d-4247-4992-9b1e-a52a5c0b27e7","8d71f1d4-6275-4874-baf7-50d216c80882","f06d117d-0313-49d1-b224-bd3b3436808d","f47d36fd-4f2e-4d08-a1b1-6bcb62aed3a2"]}