{"sections":{"main":{"type":"main-page","disabled":true,"settings":{}},"rich-text":{"type":"rich-text","blocks":{"heading":{"type":"heading","settings":{"title":"Get in touch"}},"text":{"type":"text","settings":{"enlarge_text":true,"text":"<p>Thanks for contacting us. Please enter your information below so that<br\/> we can resolve your problem immediately. We will do our very best to <br\/>make sure that you are satisfied with the outcome and  thanks for shopping with us!!<\/p><p>Email Us :  <a href=\"mailto:mary@naturalsecretsboutique.com\">mary@naturalsecretsboutique.com<\/a> <\/p><p>Tel : <a href=\"tel:260-350-5238\" target=\"_blank\" title=\"tel:260-350-5238\">260-350-5238<\/a><\/p>"}}},"block_order":["heading","text"],"settings":{"align_text":"center","narrow_column":true,"divider":false}},"form":{"type":"contact-form","settings":{"title":"Contact us","text":"","show_phone":true,"narrow_column":true}}},"order":["main","rich-text","form"]}