{"sections":{"main":{"type":"main-product","blocks":{"price":{"type":"price","settings":{}},"8d91becb-1ca5-42d3-be02-619c17187bf5":{"type":"shopify:\/\/apps\/air-product-reviews\/blocks\/app-summary-block\/c4e1e9ca-4d46-4e76-bc39-7e42417cb327","settings":{}},"separator":{"type":"separator","settings":{}},"variant_picker":{"type":"variant_picker","settings":{"variant_labels":true,"picker_type":"dropdown","product_dynamic_variants_enable":true,"color_swatches":false}},"25fc386d-9adc-4ed0-b86b-a57d6361e20c":{"type":"quantity_selector","settings":{}},"sales_point":{"type":"sales_point","settings":{"icon":"globe","text":"Free worldwide shipping"}},"inventory_status":{"type":"inventory_status","settings":{"inventory_threshold":10,"inventory_transfers_enable":true}},"buy_buttons":{"type":"buy_buttons","settings":{"show_dynamic_checkout":true,"surface_pickup_enable":true,"show_gift_card_recipient":false}},"description":{"type":"description","settings":{"is_tab":true}},"tab":{"type":"tab","settings":{"title":"Shipping information","content":"<p>Use collapsible tabs for more detailed information that will help customers make a purchasing decision.<\/p><p>Ex: Shipping and return policies, size guides, and other common questions.<\/p>","page":""}},"share":{"type":"share","settings":{}}},"block_order":["price","8d91becb-1ca5-42d3-be02-619c17187bf5","separator","variant_picker","25fc386d-9adc-4ed0-b86b-a57d6361e20c","sales_point","inventory_status","buy_buttons","description","tab","share"],"settings":{"sku_enable":false,"image_position":"left","image_size":"medium","product_zoom_enable":true,"thumbnail_position":"beside","thumbnail_height":"flexible","thumbnail_arrows":false,"mobile_layout":"partial","enable_video_looping":true,"product_video_style":"muted"}},"17046920359dbd0142":{"type":"apps","blocks":{"c131c19f-957c-436a-800d-646cfa933427":{"type":"shopify:\/\/apps\/air-product-reviews\/blocks\/app-block-review-list\/c4e1e9ca-4d46-4e76-bc39-7e42417cb327","settings":{"air_blockreviews_summaryHeading":"Give a review !","air_blockreviews_layout":"list","air_blockreviews_singleStarColor":"#dfe694","air_blockreviews_primaryColor":"#38483d","air_blockreviews_buttonBackgroundColor":"#38483d","air_blockreviews_buttonTextColor":"#ffffff"}}},"block_order":["c131c19f-957c-436a-800d-646cfa933427"],"settings":{"full_width":false,"space_around":true}},"sub":{"type":"product-full-width","blocks":{"80b335dd-d171-48f8-b514-bd44b041952c":{"type":"description","settings":{"is_tab":true}}},"block_order":["80b335dd-d171-48f8-b514-bd44b041952c"],"disabled":true,"settings":{"max_width":true}},"background-image-text":{"type":"background-image-text","disabled":true,"settings":{"subtitle":"Impressive","title":"About your brand","text":"<p>Pair large text with a full-width image to draw attention to an important detail of your brand or product line.<\/p>","button_label":"","button_link":"","layout":"left","height":550,"framed":false,"parallax":false,"parallax_direction":"top","lazyload_images":true}},"text-and-image":{"type":"text-and-image","disabled":true,"settings":{"image_mask":"none","image2_mask":"none","subtitle":"","title":"About your brand","text":"<p>Pair large text with an image to tell a story, explain a detail about your product, or describe a new promotion.<\/p>","button_label":"","button_link":"","button_style":"primary","align_text":"left","image_width":"50","layout":"right","divider":false,"top_padding":true,"bottom_padding":true,"lazyload_images":true}},"text-and-image2":{"type":"text-and-image","disabled":true,"settings":{"image_mask":"none","image2_mask":"none","subtitle":"","title":"About your brand","text":"<p>Pair large text with an image to tell a story, explain a detail about your product, or describe a new promotion.<\/p>","button_label":"","button_link":"","button_style":"primary","align_text":"left","image_width":"50","layout":"left","divider":false,"top_padding":true,"bottom_padding":true,"lazyload_images":true}},"testimonials":{"type":"testimonials","blocks":{"testimonials-0":{"type":"testimonial","settings":{"icon":"5-stars","testimonial":"<p>Add customer reviews and testimonials to showcase your store’s happy customers.<\/p>","author":"Author's name","author_info":"Los Angeles, CA"}},"testimonials-1":{"type":"testimonial","settings":{"icon":"5-stars","testimonial":"<p>Add customer reviews and testimonials to showcase your store’s happy customers.<\/p>","author":"Author's name","author_info":"Los Angeles, CA"}},"testimonials-2":{"type":"testimonial","settings":{"icon":"5-stars","testimonial":"<p>Add customer reviews and testimonials to showcase your store’s happy customers.<\/p>","author":"Author's name","author_info":"Los Angeles, CA"}}},"block_order":["testimonials-0","testimonials-1","testimonials-2"],"disabled":true,"settings":{"title":"Testimonials","align_text":"center","round_images":true,"color_background":"#f9f9f9","color_text":"#1c1d1d"}},"product-recommendations":{"type":"product-recommendations","settings":{"product_recommendations_heading":"You may also like","related_count":4,"products_per_row":4}},"recently-viewed":{"type":"recently-viewed","settings":{"recent_count":5}},"collection-return":{"type":"collection-return","settings":{}}},"order":["main","17046920359dbd0142","sub","background-image-text","text-and-image","text-and-image2","testimonials","product-recommendations","recently-viewed","collection-return"]}