{"name":"t:sections.footer.name","type":"footer","sections":{"footer":{"type":"footer","blocks":{"679aa0d6-82ad-4f75-98e2-b395b9eba206":{"type":"link_list","settings":{"heading":"Social Media","menu":"footer-social-icons"}},"388f4b81-bfc9-411d-bbed-0ac5d10ff1b0":{"type":"brand_information","disabled":true,"settings":{"show_social":true}},"a2b8fa29-d11f-42ab-b77a-c8d8675a2989":{"type":"text","settings":{"align_checkbox":false,"heading":"Our Office Location","subtext":"<ul><li>7280 NW 87th Terrace, Suite C-210Kansas City, MO 64153<\/li><li>800 E 101st Terrace, Suite 350Kansas City, MO 64131<\/li><li>303 N Stadium Blvd, 2nd Floor Columbia, MO 65203<\/li><li>57 Court Cir, Camdenton, MO 65020<\/li><\/ul>"}},"beb94e2e-3ad5-4e2b-a817-2b67339a0edf":{"type":"text","settings":{"align_checkbox":true,"heading":"","logo":"shopify:\/\/shop_images\/graber-logo_9e9dce0f-5b8a-4f62-88e2-7dd96833f137.png","subtext":"<p><strong>Address:<\/strong> 761 SW 68th Ave Jamesport MO 64648<\/p><p><strong>Phone:<\/strong> <a href=\"tel:816 489 1583\" title=\"tel:816 489 1583\">816 868 1403<\/a><\/p><p><strong>Email: <\/strong><a href=\"mailto:graberoutdoors@gmail.com\" title=\"mailto:graberoutdoors@gmail.com\">graberoutdoors@gmail.com<\/a><\/p>"}},"d2f4feec-88ba-422d-93df-a5bacef251e7":{"type":"link_list","settings":{"heading":"","menu":"footer"}}},"block_order":["679aa0d6-82ad-4f75-98e2-b395b9eba206","388f4b81-bfc9-411d-bbed-0ac5d10ff1b0","a2b8fa29-d11f-42ab-b77a-c8d8675a2989","beb94e2e-3ad5-4e2b-a817-2b67339a0edf","d2f4feec-88ba-422d-93df-a5bacef251e7"],"settings":{"color_scheme":"scheme-eb5e4e83-9ab2-4726-8b3f-3ee630883400","newsletter_enable":false,"newsletter_heading":"Subscribe to our emails","enable_follow_on_shop":false,"show_social":false,"enable_country_selector":false,"enable_language_selector":false,"payment_enable":true,"show_policy":false,"margin_top":0,"padding_top":12,"padding_bottom":0}}},"order":["footer"]}