{"current":{"color_body_bg":"#f4f1f1","color_body_text":"#000000","color_price":"#1c1d1d","color_savings_text":"#C20000","color_borders":"#a6a6a6","color_button":"#1c1d1d","color_button_text":"#ffffff","color_cart_dot":"#ff4f33","color_small_image_bg":"#ffffff","color_large_image_bg":"#0f0f0f","color_header":"#f9f7f7","color_header_text":"#000000","color_announcement":"#0f0f0f","color_announcement_text":"#ffffff","color_footer":"#f0f4f8","color_footer_text":"#000000","color_drawer_background":"#ffffff","color_drawer_text":"#000000","color_drawer_border":"#e8e8e1","color_drawer_button":"#111111","color_drawer_button_text":"#ffffff","color_modal_overlays":"#e6e6e6","color_image_text":"#000000","color_image_overlay":"#000000","color_image_overlay_opacity":0,"color_image_overlay_text_shadow":6,"type_header_font_family":"tenor_sans_n4","type_header_spacing":"0","type_header_base_size":32,"type_header_line_height":1.4,"type_header_capitalize":false,"type_headers_align_text":true,"type_base_font_family":"avenir_next_n4","type_base_spacing":"25","type_base_size":15,"type_base_line_height":1.7,"type_body_align_text":true,"type_navigation_style":"body","type_navigation_size":16,"type_navigation_capitalize":true,"type_product_style":"body","type_collection_font":"heading","type_collection_size":20,"button_style":"round-slight","icon_weight":"4px","icon_linecaps":"round","product_save_amount":false,"product_save_type":"percent","vendor_enable":false,"quick_shop_enable":false,"quick_shop_text":"Quick view","product_grid_image_size":"natural","product_grid_image_fill":true,"product_hover_image":true,"enable_product_reviews":true,"collection_grid_style":"overlaid-box","collection_grid_shape":"landscape","collection_grid_image":"collection","collection_grid_text_align":"center","collection_grid_tint":"#000000","collection_grid_opacity":10,"collection_grid_gutter":true,"cart_type":"drawer","cart_notes_enable":false,"cart_terms_conditions_enable":false,"cart_meta_title":"Your Shopping Cart | Rivela Dermascience","cart_meta_description":"Ready to checkout? Review your order and get free shipping on Rivela's high-quality skincare products for orders above Rs 599. Shop now and discover your new favorites.","account_meta_title":"Your Account | Rivela Dermascience","account_meta_description":"Sign in to your Rivela Dermascience account to access your order history, track your shipments, and update your personal information. Manage your account with ease and discover exclusive offers!","favicon":"shopify:\/\/shop_images\/Favicon.jpg","predictive_search_enabled":false,"search_meta_title":"Search your choice of Skincare Products | Rivela Dermascience","search_meta_description":"Rivela Dermascience, brings to you the skin care products that are dermatologically tested. Use our search feature to easily find the skincare products you need.","show_breadcrumbs":false,"show_breadcrumbs_collection_link":false,"checkout_logo_image":"shopify:\/\/shop_images\/Rivela_DermaScience_Logo_With_Cipla_Health_1_fa54b912-00b2-4056-8c8b-1702bfdd116f.png","checkout_logo_position":"left","checkout_logo_size":"large","checkout_body_background_color":"#f4f1f1","checkout_input_background_color_mode":"white","checkout_sidebar_background_color":"#fafafa","checkout_accent_color":"#111111","checkout_button_color":"#111111","checkout_error_color":"#ff6d6d","breadcrumb":false,"sections":{"header":{"type":"header","blocks":{"1524770014057":{"type":"logo","settings":{"logo":"shopify:\/\/shop_images\/Rivela_DermaScience_Logo_With_Cipla_Health_1.png","desktop_logo_width":100,"mobile_logo_width":100}},"1524770292306":{"type":"announcement","disabled":true,"settings":{"text":"GET FREE SHIPPING ON ORDERS ABOVE 599","link_text":"SHOP NOW","link":"https:\/\/riveladermascience.com\/collections\/all-products"}},"0f9f3cb9-3e82-4e93-b7e5-4aa04f4f6f49":{"type":"announcement","disabled":true,"settings":{"text":"NOT SURE WHICH PRODUCTS BEST SUIT YOU?","link_text":"TAKE THE FREE SKIN ASSESSMENT","link":"https:\/\/riveladermascience.com\/pages\/skin-assessment"}}},"block_order":["1524770014057","1524770292306","0f9f3cb9-3e82-4e93-b7e5-4aa04f4f6f49"],"settings":{"main_menu_link_list":"main-menu","mega_menu_images":true,"main_menu_alignment":"left-center","header_style":"sticky","sticky_index":false,"sticky_collection":false,"collection":"combos-1","hide_stockout_products":true,"announcement_compact":true,"announcement_above_header":true,"toolbar_menu":"","toolbar_social":true,"show_locale_selector":true,"show_currency_selector":true,"show_currency_flags":true}},"footer":{"type":"footer","blocks":{"6332e3a8-1021-4c34-8332-79ee858434f2":{"type":"custom","settings":{"show_footer_title":true,"title":"About rivela","text":"<p><a href=\"https:\/\/riveladermascience.com\/pages\/our-story\" title=\"https:\/\/riveladermascience.com\/pages\/our-story\">Developed by Scientists, Evaluated by Dermatologists<\/a><\/p><p><a href=\"https:\/\/riveladermascience.com\/pages\/our-story\" title=\"https:\/\/riveladermascience.com\/pages\/our-story\">Our Commitments<\/a><\/p>","container_width":22}},"1494301487048":{"type":"logo_social","disabled":true,"settings":{"desktop_logo_height":120,"container_width":15}},"994a601a-8de5-4f10-8945-16c458a7aefc":{"type":"menu","settings":{"show_footer_title":true,"menu":"shop-by-concern","container_width":15}},"1e939838-4131-437b-98f0-e303c61fae22":{"type":"menu","settings":{"show_footer_title":true,"menu":"footer","container_width":15}},"1494301487049":{"type":"menu","settings":{"show_footer_title":true,"menu":"skin-type","container_width":15}},"69333f0e-3427-4f03-aec1-eae8a62251a0":{"type":"menu","settings":{"show_footer_title":true,"menu":"we-care","container_width":15}}},"block_order":["6332e3a8-1021-4c34-8332-79ee858434f2","1494301487048","994a601a-8de5-4f10-8945-16c458a7aefc","1e939838-4131-437b-98f0-e303c61fae22","1494301487049","69333f0e-3427-4f03-aec1-eae8a62251a0"],"settings":{"show_locale_selector":true,"show_currency_selector":true,"show_currency_flags":true,"show_payment_icons":true,"show_copyright":true,"copyright_text":""}},"newsletter-popup":{"type":"newsletter-popup","settings":{"mode":"disabled","popup_seconds":5,"popup_days":2,"popup_title":"Sign Up & Unlock","popup_text":"<p>10% off on your first purchase!<\/p>","close_text":"No thanks","enable_newsletter":true,"button_label":"","button_link":"","enable_button":false}},"collection-header":{"type":"collection-header","settings":{"enable":true,"collection_image_enable":true,"parallax":true}},"footer-promotions":{"type":"footer-promotions","blocks":{"footer-promotions-0":{"type":"promotion","disabled":true,"settings":{"enable_image":true,"title":"Site-wide promotion","text":"<p>Use this section to promote content throughout every page of your site. Add images for further impact.<\/p>","button_label":"Optional button","button_link":""}},"footer-promotions-1":{"type":"promotion","disabled":true,"settings":{"enable_image":true,"title":"Site-wide promotion","text":"<p>Use this section to promote content throughout every page of your site. Add images for further impact.<\/p>","button_label":"Optional button","button_link":""}},"footer-promotions-2":{"type":"promotion","disabled":true,"settings":{"enable_image":true,"title":"Site-wide promotion","text":"<p>Use this section to promote content throughout every page of your site. Add images for further impact.<\/p>","button_label":"Optional button","button_link":""}}},"block_order":["footer-promotions-0","footer-promotions-1","footer-promotions-2"],"settings":{"hide_homepage":false,"image_size":"wide"}},"text-and-image":{"type":"text-and-image","settings":{"image":"shopify:\/\/shop_images\/Under-eye-B_360x_6c9e935d-bf0e-4a8b-a786-ca36f5d14ffe.webp","image2":"shopify:\/\/shop_images\/Under-eye-P_360x_77194e7a-617f-4016-867a-8553f761d03b.webp","image_width":700,"subtitle":"","title":"Key Benefits","text":"","button_label":"","button_link":"","button_style":"primary","align_text":"center","layout":"right","divider":false}},"slideshow":{"type":"slideshow","blocks":{"7987e076-4686-4b6f-b493-12312ba91f4c":{"type":"image","settings":{"top_subheading":"","title":"","title_size":80,"subheading":"","link":"","link_text":"","link_2":"","link_text_2":"","color_accent":"rgba(0,0,0,0)","text_align":"vertical-center horizontal-center","image":"shopify:\/\/shop_images\/Matrixyl-3000_1944x_b3499e0c-676c-4f75-9db2-524ea85aa555.webp","image_mobile":"shopify:\/\/shop_images\/MAtrixyl-3000-M_300x_17ce56bc-395a-4fea-b068-24d0b135cc74.webp","overlay_opacity":0,"focal_point":"center center"}},"da1e771b-2997-440b-ae03-6e4a9fbe83a6":{"type":"image","settings":{"top_subheading":"","title":"","title_size":80,"subheading":"","link":"","link_text":"","link_2":"","link_text_2":"","color_accent":"rgba(0,0,0,0)","text_align":"vertical-center horizontal-center","image":"shopify:\/\/shop_images\/Alpha-glucosyl-H_1944x_f487a6e1-7934-43ed-99d0-4480a195e859.webp","image_mobile":"shopify:\/\/shop_images\/Alpha-Glucosyl-H-m_1080x_4bda25d3-7111-4625-a8f2-71c48ec24d1b.webp","overlay_opacity":0,"focal_point":"center center"}},"afa33020-13ee-45b6-9c42-d3ab0002f7f8":{"type":"image","settings":{"top_subheading":"","title":"","title_size":80,"subheading":"","link":"","link_text":"","link_2":"","link_text_2":"","color_accent":"rgba(0,0,0,0)","text_align":"vertical-center horizontal-center","image":"shopify:\/\/shop_images\/Hyaluronic_1944x_0f4c7772-54c7-498b-8067-652a1895c421.webp","image_mobile":"shopify:\/\/shop_images\/HYaluronic-Acid-M_300x_e93ba232-7b0c-4134-b34c-6bcf2e7b43cf.webp","overlay_opacity":0,"focal_point":"center center"}}},"block_order":["7987e076-4686-4b6f-b493-12312ba91f4c","da1e771b-2997-440b-ae03-6e4a9fbe83a6","afa33020-13ee-45b6-9c42-d3ab0002f7f8"],"settings":{"section_height":"natural","mobile_height":"auto","parallax":false,"style":"dots","autoplay":false,"autoplay_speed":5}},"hero-video":{"type":"hero-video","settings":{"title":"Bringing together the power<br>of\nscience and dermatology","title_size":45,"subheading":"","link_text":"Learn More","link":"shopify:\/\/pages\/our-story","color_accent":"rgba(0,0,0,0)","text_align":"vertical-center horizontal-center","video_url":"https:\/\/cdn.shopify.com\/videos\/c\/o\/v\/0071eb380c6f494b9ea6035ce875ee76.mp4","overlay_opacity":0,"section_height":"550px","mobile_height":"auto"}},"rich-text":{"type":"rich-text","blocks":{"e72342ee-40ea-44ff-999a-ccbe1dccabff":{"type":"text","settings":{"enlarge_text":false,"text":"<p>Experience the science backed skincare products from the trusted house of Cipla which are developed by scientists and evaluated by dermatologists.<\/p><p>Rivela Dermascience products are dermatologically tested on Indian skin by leading labs in the country for their efficacy and safety against any allergies, reactions or inflammations. These clinical tests are conducted under standardised protocols and under the guidance of dermatologists. <\/p>"}}},"block_order":["e72342ee-40ea-44ff-999a-ccbe1dccabff"],"settings":{"align_text":"center","narrow_column":true,"divider":false}},"custom-feature-product":{"type":"custom-feature-product","blocks":{"f1d0c52c-e681-4fcd-b3c8-5895420e40af":{"type":"featured_prouct_new","settings":{"product":"tinosorb-m-zinc-oxide-mineral-sunscreen"}},"46fed890-0dd2-4e78-8093-503306d9d9be":{"type":"featured_prouct_new","settings":{"product":"salicylic-acid-and-hyaluronic-acid-gel"}},"ec9a2aa1-7ef1-4812-92ab-f187b4040e3e":{"type":"featured_prouct_new","settings":{"product":"multi-peptide-under-eye-cream"}},"8a96b839-5a49-4b1c-b3b7-18d70cfc55c0":{"type":"featured_prouct_new","settings":{"product":"10-niacinamide-1-hyaluronic-acid-serum-10ml"}},"6ad032a4-1415-4713-96c8-fc0a2166adde":{"type":"featured_prouct_new","settings":{"product":"10-vitamin-c-serum-with-hyaluronic-acid-10ml"}},"1d971153-bc9a-4a80-b8ed-d86b1b310a7e":{"type":"featured_prouct_new","settings":{"product":"witch-hazel-toner"}},"2d949427-a0ee-42b7-a4fb-13cc8ba004d2":{"type":"featured_prouct_new","settings":{"product":"deep-clean-foaming-cleanser-free"}},"23a90af6-2d14-492b-9099-dd68eddb33f7":{"type":"featured_prouct_new","settings":{"product":"allantoin-and-salicylic-acid-gel"}},"9e905f64-6c75-40e8-a430-c4a29d1e6a2d":{"type":"featured_prouct_new","settings":{"product":"2-salicylic-acid-hyaluronic-acid-face-cleanser"}},"52202452-370a-4475-81b2-603cbd76b3f6":{"type":"featured_prouct_new","settings":{"product":"aha-bha-clarifying-gel"}},"5e3e39d5-817d-4e9e-9bec-95186612d727":{"type":"featured_prouct_new","settings":{"product":"ultralight-matte-dry-sunscreen-gel"}},"2f815509-f9c7-4225-8950-7e7b050f9c3b":{"type":"featured_prouct_new","settings":{"product":"copy-of-10-niacinamide-1-hyaluronic-acid-serum-30ml"}},"f7d86a62-b9a5-456c-93fc-e1250f20a500":{"type":"featured_prouct_new","settings":{"product":"10-vitamin-c-serum-with-hyaluronic-acid-30ml"}}},"block_order":["f1d0c52c-e681-4fcd-b3c8-5895420e40af","46fed890-0dd2-4e78-8093-503306d9d9be","ec9a2aa1-7ef1-4812-92ab-f187b4040e3e","8a96b839-5a49-4b1c-b3b7-18d70cfc55c0","6ad032a4-1415-4713-96c8-fc0a2166adde","1d971153-bc9a-4a80-b8ed-d86b1b310a7e","2d949427-a0ee-42b7-a4fb-13cc8ba004d2","23a90af6-2d14-492b-9099-dd68eddb33f7","9e905f64-6c75-40e8-a430-c4a29d1e6a2d","52202452-370a-4475-81b2-603cbd76b3f6","5e3e39d5-817d-4e9e-9bec-95186612d727","2f815509-f9c7-4225-8950-7e7b050f9c3b","f7d86a62-b9a5-456c-93fc-e1250f20a500"],"settings":{"show_featured_collection":true}}},"content_for_index":[],"blocks":{"12120936241911852800":{"type":"shopify:\/\/apps\/judge-me-product-reviews\/blocks\/reviews_tab\/61ccd3b1-a9f2-4160-9fe9-4fec8413e5d8","disabled":false,"settings":{"position":"right"}},"14060646107696862457":{"type":"shopify:\/\/apps\/judge-me-product-reviews\/blocks\/judgeme_core\/61ccd3b1-a9f2-4160-9fe9-4fec8413e5d8","disabled":false,"settings":{}},"11905432258600982856":{"type":"shopify:\/\/apps\/quinn-shoppable-videos\/blocks\/app-embed\/150d2781-732b-4020-a9fb-1368e974e6bb","disabled":false,"settings":{}},"10605408327587305396":{"type":"shopify:\/\/apps\/easygift\/blocks\/app-embed\/0f7d4f74-1e89-4820-aec4-6564d7e535d2","disabled":true,"settings":{"version":"v3"}}}},"presets":{"Modern":{"breadcrumb":false,"button_style":"square","cart_notes_enable":false,"cart_terms_conditions_enable":false,"cart_type":"drawer","checkout_accent_color":"#111111","checkout_body_background_color":"#ffffff","checkout_button_color":"#111111","checkout_error_color":"#ff6d6d","checkout_input_background_color_mode":"white","checkout_logo_position":"left","checkout_logo_size":"small","checkout_sidebar_background_color":"#fafafa","collection_grid_gutter":true,"collection_grid_image":"product","collection_grid_opacity":10,"collection_grid_shape":"square","collection_grid_style":"overlaid-box","collection_grid_text_align":"center","collection_grid_tint":"#000000","color_announcement":"#0f0f0f","color_announcement_text":"#ffffff","color_body_bg":"#ffffff","color_body_text":"#000000","color_borders":"#e8e8e1","color_button":"#111111","color_button_text":"#ffffff","color_cart_dot":"#ff4f33","color_drawer_background":"#ffffff","color_drawer_border":"#e8e8e1","color_drawer_button":"#111111","color_drawer_button_text":"#ffffff","color_drawer_text":"#000000","color_footer":"#ffffff","color_footer_text":"#000000","color_header":"#ffffff","color_header_text":"#000000","color_image_overlay":"#000000","color_image_overlay_text_shadow":20,"color_large_image_bg":"#0f0f0f","color_modal_overlays":"#e6e6e6","color_price":"#1c1d1d","color_savings_text":"#C20000","color_small_image_bg":"#ffffff","icon_linecaps":"miter","icon_weight":"2px","product_grid_image_size":"natural","product_hover_image":false,"quick_shop_text":"Quick view","type_base_font_family":"twentieth_century_n4","type_base_line_height":1.4,"type_base_size":18,"type_base_spacing":"25","type_body_align_text":true,"type_collection_font":"body","type_collection_size":20,"type_header_base_size":36,"type_header_capitalize":true,"type_header_font_family":"tenor_sans_n4","type_header_line_height":1,"type_header_spacing":"0","type_headers_align_text":true,"type_navigation_capitalize":true,"type_navigation_size":16,"type_navigation_style":"body","type_product_style":"body","sections":{"header":{"type":"header","blocks":{"1524770014057":{"type":"logo","settings":{"desktop_logo_width":140,"mobile_logo_width":110}},"1524770292306":{"type":"announcement","settings":{"text":"Free shipping","link_text":"On all orders over $100"}},"1524770296206":{"type":"announcement","settings":{"text":"Hassle-free returns","link_text":"30-day postage paid returns"}}},"block_order":["1524770014057","1524770292306","1524770296206"],"settings":{"main_menu_link_list":"main-menu","main_menu_alignment":"center-split","header_style":"sticky","sticky_index":false,"sticky_collection":false,"announcement_compact":true,"toolbar_menu":"top","toolbar_social":true}},"footer":{"type":"footer","blocks":{"1494301487048":{"type":"logo_social","settings":{"container_width":95}},"1494301487049":{"type":"menu","settings":{"menu":"footer","container_width":25}},"1494292487693":{"type":"newsletter","settings":{"container_width":33}}},"block_order":["1494301487049","1494292487693","1494301487048"],"settings":{"show_payment_icons":false}},"newsletter-popup":{"type":"newsletter-popup","settings":{}},"collection-header":{"type":"collection-header","settings":{"enable":true,"collection_image_enable":true,"parallax":true}}}},"Clean":{"show_breadcrumbs":true,"color_body_bg":"#ffffff","color_body_text":"#000000","color_price":"#1c1d1d","color_savings_text":"#ff4e4e","color_borders":"#e8e8e1","color_button":"#111111","color_button_text":"#ffffff","color_cart_dot":"#ff4f33","color_small_image_bg":"#e5e5e5","color_large_image_bg":"#0f0f0f","color_header":"#ffffff","color_header_text":"#000000","color_announcement":"#0f0f0f","color_announcement_text":"#ffffff","color_footer":"#ffffff","color_footer_text":"#000000","color_drawer_background":"#ffffff","color_drawer_text":"#000000","color_drawer_border":"#e8e8e1","color_drawer_button":"#111111","color_drawer_button_text":"#ffffff","color_modal_overlays":"#e6e6e6","color_image_overlay_opacity":0,"color_image_overlay_text_shadow":24,"type_header_font_family":"basic_commercial_n7","type_header_spacing":"25","type_header_base_size":38,"type_header_line_height":1,"type_header_capitalize":false,"type_headers_align_text":false,"type_base_font_family":"basic_commercial_n4","type_base_spacing":"25","type_base_size":16,"type_base_line_height":1.6,"type_body_align_text":false,"type_navigation_style":"body","type_navigation_size":18,"type_navigation_capitalize":false,"type_product_style":"heading","type_product_capitalize":false,"type_collection_font":"body","type_collection_size":24,"button_style":"square","icon_weight":"4px","icon_linecaps":"miter","quick_shop_text":"Quick view","product_grid_image_size":"square","product_hover_image":true,"collection_grid_style":"overlaid","collection_grid_shape":"square","collection_grid_image":"collection","collection_grid_text_align":"center","collection_grid_tint":"#000000","collection_grid_opacity":20,"collection_grid_gutter":true,"cart_type":"drawer","cart_notes_enable":false,"cart_terms_conditions_enable":false,"checkout_logo_position":"left","checkout_logo_size":"medium","checkout_body_background_color":"#ffffff","checkout_input_background_color_mode":"white","checkout_sidebar_background_color":"#f5f5f5","checkout_accent_color":"#682d2d","checkout_button_color":"#682d2d","checkout_error_color":"#ff6d6d","product_fixed_image_height":false,"sections":{"header":{"type":"header","blocks":{"1520882467782":{"type":"logo","settings":{"logo":"","logo-inverted":"","desktop_logo_width":200,"mobile_logo_width":140}},"1521051841065":{"type":"announcement","settings":{"text":"Free shipping","link_text":"On all orders over $100","link":"shopify:\/\/collections\/all"}},"1520888647304":{"type":"announcement","settings":{"text":"Hassle-free returns","link_text":"30-day postage paid returns","link":"shopify:\/\/collections\/all"}}},"block_order":["1520882467782","1521051841065","1520888647304"],"settings":{"main_menu_link_list":"main-menu","mega_menu_images":true,"main_menu_alignment":"left-center","header_style":"sticky","sticky_index":true,"sticky_collection":true,"announcement_compact":true,"announcement_above_header":true,"toolbar_menu":"","toolbar_social":true,"show_locale_selector":true,"show_currency_selector":true,"show_currency_flags":true}},"footer":{"type":"footer","blocks":{"1494301487049":{"type":"menu","settings":{"show_footer_title":false,"menu":"footer","container_width":25}},"1494292487693":{"type":"newsletter","settings":{"show_footer_title":true,"title":"Sign up and save","text":"<p>Subscribe to get special offers, free giveaways, and once-in-a-lifetime deals.<\/p>","container_width":30}},"1494301487048":{"type":"logo_social","settings":{"logo":"","desktop_logo_height":50,"container_width":95}}},"block_order":["1494301487049","1494292487693","1494301487048"],"settings":{"show_locale_selector":true,"show_currency_selector":true,"show_currency_flags":true,"show_payment_icons":false,"show_copyright":false,"copyright_text":""}},"newsletter-popup":{"type":"newsletter-popup","settings":{"mode":"disabled","popup_seconds":5,"popup_days":30,"popup_title":"Sign up and save","popup_image":"","popup_text":"<p>Entice customers to sign up for your mailing list with discounts or exclusive offers. Include an image for extra impact.<\/p>","close_text":"No thanks","enable_newsletter":true,"button_label":"Optional button","button_link":"","enable_button":false}},"collection-header":{"type":"collection-header","settings":{"enable":true,"collection_image_enable":true,"parallax":true}},"footer-promotions":{"type":"footer-promotions","blocks":{"footer-promotions-0":{"type":"promotion","settings":{"enable_image":true,"image":"","title":"Site-wide promotion","text":"<p>Use this section to promote content throughout every page of your site. Add images for further impact.<\/p>","button_label":"Optional button","button_link":""}},"footer-promotions-1":{"type":"promotion","settings":{"enable_image":true,"image":"","title":"Site-wide promotion","text":"<p>Use this section to promote content throughout every page of your site. Add images for further impact.<\/p>","button_label":"Optional button","button_link":""}},"footer-promotions-2":{"type":"promotion","settings":{"enable_image":true,"image":"","title":"Site-wide promotion","text":"<p>Use this section to promote content throughout every page of your site. Add images for further impact.<\/p>","button_label":"Optional button","button_link":""}}},"block_order":["footer-promotions-0","footer-promotions-1","footer-promotions-2"],"settings":{"hide_homepage":false,"image_size":"wide"}}}},"Bold":{"color_body_bg":"#000000","color_body_text":"#ffffff","color_price":"#d1ba98","color_savings_text":"#b30000","color_borders":"#2b2a27","color_button":"#9f8561","color_button_text":"#ffffff","color_cart_dot":"#b30000","color_small_image_bg":"#000000","color_large_image_bg":"#111111","color_header":"#000000","color_header_text":"#ffffff","color_announcement":"#cf2424","color_announcement_text":"#ffffff","color_footer":"#000000","color_footer_text":"#ffffff","color_drawer_background":"#000000","color_drawer_text":"#ffffff","color_drawer_border":"#2b2a27","color_drawer_button":"#9f8561","color_drawer_button_text":"#ffffff","color_modal_overlays":"#67635d","color_image_overlay":"#000000","color_image_overlay_opacity":15,"color_image_overlay_text_shadow":30,"type_header_font_family":"fjalla_one_n4","type_header_spacing":"150","type_header_base_size":45,"type_header_line_height":1.2,"type_header_capitalize":true,"type_headers_align_text":true,"type_base_font_family":"itc_conduit_n4","type_base_spacing":"50","type_base_size":18,"type_base_line_height":1.4,"type_body_align_text":true,"type_navigation_style":"heading","type_navigation_size":18,"type_product_style":"heading","type_collection_font":"heading","type_collection_size":23,"button_style":"angled","icon_weight":"5px","icon_linecaps":"miter","search_enable":false,"product_save_amount":true,"quick_shop_enable":true,"quick_shop_text":"Quick view","product_grid_image_size":"square","product_hover_image":false,"product_content_collapse_1":false,"product_content_collapse_2":true,"product_content_collapse_3":true,"collection_grid_style":"overlaid-box","collection_grid_shape":"landscape","collection_grid_image":"collection","collection_grid_text_align":"bottom-center","collection_grid_tint":"#000000","collection_grid_opacity":10,"collection_grid_gutter":true,"cart_type":"drawer","checkout_logo_position":"left","checkout_logo_size":"small","checkout_body_background_color":"#000000","checkout_input_background_color_mode":"transparent","checkout_sidebar_background_color":"#000000","checkout_heading_font":"Helvetica Neue","checkout_body_font":"Helvetica Neue","checkout_accent_color":"#ae9878","checkout_button_color":"#ae9878","checkout_error_color":"#ff6d6d","color_image_2":"#cf2424","color_image_2_opacity":0,"color_image_1":"#6d1414","color_image_1_opacity":0,"type_accent_style":"body","type_accent_bold":true,"type_accent_capitalize":true,"type_button_font":"heading","type_button_capitalize":false,"type_header_accent_transform":true,"type_base_accent_transform":true,"collection_grid_font":"heading","color_image_bg":"#000000","breadcrumb":true,"color_sale_tag":"#990000","color_input":"#ffffff","checkout_banner_background_color":"#ffffff","checkout_call_to_action_color":"#a26b25","sections":{"header":{"type":"header","blocks":{"1524768779513":{"type":"logo","settings":{}}},"block_order":["1524768779513"],"settings":{"main_menu_link_list":"main-menu","main_menu_alignment":"left-center","header_style":"normal","sticky_index":true,"sticky_collection":false,"announcement_compact":false,"toolbar_social":false}},"footer":{"type":"footer","blocks":{"1494292487693":{"type":"newsletter","settings":{}},"1526406521795":{"type":"menu","settings":{"menu":"footer","container_width":25}},"1525444454442":{"type":"logo_social","settings":{"container_width":95}}},"block_order":["1494292487693","1526406521795","1525444454442"],"settings":{"show_payment_icons":true}},"newsletter-popup":{"type":"newsletter-popup","settings":{}},"collection-header":{"type":"collection-header","settings":{"enable":true,"collection_image_enable":false,"parallax":false}}}}}}