{"name":"t:sections.footer.name","type":"footer","sections":{"footer":{"type":"footer","blocks":{"c41fe595-3366-4606-a15a-d2185babfa0c":{"type":"text","settings":{"heading":"Business Details","footer_logo":"shopify:\/\/shop_images\/website-footer--logo-png.png","subtext":"<p>Address:<\/p><p>675 N Hunt Club Blvd #1015, Longwood Florida 32779, United States<\/p><p><\/p>"}},"cefd12b5-f9a8-4787-850f-45337e3bd18a":{"type":"link_list","settings":{"heading":"Legal Information","menu":"legal-information"}},"c3bc7d82-f149-4d4c-969c-c1ca9f885546":{"type":"link_list","settings":{"heading":"Quick links","menu":"quick-links"}},"328ff7da-c7ba-40c5-975f-bb79a2c7d559":{"type":"newslatter","settings":{}}},"block_order":["c41fe595-3366-4606-a15a-d2185babfa0c","cefd12b5-f9a8-4787-850f-45337e3bd18a","c3bc7d82-f149-4d4c-969c-c1ca9f885546","328ff7da-c7ba-40c5-975f-bb79a2c7d559"],"settings":{"color_scheme":"scheme-0bdbc690-0b58-459d-bd9f-9d904bb80e2f","newsletter_enable":true,"newsletter_heading":"Subscribe For Latest Updates!","newsletter_description":"<p>Sign up for exclusive offers, original stories, events and more.<\/p>","enable_follow_on_shop":false,"show_social":true,"enable_country_selector":false,"enable_language_selector":true,"payment_enable":true,"show_policy":false,"margin_top":0,"padding_top":0,"padding_bottom":0}}},"order":["footer"]}