{"name":"t:sections.header.name","type":"header","sections":{"announcement-bar":{"type":"announcement-bar","blocks":{"announcement-bar-0":{"type":"announcement","settings":{"text":"Welcome To Our Store!","link":""}}},"block_order":["announcement-bar-0"],"settings":{"color_scheme":"scheme-0bdbc690-0b58-459d-bd9f-9d904bb80e2f","show_line_separator":true,"show_social":false,"auto_rotate":false,"change_slides_speed":5,"enable_country_selector":false,"enable_language_selector":false}},"header":{"type":"header","blocks":{"2d908025-cf11-44eb-aaa7-995bb13314ca":{"type":"shopify:\/\/apps\/wishlist-hero\/blocks\/header-icon\/a9a5079b-59e8-47cb-b659-ecf1c60b9b72","settings":{"customThemeName":"Dawn","useCustomHeaderColor":false,"customHeaderColor":"","useCustomHeaderSize":false,"customHeaderIconSize":22,"additionalIconCssClassNames":"","additionalIconStyle":"","additionalContainerClasses":"","additionalContainerStyle":"","replaceExistingClasses":false}}},"block_order":["2d908025-cf11-44eb-aaa7-995bb13314ca"],"settings":{"logo_position":"middle-left","menu":"ced-menu","menu_type_desktop":"dropdown","sticky_header_type":"on-scroll-up","show_line_separator":true,"color_scheme":"background-1","menu_color_scheme":"background-1","enable_country_selector":false,"enable_language_selector":false,"mobile_logo_position":"center","margin_bottom":0,"padding_top":0,"padding_bottom":0}}},"order":["announcement-bar","header"]}