{"sections":{"579d9c73-0e79-46b3-a29c-0b6e38459ce0":{"type":"featured-product","blocks":{"template--20214059270448__579d9c73-0e79-46b3-a29c-0b6e38459ce0-text-1":{"type":"text","disabled":true,"settings":{"text":"{{ section.settings.product.vendor }}","text_style":"uppercase"}},"template--20214059270448__579d9c73-0e79-46b3-a29c-0b6e38459ce0-title-1":{"type":"title","settings":{"heading_size":"h1"}},"dd6135f7-72a4-4e67-ae80-b275b65124ce":{"type":"price","settings":{}},"template--20214059270448__579d9c73-0e79-46b3-a29c-0b6e38459ce0-quantity_selector-1":{"type":"quantity_selector","disabled":true,"settings":{}},"template--20214059270448__579d9c73-0e79-46b3-a29c-0b6e38459ce0-variant_picker-1":{"type":"variant_picker","disabled":true,"settings":{"picker_type":"button"}},"template--20214059270448__579d9c73-0e79-46b3-a29c-0b6e38459ce0-buy_buttons-1":{"type":"buy_buttons","settings":{"show_dynamic_checkout":true}},"template--20214059270448__579d9c73-0e79-46b3-a29c-0b6e38459ce0-share-1":{"type":"share","disabled":true,"settings":{"share_label":"Share"}},"9d52b1c8-6258-461c-a36b-7f630f757bca":{"type":"text","settings":{"text":"","text_style":"uppercase"}}},"block_order":["template--20214059270448__579d9c73-0e79-46b3-a29c-0b6e38459ce0-text-1","template--20214059270448__579d9c73-0e79-46b3-a29c-0b6e38459ce0-title-1","dd6135f7-72a4-4e67-ae80-b275b65124ce","template--20214059270448__579d9c73-0e79-46b3-a29c-0b6e38459ce0-quantity_selector-1","template--20214059270448__579d9c73-0e79-46b3-a29c-0b6e38459ce0-variant_picker-1","template--20214059270448__579d9c73-0e79-46b3-a29c-0b6e38459ce0-buy_buttons-1","template--20214059270448__579d9c73-0e79-46b3-a29c-0b6e38459ce0-share-1","9d52b1c8-6258-461c-a36b-7f630f757bca"],"settings":{"product":"test","color_scheme":"background-1","secondary_background":true,"media_size":"medium","constrain_to_viewport":true,"media_fit":"contain","media_position":"left","image_zoom":"lightbox","hide_variants":false,"enable_video_looping":false,"padding_top":60,"padding_bottom":36}},"0e7fe379-ac1e-484d-a034-2db0a9a37019":{"type":"rich-text","blocks":{"template--21776777740592__0e7fe379-ac1e-484d-a034-2db0a9a37019-heading-1":{"type":"heading","settings":{"heading":"Don't Find What You're Looking For?","heading_size":"h1"}},"template--21776777740592__0e7fe379-ac1e-484d-a034-2db0a9a37019-text-1":{"type":"text","settings":{"text":"<p>Don't see what you are looking for? Customized decks assembled and designed just for you. For a free estimate go to our Official website. Graberoutdoors.com or call (660)654-3566<\/p>"}},"template--21776777740592__0e7fe379-ac1e-484d-a034-2db0a9a37019-button-1":{"type":"button","settings":{"button_label":"Free Estimate","button_link":"https:\/\/graberoutdoors.com\/contact\/","button_style_secondary":false,"button_label_2":"","button_link_2":"","button_style_secondary_2":false}}},"block_order":["template--21776777740592__0e7fe379-ac1e-484d-a034-2db0a9a37019-heading-1","template--21776777740592__0e7fe379-ac1e-484d-a034-2db0a9a37019-text-1","template--21776777740592__0e7fe379-ac1e-484d-a034-2db0a9a37019-button-1"],"settings":{"desktop_content_position":"center","content_alignment":"center","color_scheme":"","full_width":true,"padding_top":40,"padding_bottom":52}},"c4659552-0e86-435c-b503-654ea59d40bc":{"type":"video","settings":{"heading":"Video","heading_size":"h1","enable_video_looping":false,"video":"shopify:\/\/files\/videos\/vid18.mp4","video_url":"https:\/\/www.youtube.com\/watch?v=_9VUPq3SxOc","description":"","full_width":false,"color_scheme":"","padding_top":36,"padding_bottom":36}},"f9f339f5-7c7b-4bf4-a386-67291880cefa":{"type":"photo-gallery","blocks":{"7e4ec351-aa4e-4101-abe8-bcbe90715f8d":{"type":"image","settings":{"upload_image":"shopify:\/\/shop_images\/Screenshot_20231129_085042_SamsungNotes_5f7345cb-262e-4af2-a26c-4d50588ce017.jpg"}},"4451c967-fb99-40d6-8b8c-e98fb0822b20":{"type":"image","settings":{"upload_image":"shopify:\/\/shop_images\/Screenshot_20231129_085054_SamsungNotes_bb5a3ea8-d76a-45b3-83bc-04b1015b5507.jpg"}},"d42151cf-b064-46fb-a8bd-b5be46e629c2":{"type":"image","settings":{"upload_image":"shopify:\/\/shop_images\/Screenshot_20231129_085203_SamsungNotes_12429e30-e5de-4a88-ab2a-4a54794e0f7e.jpg"}},"47a0902e-650c-4718-9b1d-9e2978e7cfc9":{"type":"image","settings":{"upload_image":"shopify:\/\/shop_images\/Screenshot_20231129_085156_SamsungNotes_d9f05ba0-3d94-4fd9-a6f2-8bac12c01622.jpg"}},"d8634f13-2c93-42c9-9ac9-2f5a5acd9251":{"type":"image","settings":{"upload_image":"shopify:\/\/shop_images\/Screenshot_20231129_085314_SamsungNotes.jpg"}},"cc980aa7-cf27-4e62-bcd6-e60a97d7840b":{"type":"image","settings":{"upload_image":"shopify:\/\/shop_images\/Screenshot_20231129_085307_SamsungNotes.jpg"}}},"block_order":["7e4ec351-aa4e-4101-abe8-bcbe90715f8d","4451c967-fb99-40d6-8b8c-e98fb0822b20","d42151cf-b064-46fb-a8bd-b5be46e629c2","47a0902e-650c-4718-9b1d-9e2978e7cfc9","d8634f13-2c93-42c9-9ac9-2f5a5acd9251","cc980aa7-cf27-4e62-bcd6-e60a97d7840b"],"settings":{"title":"Photo Gallery","heading_size":"h2","heading_alignment":"left","description":"","show_description":false,"description_style":"body","products_to_show":5,"columns_desktop":3,"full_width":false,"enable_desktop_slider":false,"color_scheme":"","columns_mobile":"2","swipe_on_mobile":false,"padding_top":36,"padding_bottom":36}},"5fd19c38-3bff-4a24-87be-84d73d871801":{"type":"awards","blocks":{"df99a9eb-2ab0-46c7-a92e-b25c470ee401":{"type":"image","settings":{"upload_image":"shopify:\/\/shop_images\/badge-2_d07dc759-d685-4ca8-9370-03f6e15a69ce.png"}},"3fa979ed-6e3a-4163-91b3-72df894e6eff":{"type":"image","settings":{"upload_image":"shopify:\/\/shop_images\/badge-1.png"}},"68e4fc65-347b-49a1-b691-995caeb2e2cf":{"type":"image","settings":{"upload_image":"shopify:\/\/shop_images\/badge-3.png"}}},"block_order":["df99a9eb-2ab0-46c7-a92e-b25c470ee401","3fa979ed-6e3a-4163-91b3-72df894e6eff","68e4fc65-347b-49a1-b691-995caeb2e2cf"],"settings":{"background_image":"shopify:\/\/shop_images\/Untitled_design_ee5593f9-57d1-4724-8a61-60adeca5d598.png","heading":"<strong>Our Awards & Recognition<\/strong>","heading_size":"h1","heading_alignment":"center","padding_top":16,"padding_bottom":16}},"b8d44726-608d-4fb8-b375-db716191a49e":{"type":"image-comparison","blocks":{"c6cfead6-55f5-419c-9990-661dc4522d4d":{"type":"heading","settings":{"heading":"<strong>The Graber Outdoors Difference!<\/strong>","heading_size":"h1"}},"bf7a7182-b499-4715-a4cf-3f5058f707f6":{"type":"text","settings":{"text":"<p>Your dream deck is within your reach when you work with Graber Outdoors. We offer a broad range of construction services to enhance your outdoor living space. While Trex deck building is our main area of expertise, we do offer other aspects of backyard projects expertise as well!<\/p>","text_style":"body"}}},"block_order":["c6cfead6-55f5-419c-9990-661dc4522d4d","bf7a7182-b499-4715-a4cf-3f5058f707f6"],"settings":{"image":"shopify:\/\/shop_images\/Whitely-Before-1_1.jpg","before_content":"Before","second_image":"shopify:\/\/shop_images\/Whitely-After-1.jpg","after_content":"After","height":"adapt","desktop_image_width":"medium","layout":"text_first","desktop_content_position":"top","desktop_content_alignment":"left","content_layout":"no-overlap","mobile_content_alignment":"left","padding_top":72,"padding_bottom":36}},"1a0d5d48-0932-48bf-a604-bc727490db87":{"type":"slideshow","blocks":{"template--20214059270448__1a0d5d48-0932-48bf-a604-bc727490db87-slide-1":{"type":"slide","settings":{"image":"shopify:\/\/shop_images\/cover_c5efd968-1623-457e-9169-6dc38b7fd6b5.webp","heading":"<p><strong>Graber Outdoors<\/strong><\/p><p><strong>Premier Trex Deck Builder<\/strong><\/p>","heading_size":"h0","subheading":"Serving the kansas City & Lake of the ozarks areas","button_label":"Customize Your Deck","link":"https:\/\/87d6e6.myshopify.com\/#shopify-section-template--21541499765040__579d9c73-0e79-46b3-a29c-0b6e38459ce0","button_style_secondary":false,"box_align":"middle-center","show_text_box":false,"text_alignment":"center","image_overlay_opacity":50,"color_scheme":"accent-1","text_alignment_mobile":"center"}},"93cba2a3-f8d2-4716-856f-1247f2d17590":{"type":"slide","settings":{"image":"shopify:\/\/shop_images\/FB_IMG_1626783012071_ef1548c2-554e-4bca-8563-7d20264d6fcd.jpg","heading":"<p><strong>Making Your Home Feel Like a Vacation <\/strong><\/p>","heading_size":"h1","subheading":"","button_label":"","link":"","button_style_secondary":false,"box_align":"middle-center","show_text_box":false,"text_alignment":"center","image_overlay_opacity":40,"color_scheme":"accent-1","text_alignment_mobile":"center"}},"template--20214059270448__1a0d5d48-0932-48bf-a604-bc727490db87-slide-2":{"type":"slide","settings":{"image":"shopify:\/\/shop_images\/DJI_0256_Original_4de38eac-32d8-4ec3-a617-08151acc7fce.jpg","heading":"<p><strong>A New Generation <\/strong><\/p><p><strong>of Quality<\/strong><\/p>","heading_size":"h0","subheading":"Changing how you enjoy your home!","button_label":"Customize Your Deck","link":"https:\/\/87d6e6.myshopify.com\/#shopify-section-template--21541499765040__579d9c73-0e79-46b3-a29c-0b6e38459ce0","button_style_secondary":false,"box_align":"middle-center","show_text_box":false,"text_alignment":"center","image_overlay_opacity":50,"color_scheme":"accent-1","text_alignment_mobile":"center"}}},"block_order":["template--20214059270448__1a0d5d48-0932-48bf-a604-bc727490db87-slide-1","93cba2a3-f8d2-4716-856f-1247f2d17590","template--20214059270448__1a0d5d48-0932-48bf-a604-bc727490db87-slide-2"],"settings":{"layout":"full_bleed","slide_height":"medium","slider_visual":"counter","auto_rotate":true,"change_slides_speed":5,"image_behavior":"none","show_text_below":true,"accessibility_info":"Slideshow about our brand"}},"f3422aac-0710-4e13-a8f7-0759e3637e15":{"type":"photo-gallery","blocks":{"7cf9a218-8be0-4d30-87b2-b83737c90072":{"type":"image","settings":{"upload_image":"shopify:\/\/shop_images\/20210909_123425.jpg"}},"ea742671-ef21-4928-9a9d-771e686526a4":{"type":"image","settings":{"upload_image":"shopify:\/\/shop_images\/MAX_0141_Original_8c225ad3-f7e3-483a-b425-b61f507d2cf4.jpg"}},"4c4aa453-a8b5-4157-9d7f-c0906905ab3e":{"type":"image","settings":{"upload_image":"shopify:\/\/shop_images\/signal-2022-12-19-11-21-50-651_Original-2.jpg"}},"8d383222-a4c8-49da-b096-6b5de2f6a49b":{"type":"image","settings":{"upload_image":"shopify:\/\/shop_images\/The-Meinke-Project-3.jpg"}},"131cd973-7822-4f4c-9d2a-5d47f67870aa":{"type":"image","settings":{"upload_image":"shopify:\/\/shop_images\/signal-2023-01-16-08-11-34-686_Original_e12c6791-1f9b-49d3-9a9d-5cc049df5924.jpg"}},"084907c6-de50-4c0c-a739-5b5c0c74a35d":{"type":"image","settings":{"upload_image":"shopify:\/\/shop_images\/FB_IMG_1626783012071_143ce1ac-53f0-4163-8312-0f691a433cf3.jpg"}},"e79a13e7-d7df-41dd-b97d-a12efa95c644":{"type":"image","settings":{}}},"block_order":["7cf9a218-8be0-4d30-87b2-b83737c90072","ea742671-ef21-4928-9a9d-771e686526a4","4c4aa453-a8b5-4157-9d7f-c0906905ab3e","8d383222-a4c8-49da-b096-6b5de2f6a49b","131cd973-7822-4f4c-9d2a-5d47f67870aa","084907c6-de50-4c0c-a739-5b5c0c74a35d","e79a13e7-d7df-41dd-b97d-a12efa95c644"],"settings":{"title":"<strong>Photo Gallery<\/strong>","heading_size":"h1","heading_alignment":"center","description":"","show_description":false,"description_style":"body","products_to_show":15,"columns_desktop":5,"full_width":true,"enable_desktop_slider":true,"color_scheme":"background-1","columns_mobile":"2","swipe_on_mobile":true,"padding_top":36,"padding_bottom":36}}},"order":["579d9c73-0e79-46b3-a29c-0b6e38459ce0","0e7fe379-ac1e-484d-a034-2db0a9a37019","c4659552-0e86-435c-b503-654ea59d40bc","f9f339f5-7c7b-4bf4-a386-67291880cefa","5fd19c38-3bff-4a24-87be-84d73d871801","b8d44726-608d-4fb8-b375-db716191a49e","1a0d5d48-0932-48bf-a604-bc727490db87","f3422aac-0710-4e13-a8f7-0759e3637e15"]}