{"sections":{"main":{"type":"main-product","blocks":{"vendor":{"type":"text","settings":{"text":"{{ product.vendor }}","text_style":"uppercase"}},"title":{"type":"title","settings":{}},"1207d966-9e7b-4b4d-9622-605c824713c0":{"type":"shopify:\/\/apps\/product-reviews\/blocks\/star_rating\/bae150af-8da8-48b2-9867-398188115e5f","settings":{"stars_fill_color":"#000000","star_size":15,"text_align":"center","product":"{{product}}","stars_text_empty":"No reviews"}},"price":{"type":"price","settings":{}},"quantity_selector":{"type":"quantity_selector","settings":{}},"variant_picker":{"type":"variant_picker","settings":{"picker_type":"button"}},"buy_buttons":{"type":"buy_buttons","settings":{"show_dynamic_checkout":true,"show_gift_card_recipient":false}},"description":{"type":"description","settings":{}},"share":{"type":"share","settings":{"share_label":"Share"}}},"block_order":["vendor","title","1207d966-9e7b-4b4d-9622-605c824713c0","price","quantity_selector","variant_picker","buy_buttons","description","share"],"settings":{"enable_sticky_info":true,"media_size":"large","constrain_to_viewport":true,"media_fit":"contain","gallery_layout":"stacked","media_position":"left","image_zoom":"lightbox","mobile_thumbnails":"hide","hide_variants":true,"enable_video_looping":false,"padding_top":36,"padding_bottom":12}},"related-products":{"type":"related-products","settings":{"heading":"You may also like","heading_size":"h2","products_to_show":4,"columns_desktop":4,"color_scheme":"background-1","image_ratio":"square","image_shape":"default","show_secondary_image":true,"show_vendor":false,"show_rating":false,"columns_mobile":"2","padding_top":36,"padding_bottom":28}},"16908830484d8e9a48":{"type":"apps","blocks":{"66f440e5-d34c-4ab5-8be7-63268fcc87d9":{"type":"shopify:\/\/apps\/product-reviews\/blocks\/reviews\/bae150af-8da8-48b2-9867-398188115e5f","settings":{}}},"block_order":["66f440e5-d34c-4ab5-8be7-63268fcc87d9"],"settings":{"include_margins":true}}},"order":["main","related-products","16908830484d8e9a48"]}