{"current":{"logo":"shopify:\/\/shop_images\/graber-logo_9e9dce0f-5b8a-4f62-88e2-7dd96833f137.png","logo_width":110,"favicon":"shopify:\/\/shop_images\/graber-logo.png","body_color":"#ececec","type_header_font":"dm_sans_n4","heading_scale":100,"type_body_font":"roboto_n4","body_scale":100,"page_width":1400,"spacing_sections":0,"spacing_grid_horizontal":8,"spacing_grid_vertical":8,"animations_reveal_on_scroll":true,"animations_hover_elements":"none","buttons_border_thickness":1,"buttons_border_opacity":100,"buttons_radius":40,"buttons_shadow_opacity":0,"buttons_shadow_horizontal_offset":0,"buttons_shadow_vertical_offset":4,"buttons_shadow_blur":10,"variant_pills_border_thickness":1,"variant_pills_border_opacity":55,"variant_pills_radius":40,"variant_pills_shadow_opacity":0,"variant_pills_shadow_horizontal_offset":0,"variant_pills_shadow_vertical_offset":4,"variant_pills_shadow_blur":5,"inputs_border_thickness":1,"inputs_border_opacity":55,"inputs_radius":10,"inputs_shadow_opacity":0,"inputs_shadow_horizontal_offset":0,"inputs_shadow_vertical_offset":4,"inputs_shadow_blur":5,"card_style":"standard","card_image_padding":0,"card_text_alignment":"left","card_color_scheme":"accent-1","card_border_thickness":0,"card_border_opacity":10,"card_corner_radius":0,"card_shadow_opacity":0,"card_shadow_horizontal_offset":0,"card_shadow_vertical_offset":4,"card_shadow_blur":5,"collection_card_style":"standard","collection_card_image_padding":0,"collection_card_text_alignment":"left","collection_card_color_scheme":"accent-1","collection_card_border_thickness":0,"collection_card_border_opacity":10,"collection_card_corner_radius":0,"collection_card_shadow_opacity":0,"collection_card_shadow_horizontal_offset":0,"collection_card_shadow_vertical_offset":4,"collection_card_shadow_blur":5,"blog_card_style":"standard","blog_card_image_padding":0,"blog_card_text_alignment":"left","blog_card_color_scheme":"background-1","blog_card_border_thickness":0,"blog_card_border_opacity":10,"blog_card_corner_radius":0,"blog_card_shadow_opacity":0,"blog_card_shadow_horizontal_offset":0,"blog_card_shadow_vertical_offset":4,"blog_card_shadow_blur":5,"text_boxes_border_thickness":0,"text_boxes_border_opacity":10,"text_boxes_radius":0,"text_boxes_shadow_opacity":0,"text_boxes_shadow_horizontal_offset":0,"text_boxes_shadow_vertical_offset":4,"text_boxes_shadow_blur":5,"media_border_thickness":1,"media_border_opacity":5,"media_radius":0,"media_shadow_opacity":0,"media_shadow_horizontal_offset":0,"media_shadow_vertical_offset":4,"media_shadow_blur":5,"popup_border_thickness":1,"popup_border_opacity":10,"popup_corner_radius":0,"popup_shadow_opacity":0,"popup_shadow_horizontal_offset":0,"popup_shadow_vertical_offset":4,"popup_shadow_blur":5,"drawer_border_thickness":1,"drawer_border_opacity":10,"drawer_shadow_opacity":0,"drawer_shadow_horizontal_offset":0,"drawer_shadow_vertical_offset":4,"drawer_shadow_blur":5,"badge_position":"bottom left","badge_corner_radius":40,"sale_badge_color_scheme":"accent-1","sold_out_badge_color_scheme":"background-1","brand_headline":"Social Media","brand_description":"<p><\/p>","brand_image_width":100,"social_facebook_link":"Facebook","social_instagram_link":"Instagram","social_youtube_link":"YouTube","social_tiktok_link":"","social_twitter_link":"Twitter","social_snapchat_link":"","social_pinterest_link":"","social_tumblr_link":"","social_vimeo_link":"","predictive_search_enabled":false,"predictive_search_show_vendor":false,"predictive_search_show_price":false,"currency_code_enabled":false,"cart_type":"page","show_vendor":false,"show_cart_note":false,"cart_drawer_collection":"","sections":{"main-password-header":{"type":"main-password-header","settings":{"color_scheme":"background-1"}},"main-password-footer":{"type":"main-password-footer","settings":{"color_scheme":"background-1"}}},"content_for_index":[],"color_schemes":{"background-1":{"settings":{"background":"#ffffff","background_gradient":"","text":"#121212","button":"#dd1d1d","button_label":"#f1efe9","secondary_button_label":"#121212","shadow":"#000000"}},"background-2":{"settings":{"background":"#203538","background_gradient":"","text":"#ffffff","button":"#ffffff","button_label":"#1d7874","secondary_button_label":"#ffffff","shadow":"rgba(0,0,0,0)"}},"inverse":{"settings":{"background":"rgba(0,0,0,0)","background_gradient":"","text":"#ffffff","button":"#ffffff","button_label":"#394b4e","secondary_button_label":"#ffffff","shadow":"#121212"}},"accent-1":{"settings":{"background":"#f1efe9","background_gradient":"linear-gradient(180deg, rgba(32, 32, 40, 0.79) 37%, rgba(180, 3, 3, 0.74) 80%)","text":"#ffffff","button":"#dd1d1d","button_label":"#ffffff","secondary_button_label":"#ffffff","shadow":"#000000"}},"accent-2":{"settings":{"background":"rgba(0,0,0,0)","background_gradient":"","text":"#000000","button":"#1d7874","button_label":"#ffffff","secondary_button_label":"#1d7874","shadow":"#121212"}},"scheme-215e25d8-c983-43bb-b27a-56ca1ba09299":{"settings":{"background":"#1d7874","background_gradient":"","text":"#ffffff","button":"#ffffff","button_label":"#1d7874","secondary_button_label":"#ffffff","shadow":"#ffffff"}},"scheme-51700a65-95c6-4dfe-b799-4e5d5ccd0219":{"settings":{"background":"#f1efe9","background_gradient":"","text":"rgba(0,0,0,0)","button":"rgba(0,0,0,0)","button_label":"rgba(0,0,0,0)","secondary_button_label":"rgba(0,0,0,0)","shadow":"rgba(0,0,0,0)"}},"scheme-eb5e4e83-9ab2-4726-8b3f-3ee630883400":{"settings":{"background":"#e4e4e4","background_gradient":"","text":"#121212","button":"#dd1d1d","button_label":"#f1efe9","secondary_button_label":"#121212","shadow":"#000000"}}}},"presets":{"Default":{"logo_width":90,"color_schemes":{"background-1":{"settings":{"background":"#FFFFFF","background_gradient":"","text":"#121212","button":"#121212","button_label":"#FFFFFF","secondary_button_label":"#121212","shadow":"#121212"}},"background-2":{"settings":{"background":"#F3F3F3","background_gradient":"","text":"#121212","button":"#121212","button_label":"#F3F3F3","secondary_button_label":"#121212","shadow":"#121212"}},"inverse":{"settings":{"background":"#242833","background_gradient":"","text":"#FFFFFF","button":"#FFFFFF","button_label":"#000000","secondary_button_label":"#FFFFFF","shadow":"#121212"}},"accent-1":{"settings":{"background":"#121212","background_gradient":"","text":"#FFFFFF","button":"#FFFFFF","button_label":"#121212","secondary_button_label":"#FFFFFF","shadow":"#121212"}},"accent-2":{"settings":{"background":"#334FB4","background_gradient":"","text":"#FFFFFF","button":"#FFFFFF","button_label":"#334FB4","secondary_button_label":"#FFFFFF","shadow":"#121212"}}},"type_header_font":"assistant_n4","heading_scale":100,"type_body_font":"assistant_n4","body_scale":100,"page_width":1200,"spacing_sections":0,"spacing_grid_horizontal":8,"spacing_grid_vertical":8,"animations_reveal_on_scroll":true,"animations_hover_elements":"none","buttons_border_thickness":1,"buttons_border_opacity":100,"buttons_radius":0,"buttons_shadow_opacity":0,"buttons_shadow_horizontal_offset":0,"buttons_shadow_vertical_offset":4,"buttons_shadow_blur":5,"variant_pills_border_thickness":1,"variant_pills_border_opacity":55,"variant_pills_radius":40,"variant_pills_shadow_opacity":0,"variant_pills_shadow_horizontal_offset":0,"variant_pills_shadow_vertical_offset":4,"variant_pills_shadow_blur":5,"inputs_border_thickness":1,"inputs_border_opacity":55,"inputs_radius":0,"inputs_shadow_opacity":0,"inputs_shadow_horizontal_offset":0,"inputs_shadow_vertical_offset":4,"inputs_shadow_blur":5,"card_style":"standard","card_image_padding":0,"card_text_alignment":"left","card_color_scheme":"background-2","card_border_thickness":0,"card_border_opacity":10,"card_corner_radius":0,"card_shadow_opacity":0,"card_shadow_horizontal_offset":0,"card_shadow_vertical_offset":4,"card_shadow_blur":5,"collection_card_style":"standard","collection_card_image_padding":0,"collection_card_text_alignment":"left","collection_card_color_scheme":"background-2","collection_card_border_thickness":0,"collection_card_border_opacity":10,"collection_card_corner_radius":0,"collection_card_shadow_opacity":0,"collection_card_shadow_horizontal_offset":0,"collection_card_shadow_vertical_offset":4,"collection_card_shadow_blur":5,"blog_card_style":"standard","blog_card_image_padding":0,"blog_card_text_alignment":"left","blog_card_color_scheme":"background-2","blog_card_border_thickness":0,"blog_card_border_opacity":10,"blog_card_corner_radius":0,"blog_card_shadow_opacity":0,"blog_card_shadow_horizontal_offset":0,"blog_card_shadow_vertical_offset":4,"blog_card_shadow_blur":5,"text_boxes_border_thickness":0,"text_boxes_border_opacity":10,"text_boxes_radius":0,"text_boxes_shadow_opacity":0,"text_boxes_shadow_horizontal_offset":0,"text_boxes_shadow_vertical_offset":4,"text_boxes_shadow_blur":5,"media_border_thickness":1,"media_border_opacity":5,"media_radius":0,"media_shadow_opacity":0,"media_shadow_horizontal_offset":0,"media_shadow_vertical_offset":4,"media_shadow_blur":5,"popup_border_thickness":1,"popup_border_opacity":10,"popup_corner_radius":0,"popup_shadow_opacity":0,"popup_shadow_horizontal_offset":0,"popup_shadow_vertical_offset":4,"popup_shadow_blur":5,"drawer_border_thickness":1,"drawer_border_opacity":10,"drawer_shadow_opacity":0,"drawer_shadow_horizontal_offset":0,"drawer_shadow_vertical_offset":4,"drawer_shadow_blur":5,"badge_position":"bottom left","badge_corner_radius":40,"sale_badge_color_scheme":"accent-2","sold_out_badge_color_scheme":"inverse","brand_headline":"","brand_description":"<p><\/p>","brand_image_width":100,"social_twitter_link":"","social_facebook_link":"","social_pinterest_link":"","social_instagram_link":"","social_tiktok_link":"","social_tumblr_link":"","social_snapchat_link":"","social_youtube_link":"","social_vimeo_link":"","predictive_search_enabled":true,"predictive_search_show_vendor":false,"predictive_search_show_price":false,"currency_code_enabled":true,"cart_type":"notification","show_vendor":false,"show_cart_note":false,"cart_drawer_collection":"","sections":{"main-password-header":{"type":"main-password-header","settings":{"color_scheme":"background-1"}},"main-password-footer":{"type":"main-password-footer","settings":{"color_scheme":"background-1"}}}}}}