{"sections":{"69ca01dc-9513-428c-9d4d-062bc03a226e":{"type":"image-banner","blocks":{"template--21494759424292__69ca01dc-9513-428c-9d4d-062bc03a226e-heading-1":{"type":"heading","settings":{"heading":"Image banner","heading_size":"h1"}},"template--21494759424292__69ca01dc-9513-428c-9d4d-062bc03a226e-text-1":{"type":"text","disabled":true,"settings":{"text":"Give customers details about the banner image(s) or content on the template.","text_style":"body"}},"template--21494759424292__69ca01dc-9513-428c-9d4d-062bc03a226e-buttons-1":{"type":"buttons","disabled":true,"settings":{"button_label_1":"Button label","button_link_1":"","button_style_secondary_1":false,"button_label_2":"Button label","button_link_2":"","button_style_secondary_2":false}}},"block_order":["template--21494759424292__69ca01dc-9513-428c-9d4d-062bc03a226e-heading-1","template--21494759424292__69ca01dc-9513-428c-9d4d-062bc03a226e-text-1","template--21494759424292__69ca01dc-9513-428c-9d4d-062bc03a226e-buttons-1"],"settings":{"image":"shopify:\/\/shop_images\/All-collection-default-banner_084c28b7-2ef3-4490-9bbc-7bd4da171b36.jpg","image_overlay_opacity":0,"image_height":"adapt","desktop_content_position":"middle-center","show_text_box":false,"desktop_content_alignment":"center","color_scheme":"scheme-8138cd38-5c85-4fb4-a95c-82b19556d11f","image_behavior":"none","mobile_content_alignment":"center","stack_images_on_mobile":false,"show_text_below":false}},"banner":{"type":"main-collection-banner","disabled":true,"settings":{"show_collection_description":true,"show_collection_image":false,"color_scheme":"accent-2"}},"inner-banner":{"type":"inner-banner","disabled":true,"settings":{"banner_media":"shopify:\/\/shop_images\/All-collection-default-banner.jpg","color_scheme":"","padding_top":100,"padding_bottom":100}},"product-grid":{"type":"main-collection-product-grid","settings":{"products_per_page":24,"columns_desktop":4,"color_scheme":"background-1","image_ratio":"square","image_shape":"default","show_secondary_image":false,"show_vendor":false,"show_rating":true,"enable_quick_add":true,"enable_filtering":false,"filter_type":"vertical","enable_sorting":true,"columns_mobile":"1","padding_top":80,"padding_bottom":80}}},"order":["69ca01dc-9513-428c-9d4d-062bc03a226e","banner","inner-banner","product-grid"]}