{"sections":{"190a062e-24f3-4934-b04e-e04d966813c6":{"type":"slideshow","blocks":{"template--21494759719204__190a062e-24f3-4934-b04e-e04d966813c6-slide-1":{"type":"slide","settings":{"image":"shopify:\/\/shop_images\/Banner-1.jpg","image_mob":"shopify:\/\/shop_images\/Banner-1_7f134453-2bde-46c0-b69d-351615c9be91.jpg","heading":"Unleash the Power of Elegance with Our Women'sWear Collection","heading_size":"h2","subheading":"Kotore is your go-to destination for chic and versatile women's wear that speaks to your unique style","button_label":"Shop Now","link":"shopify:\/\/collections\/womens-wear","button_style_secondary":false,"box_align":"middle-center","show_text_box":false,"text_alignment":"center","image_overlay_opacity":0,"color_scheme":"background-1","text_alignment_mobile":"center"}},"131c88c4-764c-42b0-a13d-61592e08ff6c":{"type":"slide","settings":{"image":"shopify:\/\/shop_images\/Banner-2_5b000e26-778b-40de-ab4a-e262daebd678.jpg","image_mob":"shopify:\/\/shop_images\/Mobile-Banner-2.jpg","heading":"Redefine Your Style with Our Exclusive Men'sWear Collection","heading_size":"h2","subheading":"Experience the epitome of modern masculinity with our thoughtfully curated men's wear collection","button_label":"Shop Now","link":"shopify:\/\/collections\/mens-wear","button_style_secondary":false,"box_align":"middle-left","show_text_box":false,"text_alignment":"left","image_overlay_opacity":0,"color_scheme":"","text_alignment_mobile":"center"}},"7dbfcd20-f482-4b46-931a-6bd339810ad3":{"type":"slide","settings":{"image":"shopify:\/\/shop_images\/Banner-3.jpg","image_mob":"shopify:\/\/shop_images\/Banner-3_71e215ec-c1f0-44bc-bd01-fcf4a2400dce.jpg","heading":"Redefine Your Style with Our Exclusive Men'sWear Collection","heading_size":"h2","subheading":"Experience the epitome of modern masculinity with our thoughtfully curated men's wear collection","button_label":"Shop Now","link":"shopify:\/\/collections\/mens-wear","button_style_secondary":false,"box_align":"middle-left","show_text_box":false,"text_alignment":"left","image_overlay_opacity":0,"color_scheme":"","text_alignment_mobile":"center"}}},"block_order":["template--21494759719204__190a062e-24f3-4934-b04e-e04d966813c6-slide-1","131c88c4-764c-42b0-a13d-61592e08ff6c","7dbfcd20-f482-4b46-931a-6bd339810ad3"],"settings":{"layout":"full_bleed","slide_height":"adapt_image","slider_visual":"arrow","auto_rotate":true,"change_slides_speed":5,"image_behavior":"none","show_text_below":true,"accessibility_info":"Slideshow about our brand"}},"8dd8b439-a52e-48db-8296-5be2615f6091":{"type":"multicolumn","blocks":{"template--21494759719204__8dd8b439-a52e-48db-8296-5be2615f6091-column-1":{"type":"column","settings":{"image":"shopify:\/\/shop_images\/Delivery.svg","title":"","text":"<p><strong>Free Shipping<br\/><\/strong>Luxury Shouldn't Come With An Additional Cost<\/p>","link_label":"","link":""}},"8ea39643-4c32-4f9b-b9f8-95dbb7d20014":{"type":"column","settings":{"image":"shopify:\/\/shop_images\/Guarantee.svg","title":"","text":"<p><strong>Hassle-Free Returns<br\/><\/strong>Your Satisfaction Is Our Priority, From Selection To Post-Purchase<br\/><\/p>","link_label":"","link":""}},"b142699f-1fd5-49dd-867b-7b5f5a05e535":{"type":"column","settings":{"image":"shopify:\/\/shop_images\/Return_595c583e-646b-4fb8-a3e8-a8f9028b2e0a.svg","title":"","text":"<p><strong>100 % Authentic Guaranteed<\/strong><br\/>Exquisite Craftsmanship, Unparalleled Quality<\/p>","link_label":"","link":""}},"d1743ecd-389b-417d-83bd-e70429b56477":{"type":"column","settings":{"image":"shopify:\/\/shop_images\/Customer_Support.svg","title":"","text":"<p><strong>Contact us<\/strong><br\/>Exceptional Customer Support Every Step of the Way<\/p>","link_label":"","link":""}}},"block_order":["template--21494759719204__8dd8b439-a52e-48db-8296-5be2615f6091-column-1","8ea39643-4c32-4f9b-b9f8-95dbb7d20014","b142699f-1fd5-49dd-867b-7b5f5a05e535","d1743ecd-389b-417d-83bd-e70429b56477"],"settings":{"shipping_content":true,"title":"","heading_size":"h1","image_width":"third","image_ratio":"adapt","columns_desktop":4,"column_alignment":"left","background_style":"none","button_label":"","button_link":"","color_scheme":"background-2","columns_mobile":"1","swipe_on_mobile":true,"padding_top":24,"padding_bottom":24}},"8d8c1fc6-0a93-4a9b-8a51-cae57810441b":{"type":"collection-grid","blocks":{"c44d63c0-7d07-4871-bd60-c01497e317dc":{"type":"left_block","settings":{"title":"Unveiling Style's Latest Chapter","description":"Our freshest arrivals, meticulously curated to elevate your wardrobe","button_text":"Shop Now","button_link":"shopify:\/\/collections\/new-arrivals","image":"shopify:\/\/shop_images\/Men_s-Wear-1_71b324c7-745f-4468-b7b3-892527500ea0.jpg","image_link":"shopify:\/\/collections\/mens-sweat-shirts"}},"c193514d-9a39-4476-8c29-b2ce7e37eb95":{"type":"center_block","settings":{"image":"shopify:\/\/shop_images\/Women-handbag-1.jpg","link":"shopify:\/\/collections\/handbags"}},"54e3abb1-0cf7-4944-a51f-c2d6fb794c97":{"type":"right_block","settings":{"title":"Step into Elegance","description":"Our exquisite collection of women's shoes range from sophisticated heels to comfortable flats","button_text":"Shop Now","button_link":"shopify:\/\/collections\/shoes","image":"shopify:\/\/shop_images\/women_s-wear_fe361284-0cff-4dbb-8db3-5fa1dcdac890.jpg","image_link":"shopify:\/\/collections\/womens-wear"}}},"block_order":["c44d63c0-7d07-4871-bd60-c01497e317dc","c193514d-9a39-4476-8c29-b2ce7e37eb95","54e3abb1-0cf7-4944-a51f-c2d6fb794c97"],"settings":{"heading":"Curated Shops","short_text":"Curated shops offer thoughtfully selected products, catering to specific tastes, and providing a unique, personalized shopping experience.","padding_top":40,"padding_bottom":40,"color_scheme":""}},"06bcd6f6-5a68-4e49-876a-d6250b363bc1":{"type":"featured-collection","settings":{"title":"Discover Our Personalized Recommendations","heading_size":"h2","description":"<p>Curated picks that align perfectly with your preferences<\/p>","show_description":false,"description_style":"body","collection":"best-seller","products_to_show":8,"columns_desktop":4,"full_width":false,"show_view_all":true,"view_all_style":"solid","enable_desktop_slider":false,"color_scheme":"background-1","image_ratio":"square","image_shape":"default","show_secondary_image":true,"show_vendor":false,"show_rating":true,"enable_quick_add":true,"columns_mobile":"1","swipe_on_mobile":true,"padding_top":0,"padding_bottom":48}},"41ba30f6-3bbf-4e72-ac59-7a97c8d901f6":{"type":"category","blocks":{"f7ba3416-ce46-47bc-8211-4512ef42f289":{"type":"categories","settings":{"title":"Coats\/Jackets","image":"shopify:\/\/shop_images\/JACKET-_-COAT.jpg","select_category":"coats-jackets"}},"153650a9-a31c-41d5-9077-53067b48827e":{"type":"categories","settings":{"title":"Cold Weather Accessories","image":"shopify:\/\/shop_images\/Cold-Weather.jpg","select_category":"cold-weather-accessories"}},"90659dcc-be46-485d-b33f-24a760ef065d":{"type":"categories","settings":{"title":"Handbags","image":"shopify:\/\/shop_images\/Handbags.jpg","select_category":"handbags"}},"814a3ca6-d38c-4eda-9f2f-66eeceb4ff4c":{"type":"categories","settings":{"title":"Sale","image":"shopify:\/\/shop_images\/Sales_26ccd35e-b451-4f03-9d5b-27b02ad6688f.jpg","select_category":"sale"}}},"block_order":["f7ba3416-ce46-47bc-8211-4512ef42f289","153650a9-a31c-41d5-9077-53067b48827e","90659dcc-be46-485d-b33f-24a760ef065d","814a3ca6-d38c-4eda-9f2f-66eeceb4ff4c"],"settings":{"layout":"left_image_right_grid","color_scheme":"background-1","title":"Fall wear","image":"shopify:\/\/shop_images\/Women-image_8f1b6bfa-bb4f-4aaa-af96-35b0f859d987.jpg","featured_collection":"womens-wear","padding_top":0,"padding_bottom":48}},"11313f50-f2e1-4495-8fc7-4ae379f3d792":{"type":"slideshow","blocks":{"d508c405-799f-42ef-8cb7-67d8861614cd":{"type":"slide","settings":{"image":"shopify:\/\/shop_images\/Mid-Banner.jpg","image_mob":"shopify:\/\/shop_images\/Mid-banner_c0a7a8f3-d829-4ad9-bbd5-2f794ec4c126.jpg","heading":"Unveiling Our Women's Fall Wear Collection","heading_size":"h2","subheading":"Carry Style in Every Hand: Explore Our Chic Handbag Collection","button_label":"Shop Now","link":"shopify:\/\/collections\/handbags","button_style_secondary":false,"box_align":"middle-left","show_text_box":false,"text_alignment":"left","image_overlay_opacity":0,"color_scheme":"background-2","text_alignment_mobile":"center"}}},"block_order":["d508c405-799f-42ef-8cb7-67d8861614cd"],"settings":{"layout":"full_bleed","slide_height":"adapt_image","slider_visual":"counter","auto_rotate":true,"change_slides_speed":5,"image_behavior":"none","show_text_below":true,"accessibility_info":"Slideshow about our brand"}},"899b0dad-fa11-4379-bc21-c01b51bb4ee2":{"type":"featured-collection","settings":{"title":"Elevate Your Style: Discover the Perfect Accessories for Every Occasion","heading_size":"h2","description":"<p>Discover the perfect accessories to express yourself <br\/>and elevate your outfit effortlessly. <\/p>","show_description":false,"description_style":"body","collection":"fruugo-collection","products_to_show":8,"columns_desktop":4,"full_width":false,"show_view_all":true,"view_all_style":"solid","enable_desktop_slider":true,"color_scheme":"background-1","image_ratio":"square","image_shape":"default","show_secondary_image":true,"show_vendor":false,"show_rating":true,"enable_quick_add":true,"columns_mobile":"1","swipe_on_mobile":true,"padding_top":0,"padding_bottom":48}},"ac3848b1-a09c-4f2d-9c7d-09b4511e82f0":{"type":"category","blocks":{"fda9757f-2f6d-4867-9e92-c7fb986053b2":{"type":"categories","settings":{"title":"T-Shirt","image":"shopify:\/\/shop_images\/TSHIRT.jpg","select_category":"tshirts"}},"43c5b1d9-9afc-44ea-979b-b14725e944ba":{"type":"categories","settings":{"title":"Swimwear","image":"shopify:\/\/shop_images\/swimwear.jpg","select_category":"swimwear"}},"e18d3209-de1d-4ff8-90a3-254a47c7b5f0":{"type":"categories","settings":{"title":"Shorts","image":"shopify:\/\/shop_images\/Shorts.jpg","select_category":"shorts"}},"7cb9b887-5f7e-427d-b40e-e790ebb9a13e":{"type":"categories","settings":{"title":"Men's Shoes","image":"shopify:\/\/shop_images\/Men-Shoes.jpg","select_category":"men-shoes"}}},"block_order":["fda9757f-2f6d-4867-9e92-c7fb986053b2","43c5b1d9-9afc-44ea-979b-b14725e944ba","e18d3209-de1d-4ff8-90a3-254a47c7b5f0","7cb9b887-5f7e-427d-b40e-e790ebb9a13e"],"settings":{"layout":"right_image_left_grid","color_scheme":"background-1","title":"Summer collection","image":"shopify:\/\/shop_images\/Men-image.jpg","featured_collection":"mens-wear","padding_top":0,"padding_bottom":48}}},"order":["190a062e-24f3-4934-b04e-e04d966813c6","8dd8b439-a52e-48db-8296-5be2615f6091","8d8c1fc6-0a93-4a9b-8a51-cae57810441b","06bcd6f6-5a68-4e49-876a-d6250b363bc1","41ba30f6-3bbf-4e72-ac59-7a97c8d901f6","11313f50-f2e1-4495-8fc7-4ae379f3d792","899b0dad-fa11-4379-bc21-c01b51bb4ee2","ac3848b1-a09c-4f2d-9c7d-09b4511e82f0"]}