{"sections":{"main":{"type":"main-page","disabled":true,"settings":{"padding_top":28,"padding_bottom":28}},"777518d4-6710-4208-8741-5a8da014331e":{"type":"slideshow","blocks":{"template--21561688719652__777518d4-6710-4208-8741-5a8da014331e-slide-1":{"type":"slide","settings":{"image":"shopify:\/\/shop_images\/FAQ.jpg","image_mob":"shopify:\/\/shop_images\/women_s-wear_2a852935-7e12-4826-a8d3-120e9be62bff.jpg","heading":"Faq's","heading_size":"h1","subheading":"","button_label":"","link":"","button_style_secondary":false,"box_align":"middle-center","show_text_box":false,"text_alignment":"center","image_overlay_opacity":30,"color_scheme":"inverse","text_alignment_mobile":"center"}}},"block_order":["template--21561688719652__777518d4-6710-4208-8741-5a8da014331e-slide-1"],"settings":{"layout":"full_bleed","slide_height":"adapt_image","slider_visual":"counter","auto_rotate":false,"change_slides_speed":5,"image_behavior":"none","show_text_below":false,"accessibility_info":"Slideshow about our brand"}},"d6cc2123-2b0a-4b35-9e7f-18cb6ce7b34f":{"type":"collapsible-content","blocks":{"template--21561688719652__d6cc2123-2b0a-4b35-9e7f-18cb6ce7b34f-collapsible_row-1":{"type":"collapsible_row","settings":{"heading":"Questions","icon":"none","row_content":"<p>To be eligible for a return, your item must be in the same condition that you received it, unworn or unused, with tags, and in its original packaging. You’ll also need the receipt or proof of purchase.<\/p>","page":""}},"7e5e733d-7038-4007-8ba7-9166bc40ce15":{"type":"collapsible_row","settings":{"heading":"Questions","icon":"none","row_content":"<p>To be eligible for a return, your item must be in the same condition that you received it, unworn or unused, with tags, and in its original packaging. You’ll also need the receipt or proof of purchase.<\/p>","page":""}},"05ddebac-0b2f-403e-afd9-2614eec9baa5":{"type":"collapsible_row","settings":{"heading":"Questions","icon":"none","row_content":"<p>To be eligible for a return, your item must be in the same condition that you received it, unworn or unused, with tags, and in its original packaging. You’ll also need the receipt or proof of purchase.<\/p>","page":""}},"36340930-ec6c-4a80-96dc-1ef527473fba":{"type":"collapsible_row","settings":{"heading":"Questions","icon":"none","row_content":"<p>To be eligible for a return, your item must be in the same condition that you received it, unworn or unused, with tags, and in its original packaging. You’ll also need the receipt or proof of purchase.<\/p>","page":""}}},"block_order":["template--21561688719652__d6cc2123-2b0a-4b35-9e7f-18cb6ce7b34f-collapsible_row-1","7e5e733d-7038-4007-8ba7-9166bc40ce15","05ddebac-0b2f-403e-afd9-2614eec9baa5","36340930-ec6c-4a80-96dc-1ef527473fba"],"settings":{"caption":"","heading":"Shipping","heading_size":"h1","heading_alignment":"center","layout":"row","color_scheme":"","container_color_scheme":"","open_first_collapsible_row":true,"image_ratio":"adapt","desktop_layout":"image_second","padding_top":48,"padding_bottom":48}},"40d9fac2-3692-463a-8c72-dc3e23499142":{"type":"collapsible-content","blocks":{"1a05bfdb-fcd6-4f8e-88b5-b805f54e7a20":{"type":"collapsible_row","settings":{"heading":"Questions","icon":"none","row_content":"<p>To be eligible for a return, your item must be in the same condition that you received it, unworn or unused, with tags, and in its original packaging. You’ll also need the receipt or proof of purchase.<\/p>","page":""}},"5b67a214-bc2f-446d-a97f-b0653485a33b":{"type":"collapsible_row","settings":{"heading":"Questions","icon":"none","row_content":"<p>To be eligible for a return, your item must be in the same condition that you received it, unworn or unused, with tags, and in its original packaging. You’ll also need the receipt or proof of purchase.<\/p>","page":""}},"63ebbbdc-bf1c-454d-bc5a-2f8fabe81ec7":{"type":"collapsible_row","settings":{"heading":"Questions","icon":"none","row_content":"<p>To be eligible for a return, your item must be in the same condition that you received it, unworn or unused, with tags, and in its original packaging. You’ll also need the receipt or proof of purchase.<\/p>","page":""}},"e100ef65-f393-4764-848b-a6c700835102":{"type":"collapsible_row","settings":{"heading":"Questions","icon":"none","row_content":"<p>To be eligible for a return, your item must be in the same condition that you received it, unworn or unused, with tags, and in its original packaging. You’ll also need the receipt or proof of purchase.<\/p>","page":""}}},"block_order":["1a05bfdb-fcd6-4f8e-88b5-b805f54e7a20","5b67a214-bc2f-446d-a97f-b0653485a33b","63ebbbdc-bf1c-454d-bc5a-2f8fabe81ec7","e100ef65-f393-4764-848b-a6c700835102"],"settings":{"caption":"","heading":"Return","heading_size":"h1","heading_alignment":"center","layout":"row","color_scheme":"","container_color_scheme":"","open_first_collapsible_row":true,"image_ratio":"adapt","desktop_layout":"image_second","padding_top":0,"padding_bottom":48}}},"order":["main","777518d4-6710-4208-8741-5a8da014331e","d6cc2123-2b0a-4b35-9e7f-18cb6ce7b34f","40d9fac2-3692-463a-8c72-dc3e23499142"]}