{"sections":{"164a050e-affb-4b80-a8cd-91c01a60ae3c":{"type":"slideshow","blocks":{"template--21561688686884__164a050e-affb-4b80-a8cd-91c01a60ae3c-slide-1":{"type":"slide","settings":{"image":"shopify:\/\/shop_images\/About-us.jpg","image_mob":"shopify:\/\/shop_images\/women_s-wear_2a852935-7e12-4826-a8d3-120e9be62bff.jpg","heading":"About Us","heading_size":"h1","subheading":"","button_label":"","link":"","button_style_secondary":false,"box_align":"middle-center","show_text_box":false,"text_alignment":"center","image_overlay_opacity":40,"color_scheme":"scheme-1871dfdc-ee8c-48d4-b54c-a031991800f0","text_alignment_mobile":"center"}}},"block_order":["template--21561688686884__164a050e-affb-4b80-a8cd-91c01a60ae3c-slide-1"],"settings":{"layout":"full_bleed","slide_height":"adapt_image","slider_visual":"counter","auto_rotate":false,"change_slides_speed":5,"image_behavior":"none","show_text_below":false,"accessibility_info":"Slideshow about our brand"}},"main":{"type":"main-page","disabled":true,"settings":{"padding_top":28,"padding_bottom":28}},"ac1b759d-e133-45c4-a0a3-d81497b1b54c":{"type":"rich-text","blocks":{"template--21561688686884__ac1b759d-e133-45c4-a0a3-d81497b1b54c-heading-1":{"type":"heading","disabled":true,"settings":{"heading":"","heading_size":"h1"}},"template--21561688686884__ac1b759d-e133-45c4-a0a3-d81497b1b54c-text-1":{"type":"text","settings":{"text":"<p>Kotore is an ecommerce retailer in business for over 13 years. Kotore aims to provide a seamless shopping experience to all its customers by offering a wide range of 100% authentic designer clothing, shoes and accessories.  Our company’s mission is to become a one-stop-shop for all your fashion needs while offering impeccable customer service, easy returns, and fast, reliable shipping.<\/p>"}},"template--21561688686884__ac1b759d-e133-45c4-a0a3-d81497b1b54c-button-1":{"type":"button","disabled":true,"settings":{"button_label":"Button label","button_link":"","button_style_secondary":false,"button_label_2":"","button_link_2":"","button_style_secondary_2":false}}},"block_order":["template--21561688686884__ac1b759d-e133-45c4-a0a3-d81497b1b54c-heading-1","template--21561688686884__ac1b759d-e133-45c4-a0a3-d81497b1b54c-text-1","template--21561688686884__ac1b759d-e133-45c4-a0a3-d81497b1b54c-button-1"],"settings":{"desktop_content_position":"center","content_alignment":"center","color_scheme":"","full_width":true,"padding_top":60,"padding_bottom":60}}},"order":["164a050e-affb-4b80-a8cd-91c01a60ae3c","main","ac1b759d-e133-45c4-a0a3-d81497b1b54c"]}