{"sections":{"main":{"type":"main-page","disabled":true,"settings":{"padding_top":36,"padding_bottom":36}},"69f3a035-3bba-41da-9e40-8efa023321f8":{"type":"slideshow","blocks":{"template--21494759784740__69f3a035-3bba-41da-9e40-8efa023321f8-slide-1":{"type":"slide","settings":{"image":"shopify:\/\/shop_images\/Contact-us.jpg","image_mob":"shopify:\/\/shop_images\/women_s-wear_2a852935-7e12-4826-a8d3-120e9be62bff.jpg","heading":"Contact Us","heading_size":"h1","subheading":"","button_label":"","link":"","button_style_secondary":false,"box_align":"middle-center","show_text_box":false,"text_alignment":"center","image_overlay_opacity":30,"color_scheme":"accent-1","text_alignment_mobile":"center"}},"template--21494759784740__69f3a035-3bba-41da-9e40-8efa023321f8-slide-2":{"type":"slide","disabled":true,"settings":{"heading":"Image slide","heading_size":"h1","subheading":"Tell your brand's story through images","button_label":"Button label","link":"","button_style_secondary":false,"box_align":"middle-center","show_text_box":true,"text_alignment":"center","image_overlay_opacity":0,"color_scheme":"","text_alignment_mobile":"center"}}},"block_order":["template--21494759784740__69f3a035-3bba-41da-9e40-8efa023321f8-slide-1","template--21494759784740__69f3a035-3bba-41da-9e40-8efa023321f8-slide-2"],"settings":{"layout":"full_bleed","slide_height":"adapt_image","slider_visual":"counter","auto_rotate":false,"change_slides_speed":5,"image_behavior":"none","show_text_below":false,"accessibility_info":"Slideshow about our brand"}},"54b853ef-1036-441c-a2d0-708b91e0249b":{"type":"rich-text","blocks":{"template--21494759784740__54b853ef-1036-441c-a2d0-708b91e0249b-heading-1":{"type":"heading","disabled":true,"settings":{"heading":"Talk about your brand","heading_size":"h1"}},"template--21494759784740__54b853ef-1036-441c-a2d0-708b91e0249b-button-1":{"type":"button","disabled":true,"settings":{"button_label":"Button label","button_link":"","button_style_secondary":false,"button_label_2":"","button_link_2":"","button_style_secondary_2":false}}},"block_order":["template--21494759784740__54b853ef-1036-441c-a2d0-708b91e0249b-heading-1","template--21494759784740__54b853ef-1036-441c-a2d0-708b91e0249b-button-1"],"settings":{"desktop_content_position":"center","content_alignment":"left","color_scheme":"","full_width":true,"padding_top":60,"padding_bottom":0}},"form":{"type":"contact-form","settings":{"heading":"","heading_size":"h1","color_scheme":"background-1","padding_top":48,"padding_bottom":60}}},"order":["main","69f3a035-3bba-41da-9e40-8efa023321f8","54b853ef-1036-441c-a2d0-708b91e0249b","form"]}