{"sections":{"main":{"type":"main-product","blocks":{"vendor":{"type":"text","settings":{"text":"{{ product.vendor }}","text_style":"uppercase"}},"title":{"type":"title","settings":{}},"cc990983-993d-4b58-a660-a8a5358017ff":{"type":"shopify:\/\/apps\/judge-me-reviews\/blocks\/preview_badge\/61ccd3b1-a9f2-4160-9fe9-4fec8413e5d8","settings":{}},"price":{"type":"price","settings":{}},"variant_picker":{"type":"variant_picker","settings":{"picker_type":"dropdown"}},"quantity_selector":{"type":"quantity_selector","settings":{}},"buy_buttons":{"type":"buy_buttons","settings":{"show_dynamic_checkout":true,"show_gift_card_recipient":true}},"description":{"type":"description","settings":{}},"ea2ab192-a507-43b2-baf2-fe9e7cdf8b0e":{"type":"collapsible_tab","settings":{"heading":"Refund & Returns Policy","icon":"none","content":"","page":"refund-returns-policy"}},"share":{"type":"share","disabled":true,"settings":{"share_label":"Share"}}},"block_order":["vendor","title","cc990983-993d-4b58-a660-a8a5358017ff","price","variant_picker","quantity_selector","buy_buttons","description","ea2ab192-a507-43b2-baf2-fe9e7cdf8b0e","share"],"settings":{"enable_sticky_info":true,"color_scheme":"background-1","media_size":"medium","constrain_to_viewport":true,"media_fit":"contain","gallery_layout":"thumbnail_slider","media_position":"left","image_zoom":"lightbox","mobile_thumbnails":"hide","hide_variants":true,"enable_video_looping":true,"enable_accordian":true,"padding_top":48,"padding_bottom":48}},"17007242354af13c6f":{"type":"apps","blocks":{"b7f95692-3e3b-443a-a2cb-e947137d5468":{"type":"shopify:\/\/apps\/judge-me-reviews\/blocks\/ugc_media_grid\/61ccd3b1-a9f2-4160-9fe9-4fec8413e5d8","settings":{}},"5abbbc49-386e-4657-875d-39b07b4dca9a":{"type":"shopify:\/\/apps\/judge-me-reviews\/blocks\/medals\/61ccd3b1-a9f2-4160-9fe9-4fec8413e5d8","disabled":true,"settings":{}},"a49657a8-5ff1-44bb-a3da-efa682ad66fd":{"type":"shopify:\/\/apps\/judge-me-reviews\/blocks\/featured_carousel\/61ccd3b1-a9f2-4160-9fe9-4fec8413e5d8","disabled":true,"settings":{"maxwidth":1080}}},"block_order":["b7f95692-3e3b-443a-a2cb-e947137d5468","5abbbc49-386e-4657-875d-39b07b4dca9a","a49657a8-5ff1-44bb-a3da-efa682ad66fd"],"settings":{"include_margins":true}},"related-products":{"type":"related-products","settings":{"heading":"You May Also Like","heading_size":"h2","products_to_show":4,"columns_desktop":4,"color_scheme":"background-1","image_ratio":"square","image_shape":"default","show_secondary_image":false,"show_vendor":false,"show_rating":true,"enable_quick_add":true,"columns_mobile":"1","padding_top":48,"padding_bottom":48}}},"order":["main","17007242354af13c6f","related-products"]}