{"sections":{"main":{"type":"article-template","settings":{"image_hero":true,"blog_show_tags":true,"blog_show_date":false,"blog_show_comments":true,"blog_show_author":false,"social_sharing_blog":true}},"blog-posts":{"type":"blog-posts","disabled":true,"settings":{"title":"You may also like","blog":"","post_limit":3,"blog_show_tags":false,"blog_show_date":true,"blog_show_comments":false,"blog_show_author":false,"view_all":true,"blog_image_size":"natural","divider":false}}},"order":["main","blog-posts"]}