{"sections":{"636c4be0-e26a-4b91-9826-e1e7cc87e321":{"type":"slideshow","blocks":{"template--15714505097422__636c4be0-e26a-4b91-9826-e1e7cc87e321-image-1":{"type":"image","settings":{"top_subheading":"","title":"","title_size":80,"subheading":"","link":"","link_text":"","link_2":"","link_text_2":"","color_accent":"rgba(0,0,0,0)","text_align":"vertical-center horizontal-center","image":"shopify:\/\/shop_images\/Website_Banner_AdobeExpress_1.gif","image_mobile":"shopify:\/\/shop_images\/Mobile_Banner_1_AdobeExpress.gif","overlay_opacity":0,"focal_point":"center center"}}},"block_order":["template--15714505097422__636c4be0-e26a-4b91-9826-e1e7cc87e321-image-1"],"disabled":true,"settings":{"section_height":"550px","mobile_height":"auto","parallax":false,"style":"bars","autoplay":false,"autoplay_speed":5}},"166358375074c0e16d":{"type":"apps","blocks":{"23e82810-25be-418e-9aa8-db32b0cb03c5":{"type":"shopify:\/\/apps\/quinn-shoppable-videos\/blocks\/app-stories-block\/150d2781-732b-4020-a9fb-1368e974e6bb","settings":{"story_spacing_desktop":20,"story_spacing_mobile":10,"story_margins_mobile":"0","story_margins_desktop":"0","story_padding_mobile":"15px","story_padding_desktop":"0","layer_number":"1"}}},"block_order":["23e82810-25be-418e-9aa8-db32b0cb03c5"],"settings":{"full_width":false,"space_around":false}},"slideshow":{"type":"slideshow","blocks":{"e0b6d524-f468-4395-8048-ef89fa8f5c11":{"type":"image","disabled":true,"settings":{"top_subheading":"","title":"","title_size":80,"subheading":"","link":"shopify:\/\/collections\/sun-protection","link_text":"","link_2":"","link_text_2":"","color_accent":"rgba(0,0,0,0)","text_align":"vertical-center horizontal-center","image":"shopify:\/\/shop_images\/Sunscreen-offer-2880x1200-_1.jpg","image_mobile":"shopify:\/\/shop_images\/Sunscreen-offer-900x1600-_1.jpg","overlay_opacity":0,"focal_point":"center center"}},"5699d68b-5fe8-41d2-ba90-ec4bf6409725":{"type":"image","disabled":true,"settings":{"top_subheading":"","title":"","title_size":80,"subheading":"","link":"shopify:\/\/collections\/all-active-products","link_text":"","link_2":"","link_text_2":"","color_accent":"rgba(0,0,0,0)","text_align":"vertical-center horizontal-center","image":"shopify:\/\/shop_images\/10-20_Offer_2880x1200_72930eeb-22cd-4ecd-be4d-38269125e77a.png","image_mobile":"shopify:\/\/shop_images\/10-20_Offer_900x1600_67b5e2b3-84f0-48b9-bbed-2d36f6ce5878.png","overlay_opacity":0,"focal_point":"center center"}},"4703f6ec-26f3-49a6-a0b9-fc5429b8dfac":{"type":"image","disabled":true,"settings":{"top_subheading":"","title":"","title_size":80,"subheading":"","link":"shopify:\/\/collections\/flat-599","link_text":"","link_2":"","link_text_2":"","color_accent":"rgba(0,0,0,0)","text_align":"vertical-center horizontal-center","image":"shopify:\/\/shop_images\/AcneCareDuo2_2880x1200_688b28e5-9e97-42b4-9f2b-2a888727e8e7.png","image_mobile":"shopify:\/\/shop_images\/AcneCareDuo2_900x1600_37e61e41-795b-49ff-a3af-a5058ef25e74.png","overlay_opacity":0,"focal_point":"center center"}},"e8ae47f9-cf59-49bc-b3cd-ced906218508":{"type":"image","settings":{"top_subheading":"","title":"","title_size":60,"subheading":"","link":"shopify:\/\/collections\/shop-all","link_text":"","link_2":"","link_text_2":"","color_accent":"#000000","text_align":"vertical-bottom horizontal-center","image":"shopify:\/\/shop_images\/20_-Offer-2880x1200.jpg","image_mobile":"shopify:\/\/shop_images\/20_-Offer-900x1600.jpg","overlay_opacity":0,"focal_point":"center center"}},"5164a864-df5d-4420-9785-4293642460d2":{"type":"image","settings":{"top_subheading":"","title":"","title_size":80,"subheading":"","link":"shopify:\/\/products\/combo-for-oily-skin","link_text":"","link_2":"","link_text_2":"","color_accent":"rgba(0,0,0,0)","text_align":"vertical-center horizontal-center","image":"shopify:\/\/shop_images\/MonsoonCombo_Oily_Website_Banner_1.jpg","image_mobile":"shopify:\/\/shop_images\/MonsoonCombo_Oily_Mobile_Banner_2_d1f9a8a4-9dd7-45d9-978c-e88fa750df68.jpg","overlay_opacity":0,"focal_point":"center center"}},"e4bf97e5-105f-48ab-86c2-8ccc3792986b":{"type":"image","settings":{"top_subheading":"","title":"","title_size":80,"subheading":"","link":"shopify:\/\/products\/combo-for-normal-skin-to-dry-skin","link_text":"","link_2":"","link_text_2":"","color_accent":"rgba(0,0,0,0)","text_align":"vertical-center horizontal-center","image":"shopify:\/\/shop_images\/MonsoonCombo_Normal_Website_Banner_1.png","image_mobile":"shopify:\/\/shop_images\/MonsoonCombo_Normal_Mobile_Banner.png","overlay_opacity":0,"focal_point":"center center"}},"75e705e5-deb2-4f0e-9736-f29e7120fbcf":{"type":"image","disabled":true,"settings":{"top_subheading":"","title":"","title_size":80,"subheading":"","link":"shopify:\/\/products\/under-eye-cream","link_text":"","link_2":"","link_text_2":"","color_accent":"rgba(0,0,0,0)","text_align":"vertical-center horizontal-center","image":"shopify:\/\/shop_images\/Image_20230323_154544_378.jpg","image_mobile":"shopify:\/\/shop_images\/Image_20230323_154544_344.jpg","overlay_opacity":0,"focal_point":"center center"}},"d8d114de-a9a2-49e8-b6d1-3c9c0203727d":{"type":"image","disabled":true,"settings":{"top_subheading":"","title":"","title_size":80,"subheading":"","link":"shopify:\/\/products\/niacinamide-serum","link_text":"","link_2":"","link_text_2":"","color_accent":"rgba(0,0,0,0)","text_align":"vertical-center horizontal-center","image":"shopify:\/\/shop_images\/SerumOffer_Niacinamide_2880x1200_a2188836-044c-48d9-850c-10cb4845f24d.jpg","image_mobile":"shopify:\/\/shop_images\/SerumOffer_Niacinamide_900x1600_412be7cf-1945-432e-8710-9fbeb9ea01e6.jpg","overlay_opacity":0,"focal_point":"center center"}},"bebed645-8564-4ef4-a35b-8a81fc1b54ca":{"type":"image","settings":{"top_subheading":"","title":"","title_size":80,"subheading":"","link":"shopify:\/\/products\/anti-ageing-duo","link_text":"","link_2":"","link_text_2":"","color_accent":"rgba(0,0,0,0)","text_align":"vertical-center horizontal-center","image":"shopify:\/\/shop_images\/anti-aging-duo_banner.jpg","image_mobile":"shopify:\/\/shop_images\/anti-aging-duo_story1.jpg","overlay_opacity":0,"focal_point":"center center"}},"b781588b-fb16-401b-a582-fc52baeacfc2":{"type":"image","settings":{"top_subheading":"","title":"","title_size":50,"subheading":"","link":"shopify:\/\/collections\/all","link_text":"","link_2":"","link_text_2":"","color_accent":"#1c1d1d","text_align":"vertical-center horizontal-center","image":"shopify:\/\/shop_images\/B2G1_2880x1200_903aec3e-c6e5-4e3e-924c-c0ab42b4ea3d.jpg","image_mobile":"shopify:\/\/shop_images\/B2G1_900x1600_7b4d0385-85fb-4d12-ad24-5fa6379d0a24.jpg","overlay_opacity":0,"focal_point":"center center"}},"171b6eac-35a9-448e-b3a4-42fbff404823":{"type":"image","settings":{"top_subheading":"","title":"","title_size":40,"subheading":"","link":"shopify:\/\/products\/rivela-dermascience-radiance-kit-routine-for-glowing-skin-set-of-4-with-free-pouch-cleanser-moisturiser-vitamin-c-serum-sunscreen-perfect-gifting-combo","link_text":"","link_2":"","link_text_2":"","color_accent":"#1c1d1d","text_align":"vertical-center horizontal-center","image":"shopify:\/\/shop_images\/RadianceKit_1.jpg","image_mobile":"shopify:\/\/shop_images\/RadianceKit_Reel_Story.png","overlay_opacity":0,"focal_point":"center center"}},"8657b153-bf01-48a0-8bca-57d1e90158c9":{"type":"image","settings":{"top_subheading":"Protects & NOURISHES Skin","title":"Niacinamide Serum","title_size":50,"subheading":"for Acne Marks Reduction & Hydration","link":"shopify:\/\/products\/niacinamide-serum","link_text":"SHOP NOW","link_2":"","link_text_2":"","color_accent":"#1c1d1d","text_align":"vertical-center horizontal-left","image":"shopify:\/\/shop_images\/Serum-banner-4_35cb6e4d-b936-422f-9876-fa21b26bbc6b_1.jpg","image_mobile":"shopify:\/\/shop_images\/Serum-banner-4-Mobile_1d802889-2011-4f75-87f7-c5d9f396f320_1.jpg","overlay_opacity":4,"focal_point":"center center"}},"00bd6b5f-15c1-4df8-8e12-0a14deca72bc":{"type":"image","settings":{"top_subheading":"bringing together","title":"The Power of Science<br>and Dermatology","title_size":66,"subheading":"","link":"shopify:\/\/pages\/our-story","link_text":"LEARN MORE","link_2":"","link_text_2":"","color_accent":"#1c1d1d","text_align":"vertical-center horizontal-left","image":"shopify:\/\/shop_images\/Derma-science-2_50d94001-3536-4d4a-a7aa-e17e9ecd68f9_1.jpg","image_mobile":"shopify:\/\/shop_images\/Derma-Science-Banner-Mobile_fe8b08e3-ce17-4cdf-b28a-f037c30d6f3a_1.jpg","overlay_opacity":0,"focal_point":"center center"}},"98f6521d-440b-420a-80d4-fce42e742741":{"type":"image","disabled":true,"settings":{"top_subheading":"","title":"Two line\ntitle slide.","title_size":80,"subheading":"And optional subtext","link":"","link_text":"Optional button","link_2":"","link_text_2":"","color_accent":"rgba(0,0,0,0)","text_align":"vertical-center horizontal-center","overlay_opacity":0,"focal_point":"center center"}}},"block_order":["e0b6d524-f468-4395-8048-ef89fa8f5c11","5699d68b-5fe8-41d2-ba90-ec4bf6409725","4703f6ec-26f3-49a6-a0b9-fc5429b8dfac","e8ae47f9-cf59-49bc-b3cd-ced906218508","5164a864-df5d-4420-9785-4293642460d2","e4bf97e5-105f-48ab-86c2-8ccc3792986b","75e705e5-deb2-4f0e-9736-f29e7120fbcf","d8d114de-a9a2-49e8-b6d1-3c9c0203727d","bebed645-8564-4ef4-a35b-8a81fc1b54ca","b781588b-fb16-401b-a582-fc52baeacfc2","171b6eac-35a9-448e-b3a4-42fbff404823","8657b153-bf01-48a0-8bca-57d1e90158c9","00bd6b5f-15c1-4df8-8e12-0a14deca72bc","98f6521d-440b-420a-80d4-fce42e742741"],"settings":{"section_height":"natural","mobile_height":"auto","parallax":false,"style":"arrows","autoplay":true,"autoplay_speed":8}},"16635837729df6a3f8":{"type":"apps","blocks":{"05c1c4e8-6fef-4c2f-a1e4-6499d9ae60aa":{"type":"shopify:\/\/apps\/quinn-shoppable-videos\/blocks\/app-cards-block\/150d2781-732b-4020-a9fb-1368e974e6bb","settings":{"layer_number":"1","card_spacing_desktop":20,"card_spacing_mobile":10,"card_margins_desktop":"0","card_margins_mobile":"0","card_padding_desktop":"0","card_padding_mobile":"0"}}},"block_order":["05c1c4e8-6fef-4c2f-a1e4-6499d9ae60aa"],"settings":{"full_width":false,"space_around":true}},"rich-text":{"type":"rich-text","blocks":{"c0fda137-1a99-4475-aaba-6b972df0d8a5":{"type":"heading","settings":{"title":"WHY EXPERIMENT WITH YOUR SKIN?"}},"840032f1-fb06-491e-8389-9a7ecc1759e8":{"type":"text","settings":{"enlarge_text":false,"text":"<p>Experience the science backed skincare products from the trusted house of Cipla which are developed by scientists and evaluated by dermatologists.<\/p><p>Rivela Dermascience products are dermatologically tested on Indian skin by leading labs in the country for their efficacy and safety against any allergies, reactions or inflammations. These clinical tests are conducted under standardised protocols and under the guidance of dermatologists.<\/p>"}},"50874e20-460f-4959-8539-c4ceeaaa8ae8":{"type":"button","disabled":true,"settings":{"link":"","link_text":"Know More"}}},"block_order":["c0fda137-1a99-4475-aaba-6b972df0d8a5","840032f1-fb06-491e-8389-9a7ecc1759e8","50874e20-460f-4959-8539-c4ceeaaa8ae8"],"settings":{"align_text":"center","narrow_column":true,"divider":false}},"1639559175832418d0":{"type":"featured-collection","settings":{"title":"BEST SELLERS","home_featured_products":"best-seller","per_row":4,"rows":1,"mobile_scrollable":false,"view_all":false,"divider":false}},"16419917472c890d96":{"type":"slideshow","blocks":{"1641991747b350948a-0":{"type":"image","settings":{"top_subheading":"","title":"","title_size":50,"subheading":"","link":"","link_text":"","link_2":"","link_text_2":"","color_accent":"rgba(0,0,0,0)","text_align":"vertical-center horizontal-center","image":"shopify:\/\/shop_images\/Trust-Badges_0f61881a-8053-4d5e-8bf5-3b9edd2ca0bb.jpg","image_mobile":"shopify:\/\/shop_images\/Trust-Badges-Mobile_63add84e-e97b-46ee-a251-eb79c0f290b3.jpg","overlay_opacity":0,"focal_point":"center center"}}},"block_order":["1641991747b350948a-0"],"settings":{"section_height":"450px","mobile_height":"auto","parallax":false,"style":"bars","autoplay":true,"autoplay_speed":5}},"1639559169684a83d2":{"type":"logo-list","blocks":{"163955916959fb95ed-0":{"type":"logo_image","settings":{"image":"shopify:\/\/shop_images\/Trust-Badge-Mineral-oil-free.png","link":""}},"163955916959fb95ed-1":{"type":"logo_image","settings":{"image":"shopify:\/\/shop_images\/Trust-Badge-Paraben-free.png","link":""}},"163955916959fb95ed-2":{"type":"logo_image","settings":{"image":"shopify:\/\/shop_images\/Trust-Badge-derma.png","link":""}},"163955916959fb95ed-3":{"type":"logo_image","settings":{"image":"shopify:\/\/shop_images\/Trust-Badge-not-tested-on-animals.png","link":""}},"34e92e38-041b-4bec-b6d7-fe977f90e90a":{"type":"logo_image","settings":{"image":"shopify:\/\/shop_images\/Trust-Badge-SLS-free.png","link":""}}},"block_order":["163955916959fb95ed-0","163955916959fb95ed-1","163955916959fb95ed-2","163955916959fb95ed-3","34e92e38-041b-4bec-b6d7-fe977f90e90a"],"disabled":true,"settings":{"title":"OUR COMMITMENTS","logo_opacity":100,"divider":false}},"164026638000871c9c":{"type":"slideshow","blocks":{"1640266380665f1be8-0":{"type":"image","disabled":true,"settings":{"top_subheading":"Broad spectrum UV protection","title":"SPF50 PA+++","title_size":50,"subheading":"","link":"shopify:\/\/collections\/sun-protection","link_text":"Explore now","link_2":"","link_text_2":"","color_accent":"#1c1d1d","text_align":"vertical-center horizontal-center","image":"shopify:\/\/shop_images\/Sunscreen-Banner_20dd3731-247a-4456-b2d2-c2a705c3253d.jpg","image_mobile":"shopify:\/\/shop_images\/Sunscreen-Mobile-Banner_d20041cd-2a9a-4dde-a3ea-a23bfa82e584.jpg","overlay_opacity":0,"focal_point":"center center"}},"dc94aec4-2eef-45e1-a792-51729700f325":{"type":"image","settings":{"top_subheading":"BROAD SPECTRUM UV PROTECTION","title":"SPF50, PA+++","title_size":50,"subheading":"","link":"shopify:\/\/collections\/sun-protection","link_text":"Shop Now","link_2":"","link_text_2":"","color_accent":"#1c1d1d","text_align":"vertical-center horizontal-center","image":"shopify:\/\/shop_images\/Sunscreen-Banner_20dd3731-247a-4456-b2d2-c2a705c3253d.jpg","image_mobile":"shopify:\/\/shop_images\/Sunscreen-Mobile-Banner_0c496e01-2a33-487e-872f-982f8cae6a11.jpg","overlay_opacity":0,"focal_point":"center center"}}},"block_order":["1640266380665f1be8-0","dc94aec4-2eef-45e1-a792-51729700f325"],"settings":{"section_height":"550px","mobile_height":"auto","parallax":false,"style":"bars","autoplay":true,"autoplay_speed":5}},"promo-grid2":{"type":"promo-grid","blocks":{"promo2-1":{"type":"sale_collection","settings":{"sale_collection":"acne","top_text":"Up to","middle_text":"50% off","bottom_text":"Select products","width":"50","color_tint":"#000000","color_tint_opacity":0,"boxed":false,"framed":true}},"promo2-2":{"type":"sale_collection","settings":{"sale_collection":"dry-dull-skin","top_text":"Up to","middle_text":"25% off","bottom_text":"across website","width":"50","color_tint":"#000000","color_tint_opacity":0,"boxed":false,"framed":true}}},"block_order":["promo2-1","promo2-2"],"disabled":true,"settings":{"full_width":false,"gutter_size":20,"space_above":true,"space_below":true}},"promo-grid":{"type":"promo-grid","blocks":{"promo-0":{"type":"advanced","settings":{"subheading":"","heading":"","textarea":"","cta_text1":"","cta_link1":"","cta_text2":"","cta_link2":"","image":"shopify:\/\/shop_images\/Regimen-Builder-2_8f112dc7-6598-4eb6-95cb-ad069d252313.jpg","video_url":"","width":"50","height":500,"text_size":100,"text_align":"vertical-center horizontal-center","focal_point":"center","color_accent":"rgba(0,0,0,0)","boxed":false,"framed":false}},"promo-1":{"type":"advanced","settings":{"subheading":"Hello, skin goals.","heading":"Build Your Own Custom Routine","textarea":"Personalised skincare routine with actives that suit you.","cta_text1":"Take the Rivela Skin assessment","cta_link1":"https:\/\/riveladermascience.com\/pages\/skin-assessment","cta_text2":"","cta_link2":"","image":"shopify:\/\/shop_images\/1.jpg","video_url":"","width":"50","height":300,"text_size":100,"text_align":"vertical-center horizontal-center","focal_point":"center","color_accent":"#000000","boxed":false,"framed":true}}},"block_order":["promo-0","promo-1"],"settings":{"full_width":true,"gutter_size":0,"space_above":true,"space_below":false}},"1640267064e1179596":{"type":"text-and-image","settings":{"image":"shopify:\/\/shop_images\/Vit-C-2-a.jpg","image2":"shopify:\/\/shop_images\/Vit-C-1_f7d27b17-4100-4e8b-91c5-cfe05fea7247.jpg","image_width":700,"subtitle":"for Nourished and Glowing Skin","title":"10% Vitamin C Serum with Hyaluronic Acid","text":"","button_label":"Shop Now","button_link":"shopify:\/\/products\/10-c-vitamin-serum","button_style":"primary","align_text":"center","layout":"right","divider":false}},"1640267467c820627b":{"type":"text-and-image","settings":{"image":"shopify:\/\/shop_images\/Under-Eye-1_664075e1-84ee-4104-a04b-64ccdfe33ade.jpg","image2":"shopify:\/\/shop_images\/Under-Eye-2_b9aa0426-503b-41d6-a53a-605a2d1c083f.jpg","image_width":700,"subtitle":"for Dark Circles and Fine Lines","title":"Multi Peptide Under Eye Cream","text":"","button_label":"Shop Now","button_link":"shopify:\/\/products\/under-eye-cream","button_style":"primary","align_text":"center","layout":"left","divider":false}},"164223956736f96be2":{"type":"rich-text","blocks":{"164223956719f29876-0":{"type":"heading","settings":{"title":"Why experiment with your skin?"}},"164223956719f29876-1":{"type":"text","settings":{"enlarge_text":false,"text":"<p>At Rivela Dermascience, we believe in the power of you taking control of your results with proven ingredients that actually work. <br\/>Combining the best in dermatology and skincare science, Rivela range of products are scientifically formulated leveraging decades of expertise from Cipla and are co-developed with dermatologists, the true experts in skincare.<\/p>"}}},"block_order":["164223956719f29876-0","164223956719f29876-1"],"disabled":true,"settings":{"align_text":"center","narrow_column":true,"divider":false}},"1642588199359efdcb":{"type":"slideshow","blocks":{"16425881997e5853e2-0":{"type":"image","settings":{"top_subheading":"CLEANSER | TONER | MOISTURIZER","title":"Shop Our Power Combo","title_size":50,"subheading":"","link":"#","link_text":"SHOP NOW","link_2":"","link_text_2":"","color_accent":"#1c1d1d","text_align":"vertical-center horizontal-left","image":"shopify:\/\/shop_images\/Pack-of-3-Banner_cc3d67df-91aa-436b-8122-8eb8caef640a.jpg","image_mobile":"shopify:\/\/shop_images\/Pack-of-3-Banner-Mobile_6e51dee7-16d0-4397-8bc3-7e9dac22f8d8.jpg","overlay_opacity":0,"focal_point":"center center"}},"16425881997e5853e2-1":{"type":"image","disabled":true,"settings":{"top_subheading":"","title":"Two line\ntitle slide.","title_size":80,"subheading":"And big, beautiful imagery","link":"","link_text":"Optional button","link_2":"","link_text_2":"","color_accent":"rgba(0,0,0,0)","text_align":"vertical-center horizontal-center","overlay_opacity":0,"focal_point":"center center"}}},"block_order":["16425881997e5853e2-0","16425881997e5853e2-1"],"disabled":true,"settings":{"section_height":"natural","mobile_height":"auto","parallax":false,"style":"bars","autoplay":true,"autoplay_speed":5}},"1640782392957684e1":{"type":"logo-list","blocks":{"1640782392ce235d98-0":{"type":"logo_image","settings":{"image":"shopify:\/\/shop_images\/Vitamin-C_70897def-7f07-4454-9e2a-4fbd5570f4df.png","link":"shopify:\/\/collections\/vitamin-c"}},"1640782392ce235d98-1":{"type":"logo_image","settings":{"image":"shopify:\/\/shop_images\/Niacinamide_d50219f1-dedc-4b17-80ce-d5f535285078.png","link":"shopify:\/\/collections\/niacinamide"}},"1640782392ce235d98-2":{"type":"logo_image","settings":{"image":"shopify:\/\/shop_images\/Salicyclic-Acid_ebeda68f-7cf8-4766-bfc4-f79a580dd579.png","link":"shopify:\/\/collections\/salicylic-acid"}},"1640782392ce235d98-3":{"type":"logo_image","settings":{"image":"shopify:\/\/shop_images\/Hyaluronic-Acid_e4a6a0c5-6481-4dc7-88e1-eb04526a36cd.png","link":"shopify:\/\/collections\/hyaluronic-acid"}},"296ebc25-f6a1-4c29-9143-69789ce82351":{"type":"logo_image","settings":{"image":"shopify:\/\/shop_images\/Peptides_c72f4585-d766-4a26-ae7c-d8ea6f224b9b.png","link":"shopify:\/\/collections\/peptides"}},"b303713d-68f7-49fb-be7f-a24441d7b258":{"type":"logo_image","settings":{"image":"shopify:\/\/shop_images\/Antioxidants_4e8da3b5-cd02-44d3-8168-95ed3be03d54.png","link":"shopify:\/\/collections\/antioxidants"}},"4433b8f3-e2a6-4e8e-9974-b78fa4d01d09":{"type":"logo_image","settings":{"image":"shopify:\/\/shop_images\/ZnO_9efc5d63-ce4d-4c51-8731-240961925825.png","link":"shopify:\/\/collections\/zinc-oxide"}},"1ac48c22-088b-4ede-9402-8da34628d820":{"type":"logo_image","settings":{"image":"shopify:\/\/shop_images\/TiO2_f852cb8d-e6d7-4cbb-ad98-3660273b7059.png","link":"shopify:\/\/collections\/titanium-dioxide"}}},"block_order":["1640782392ce235d98-0","1640782392ce235d98-1","1640782392ce235d98-2","1640782392ce235d98-3","296ebc25-f6a1-4c29-9143-69789ce82351","b303713d-68f7-49fb-be7f-a24441d7b258","4433b8f3-e2a6-4e8e-9974-b78fa4d01d09","1ac48c22-088b-4ede-9402-8da34628d820"],"settings":{"title":"SHOP BY INGREDIENTS","logo_opacity":100,"divider":true}},"1640272330537b8f58":{"type":"slideshow","blocks":{"164027233076d8ae29-0":{"type":"image","settings":{"top_subheading":"","title":"The power of research & science<br>fuels the future of skincare.","title_size":40,"subheading":"","link":"shopify:\/\/pages\/our-story","link_text":"Learn More","link_2":"","link_text_2":"","color_accent":"#000000","text_align":"vertical-center horizontal-right","image":"shopify:\/\/shop_images\/About-Brand-Banner_4f27c667-c576-4d9c-8164-0378a1391fee.jpg","image_mobile":"shopify:\/\/shop_images\/Loyalty-mobile-banner.jpg","overlay_opacity":0,"focal_point":"center center"}}},"block_order":["164027233076d8ae29-0"],"settings":{"section_height":"natural","mobile_height":"auto","parallax":false,"style":"bars","autoplay":false,"autoplay_speed":5}},"featured-collection":{"type":"featured-collection","settings":{"title":"OUR PRODUCTS","home_featured_products":"all-products","per_row":4,"rows":1,"mobile_scrollable":true,"view_all":true,"divider":false}},"1639569452d81789b1":{"type":"testimonials","blocks":{"163956945210f5dedf-0":{"type":"testimonial","settings":{"icon":"5-stars","testimonial":"<p>My acne marks and scars are really faded and my skin loves this product . My skin type is sensitive-oily-acne prone and this product is wonderful and really friendly towards my skin.<\/p>","author":"Roselin","author_info":"Haryana, IN"}},"163956945210f5dedf-1":{"type":"testimonial","settings":{"icon":"5-stars","testimonial":"<p>This product is a total win for me. It's the first ever serum I've applied on my skin and I must say that works wonderfully for me.<\/p>","author":"Anindita","author_info":"Mumbai, IN"}},"163956945210f5dedf-2":{"type":"testimonial","settings":{"icon":"5-stars","testimonial":"<p>Niacinamide is recommended by so many skin specialist and omg it's definitely worth it, blends so nicely feels so good. Give it a go!<\/p>","image":"shopify:\/\/shop_images\/a-model-in-summer-fashion-with-grey-backdrop.jpg","author":"Priya","author_info":"Calcutta, IN"}},"163956945210f5dedf-3":{"type":"testimonial","settings":{"icon":"5-stars","testimonial":"<p>Earlier I have used two bottles of vitamin C which worked really well on my skin I need to try this product and write a review after a month.<\/p>","author":"Shanta","author_info":"Delhi, IN"}},"163956945210f5dedf-4":{"type":"testimonial","settings":{"icon":"5-stars","testimonial":"<p>Good for oily skin . it tight the skin that’s what it does I love this product. next time also gonna buy this. it change the game of my skin care routine.<\/p>","image":"shopify:\/\/shop_images\/woman-applying-lipstick.jpg","author":"Pranali","author_info":"Delhi, IN"}}},"block_order":["163956945210f5dedf-0","163956945210f5dedf-1","163956945210f5dedf-2","163956945210f5dedf-3","163956945210f5dedf-4"],"settings":{"title":"LOVE POURED BY CUSTOMERS","align_text":"center","round_images":true,"color_background":"#f9f7f7","color_text":"#1c1d1d"}},"blog-posts":{"type":"blog-posts","settings":{"title":"FROM THE JOURNAL","blog":"blog","post_limit":3,"blog_show_tags":false,"blog_show_date":false,"blog_show_comments":false,"blog_show_author":false,"view_all":true,"blog_image_size":"wide","divider":false}},"1641905177ede4ad72":{"type":"newsletter","blocks":{"16419051771ab81ae2-0":{"type":"title","settings":{"title":"Offers For You!"}},"16419051771ab81ae2-1":{"type":"text","settings":{"text":"<p>Subscribe to our newsletter and get 10% off your first purchase<\/p>"}},"16419051771ab81ae2-2":{"type":"form","settings":{}}},"block_order":["16419051771ab81ae2-0","16419051771ab81ae2-1","16419051771ab81ae2-2"],"disabled":true,"settings":{"color_background":"#f9f9f9","color_text":"#1c1d1d"}},"164922942455a1a7a7":{"type":"advanced-content","blocks":{"1649229424c1f98f79-0":{"type":"image","settings":{"image":"shopify:\/\/shop_images\/Offer_a3046ea2-f6c2-4466-bd53-45b29adfbf37.jpg","link":"","width":"50%","alignment":"center"}},"1649229424c1f98f79-1":{"type":"liquid","settings":{"code":"<div class=\"klaviyo-form-ViQGKd\"><\/div>","width":"50%","alignment":"center"}}},"block_order":["1649229424c1f98f79-0","1649229424c1f98f79-1"],"disabled":true,"settings":{"full_width":false,"space_around":true}}},"order":["636c4be0-e26a-4b91-9826-e1e7cc87e321","166358375074c0e16d","slideshow","16635837729df6a3f8","rich-text","1639559175832418d0","16419917472c890d96","1639559169684a83d2","164026638000871c9c","promo-grid2","promo-grid","1640267064e1179596","1640267467c820627b","164223956736f96be2","1642588199359efdcb","1640782392957684e1","1640272330537b8f58","featured-collection","1639569452d81789b1","blog-posts","1641905177ede4ad72","164922942455a1a7a7"]}