{"sections":{"main":{"type":"main-page","disabled":true,"settings":{}},"rich-text":{"type":"rich-text","blocks":{"heading":{"type":"heading","settings":{"title":"Get in touch with us!"}},"text":{"type":"text","disabled":true,"settings":{"enlarge_text":true,"text":""}}},"block_order":["heading","text"],"settings":{"align_text":"center","narrow_column":true,"divider":false}},"form":{"type":"contact-form","settings":{"title":"","text":"","show_phone":true,"narrow_column":true}}},"order":["main","rich-text","form"]}