{"sections":{"main":{"type":"main-page","disabled":true,"settings":{}},"faq":{"type":"faq","blocks":{"faq-0":{"type":"rich-text","settings":{"title":"Shipping","text":"","align_text":"left"}},"faq-1":{"type":"question","settings":{"title":"What is the cost of Shipping?","text":"<p>The shipping and handling charges are referenced at the time of checkout and the customer will be aware about this prior to any payment. For all orders under INR 599 (exclusive of tax) a standard shipping charge of INR 50 will be applicable. <\/p>"}},"faq-2":{"type":"question","settings":{"title":"What is the estimated delivery time?","text":"<p>1. When your order request has been confirmed and dispatched, you will receive an email and\/ or SMS and\/or WhatsApp with certain details including the tracking number and the logistics partner. We typically dispatch most orders within inside 1-3 business days. From the time products are shipped, it tentatively takes 5-7 days for orders to reach destination. <\/p><p>2. We deliver only within India. There may be locations within India which may not be serviceable. Multiple items ordered will reach destination in multiple shipments and times. Please note, estimated delivery times are suggestive, and, on some instances, there might be certain inevitable delays beyond our control. You will be kept informed at all times should such circumstances arise.<\/p><p>3. The estimated time of delivery may fluctuate marginally from one state to another. Days excluding Saturdays, Sundays, and holidays are determined as working days. Delivery of the product may get deferred because of reasons relevant to logistical issues. <\/p><p>4. Delivery will be subject to availability of the products. If we are unable to deliver to the products due to the unavailability of products or for any other reason we will inform you of the same and refund any pre-paid amounts made by you in relation to the products which could not be delivered. The refund shall take place in accordance with our Refund Policy.  <\/p><p>5. We try very hard to ensure your product reaches you within the stipulated time period. But, due to unpredicted situations, if your order does not reach you by the expected delivery time, please drop us an email to <a href=\"mailto:care@riveladermascience.com\">care@riveladermascience.com<\/a>and we will endeavour to settle your concerns at the earliest.<\/p><p>In case of any questions of queries relating to the Shipping Policy, please write to us at care@riveladermascience.com.<\/p>"}},"faq-3":{"type":"rich-text","settings":{"title":"Returns\/Replacement Policy","text":"","align_text":"left"}},"faq-4":{"type":"question","settings":{"title":"In what situations can I return\/replace a product?","text":"<p>1. Product(s) delivered did not match the items ordered.<\/p><p>2. Product(s) delivered are past or near to its expiry date (products with an expiry date of less than 03 months shall be considered as near expiry).<\/p><p>3. Product(s) delivered were damaged in transit\/products having a tampered seal.<\/p>"}},"230db6ca-eda0-41b9-96f8-2d4db569271e":{"type":"question","settings":{"title":"Which items cannot be returned returned or replaced?","text":"<p>1. Product(s) opened\/used or tampered.<\/p><p>2. Batch number of the product being returned does not match with the batch number as mentioned on the invoice.<\/p><p>3. Product(s) is without its original packaging.<\/p><p>4. Return or replacement appeal is made after 7 days from date of delivery.<\/p><p>5. Damaged\/ missing product(s) is conveyed after 2 days from date of delivery.<\/p>"}},"c83c4ed6-1a90-44cb-b0c4-c06bd65b4ed7":{"type":"question","settings":{"title":"How should I proceed if I want to return\/replace the product?","text":"<p>1. You may raise a return\/replacement request with our customer care within 07 days from the delivery of the product(s) if you have obtained incorrect product(s) or product(s) whose expiry date is up.  In case your product(s) are damaged, or you have received missing product(s), immediately raise request for a replacement within 2 days from the date your product(s) has been delivered.<\/p><p>2. Upon receiving your replacement\/refund request, we will verify the authenticity and the nature of the request, and we may ask for photographic proofs of the damaged, tampered, expired or wrong product(s) delivered to you. <\/p><p>3. Once we have gone over your request, our courier partner will pick up the product(s) that have been delivered to you. We will contact you to confirm the date of reverse pick-up.<\/p><p>4. Just in case, our courier partners are unavailable due to certain circumstances in your location, you will be required to self-ship the product(s) via a dependable courier company. In such case, we will compensate you with the courier charges, via any a wallet or a digital payment option. <\/p><p>5. After we receive your product(s), we will authenticate it against your request. If we find that the request is genuine, we will initiate the refund or replacement process.<\/p><p>6. In case of replacement, we will dispatch the product(s) in 3-4 working days post verification.This process can only be fulfilled as per availability of stock.<\/p><p>7. In case of refund, the amount be refunded as per our Refund Policy.<\/p><p>For an incomplete order or missing product(s), please raise a request within 2 days of receiving the product on whether you wish to get the missing product(s) delivered or wish to get a refund for the missing product(s). Accordingly, we shall initiate the delivery of the missing product(s) or refund any amounts paid by you in relation to the missing product(s). <\/p><p>In the event of frivolous and unjustified complaints regarding the quality and content of the product(s), we reserve the right to pursue necessary legal actions against you and you will be solely liable for all costs incurred by us in this regard. <br\/>Damages due to neglect, improper usage or wrong application will not be covered under our Returns\/Replacement Policy. Return or replacement of product(s) due to allergic reactions is not applicable.<\/p>"}},"f997f7af-2e2b-450a-9977-0472ec6a2ebc":{"type":"question","settings":{"title":"Is it possible to cancel my order?","text":"<p>Please email us on <a href=\"mailto:care@riveladermascience.com\">care@riveladermascience.com<\/a> and we can assist you in cancelling the order. For any prepaid orders, the payment will be initiated as per our Refund Policy.   Order cancellation is subject to shipment status and orders once shipped cannot be cancelled. <\/p>"}},"d9910828-db0a-4eec-a03a-0472a10a1811":{"type":"question","settings":{"title":"Can I replace part of my order?","text":"<p>Yes. You can return any products that are eligible for returns as per the Return\/Replacement Policy.<\/p><p>In case of any questions of queries relating to the Returns\/Replacement Policy, please write to us at care@riveladermascience.com<\/p>"}},"3c772c95-4c15-4aa0-979f-8e1754310c56":{"type":"rich-text","settings":{"title":"Refund Policy","text":"<p>The customer may be contacted to better understand the damage or defect in the product prior to issuing any refund.<\/p><p>Refunds will be initiated through bank transfers. No cash refunds will be made.  Online refunds will be initiated within 5 to 7 business days from the day of refund initiation.<\/p><p>In case of NEFT, it would require us at least 3 to 5 business days post refund initiation to refund the amount. For prepaid orders, the amount shall be credited to your account through which the payment was done. It may take 7-10 business days for the amount to reflect in your account. <\/p><p>In case of any payment related queries, please write to us at care@riveladermascience.com<\/p>","align_text":"left"}}},"block_order":["faq-0","faq-1","faq-2","faq-3","faq-4","230db6ca-eda0-41b9-96f8-2d4db569271e","c83c4ed6-1a90-44cb-b0c4-c06bd65b4ed7","f997f7af-2e2b-450a-9977-0472ec6a2ebc","d9910828-db0a-4eec-a03a-0472a10a1811","3c772c95-4c15-4aa0-979f-8e1754310c56"],"settings":{"title":"Frequently Asked Questions"}}},"order":["main","faq"]}