{"sections":{"main":{"type":"main-page","disabled":true,"settings":{}},"1661751186262dde64":{"type":"gpay-products","blocks":{"b12de8c5-57e9-438d-b2c9-ca75ba7c694f":{"type":"products","settings":{"product_img":"shopify:\/\/shop_images\/Sunscreen-Gel-T_900x_1.png","products_id":"Ultralight Matte Dry Sunscreen Gel","product_price":"749","product_button":"Add To Cart","button_url":"https:\/\/riveladermascience.com\/pages\/ultralight-matte-dry-sunscreen-gel-30ml"}},"16617511862b4e087b-0":{"type":"products","settings":{"product_img":"shopify:\/\/shop_images\/Under-eye-cream-T_b826507b-bac7-41ee-bad6-0427f69f5625_1.png","products_id":"Multi Peptide Under Eye Cream","product_price":"699","product_button":"Add TO Cart","button_url":"https:\/\/riveladermascience.com\/pages\/multi-peptide-under-eye-cream-30ml"}},"6fa8c9e0-0f1e-4987-90f2-05cae76831d5":{"type":"products","settings":{"product_img":"shopify:\/\/shop_images\/Niacinmide-T-10ml.jpg","products_id":"10% Vitamin C Serum with Hyaluronic Acid","product_price":"799","product_button":"Add To Cart","button_url":"https:\/\/riveladermascience.com\/pages\/10-vitamin-c-serum-with-hyaluronic-acid-30ml"}},"79b090a9-ec09-4397-927c-433b86372233":{"type":"products","settings":{"product_img":"shopify:\/\/shop_images\/Niacinmide-T-10ml.png","products_id":"10% Niacinamide + 1% Hyaluronic Acid Serum","product_price":"699","product_button":"Add To Cart","button_url":"https:\/\/riveladermascience.com\/pages\/10-niacinamide-1-hyaluronic-acid-serum-30ml"}},"5c40f1e2-c8ea-45d3-8e7f-d9e9a15db31d":{"type":"products","settings":{"product_img":"shopify:\/\/shop_images\/Anti-Acne-Gel-T_900x_1.png","products_id":"Salicylic Acid and Hyaluronic Acid Gel","product_price":"599","product_button":"Add To Cart","button_url":"https:\/\/riveladermascience.com\/pages\/salicylic-acid-and-hyaluronic-acid-gel-30ml"}}},"block_order":["b12de8c5-57e9-438d-b2c9-ca75ba7c694f","16617511862b4e087b-0","6fa8c9e0-0f1e-4987-90f2-05cae76831d5","79b090a9-ec09-4397-927c-433b86372233","5c40f1e2-c8ea-45d3-8e7f-d9e9a15db31d"],"settings":{"title":"Gpay Exclusive Offer - Flat Rs 200 Off  <br>  (Below Featured Collection Only)"}}},"order":["main","1661751186262dde64"]}