{"sections":{"main":{"type":"main-page","disabled":true,"settings":{}},"slideshow":{"type":"slideshow","blocks":{"slideshow-0":{"type":"image","settings":{"top_subheading":"","title":"<b>Bringing Together the Power<br>of Science and Dermatology<\/b><br><p style=\"font-size:15px;\">Rivela Dermascience, a brand from the trusted house of Cipla,<br>was founded to bring together Cipla’s multi-decade science backed expertise<br>and the ever-developing advancements in dermatological research.<\/p>","title_size":40,"subheading":"","link":"","link_text":"","link_2":"","link_text_2":"","color_accent":"rgba(0,0,0,0)","text_align":"vertical-center horizontal-center","image":"shopify:\/\/shop_images\/Hero-Banner_e6112058-0e9c-4dda-93d2-a4fc63d0654f.jpg","image_mobile":"shopify:\/\/shop_images\/Hero-Banner-Mobile_2f6552d4-bc0b-42a4-91f0-a9c668a0e3e0.jpg","overlay_opacity":0,"focal_point":"center center"}}},"block_order":["slideshow-0"],"settings":{"section_height":"natural","mobile_height":"auto","parallax":false,"style":"bars","autoplay":true,"autoplay_speed":7}},"rich-text":{"type":"rich-text","disabled":true,"blocks":{"text":{"type":"text","settings":{"enlarge_text":true,"text":"<p>Rivela Dermascience, a brand from the trusted house of Cipla, was founded to bring together Cipla’s multi-decade science backed expertise and the ever-developing advancements in dermatological research.<\/p>"}}},"block_order":["text"],"settings":{"align_text":"center","narrow_column":true,"divider":false}},"1645510579cf24e5a3":{"type":"text-and-image","settings":{"image":"shopify:\/\/shop_images\/Image-5.jpg","image_width":430,"subtitle":"","title":"Developed by Scientists, Evaluated by Dermatologists","text":"<p>Experience the science backed skincare products from the trusted house of Cipla which are developed by scientists and evaluated by dermatologists.<\/p><p>Rivela Dermascience products are dermatologically tested on Indian skin by leading labs in the country for their efficacy and safety against any allergies, reactions or inflammations. These clinical tests are conducted under standardised protocols and under the guidance of dermatologists.<\/p>","button_label":"","button_link":"","button_style":"primary","align_text":"left","layout":"right","divider":false}},"16457111637587376b":{"type":"text-and-image","settings":{"image":"shopify:\/\/shop_images\/Trust_2bd0b279-d94f-4671-947e-38386b30e7ad.jpg","image_width":430,"subtitle":"","title":"Our Commitments","text":"<p>At Rivela Dermascience, we guarantee that our products are 100% cruelty free, non-toxic, free from parabens, SLS, mineral oils or other harmful chemicals – bringing you safe and clean skincare.<\/p>","button_label":"","button_link":"","button_style":"primary","align_text":"left","layout":"left","divider":false}}},"order":["main","slideshow","rich-text","1645510579cf24e5a3","16457111637587376b"]}