{"layout":"password","sections":{"password-header":{"type":"password-header","settings":{"overlay_header":true,"logo":"shopify:\/\/shop_images\/Rivela-logo-new_1_100x_456b0629-7900-4039-aa88-c2ef5ec82ec9.png","desktop_logo_height":50,"mobile_logo_height":50}},"slideshow":{"type":"slideshow","blocks":{"1524769873765-0":{"type":"image","settings":{"top_subheading":"","title":"Coming soon","title_size":60,"subheading":"","link":"","link_text":"","link_2":"","link_text_2":"","color_accent":"rgba(0,0,0,0)","text_align":"vertical-center horizontal-center","image":"shopify:\/\/shop_images\/Hero-Banner-Mobile_a268b0ac-e16d-4445-9deb-6414dbf06926.jpg","overlay_opacity":0,"focal_point":"center center"}}},"block_order":["1524769873765-0"],"settings":{"section_height":"550px","mobile_height":"auto","parallax":false,"style":"bars","autoplay":false,"autoplay_speed":7}},"newsletter":{"type":"newsletter","blocks":{"password-newsletter-title":{"type":"title","settings":{"title":"Be the first to know"}},"password-newsletter-text":{"type":"text","settings":{"text":"<p>Get notified when we re-open our online store.<\/p>"}},"password-newsletter-form":{"type":"form","settings":{}},"password-newsletter-share":{"type":"share_buttons","settings":{}}},"block_order":["password-newsletter-title","password-newsletter-text","password-newsletter-form","password-newsletter-share"],"settings":{"color_background":"#ffffff","color_text":"#1c1d1d"}}},"order":["password-header","slideshow","newsletter"]}