{"sections":{"main":{"type":"main-product","blocks":{"05c26ee0-a660-4441-bf7b-ef37bd98525f":{"type":"text","settings":{"text":"Broad-spectrum protection | Matte non-oily finish"}},"ce61263f-a073-4642-91a1-9da2b44bbf83":{"type":"custom","settings":{"code":"<h4 class=\"mob-text\" style=\"display: inline; letter-spacing: 1px; margin-right: 20px;\">Not sure if the product is right for you ?\n<\/h4>\n<a href=\"https:\/\/riveladermascience.com\/pages\/skin-assessment\"> <button class=\"mob-but\" style=\"background: #000; color: #fff; border: none; border-radius: 5px;\npadding: 8px 20px; font-weight: bold;\" type=\"button\">TAKE THE FREE SKIN ASSESSMENT<\/button><\/a>"}},"a3531cec-ddcc-4714-a4ef-99e48b5c721a":{"type":"quantity_selector","settings":{}},"price":{"type":"price","settings":{}},"variant_picker":{"type":"variant_picker","settings":{"variant_labels":true,"picker_type":"button","color_swatches":false}},"856ddde9-040d-4cad-80e2-27de60ddc1f4":{"type":"custom","settings":{"code":"<b>RECOMMENDED FOR<\/b>\n<div class=\"recomm-section\">\n  <div class=\"recomm-image\">\n    <img src=\"https:\/\/cdn.shopify.com\/s\/files\/1\/0609\/2485\/4478\/files\/Icons_Website_1-01.svg?v=1645187457\" alt=\"\" style=\"width:15%\">\n    <span>Normal Skin<\/span>\n    <\/div>\n  \n  <div class=\"recomm-image\">\n    <img src=\"https:\/\/cdn.shopify.com\/s\/files\/1\/0609\/2485\/4478\/files\/Icons_Website_2-01.svg?v=1645104128\" alt=\"\" style=\"width:15%\">\n    <span>Oily Skin<\/span>\n   <\/div> \n  \n  <\/div>\n  <div class=\"icon-section1\">\n  <div class=\"recomm-image\">\n    <img src=\"https:\/\/cdn.shopify.com\/s\/files\/1\/0609\/2485\/4478\/files\/Icons_Website_5-01_fcf6d405-df1d-4002-9c5c-93b0842d1bd0.svg?v=1645187457\" alt=\"\" style=\"width:15%\">\n    <span>Sun Protection<\/span>\n  <\/div>\n\n  <div class=\"recomm-image\">\n    <img src=\"https:\/\/cdn.shopify.com\/s\/files\/1\/0609\/2485\/4478\/files\/Icons_Website_4-01.svg?v=1645104128\" alt=\"\" style=\"width:15%\">\n    <span>Acne-Prone Skin<\/span>\n  <\/div>\n\n<\/div>"}},"buy_buttons":{"type":"buy_buttons","settings":{"show_dynamic_checkout":true,"surface_pickup_enable":true}},"5555594e-5887-4197-9f90-85ebba72d525":{"type":"custom","settings":{"code":"<h3>OFFERS AVAILABLE<\/h3><p class=\"cupon\"><span class=\"hypen\"> - <\/span>FLAT 25% OFF SITEWIDE.<\/p>\n\n\n<p class=\"cupon\"><span class=\"hypen\"> - <\/span>BUY ANY 2 PRODUCTS AND GET A FREE DEEP CLEAN FOAMING CLEANSER.<\/p>\n\n\n<p class=\"cupon\"><span class=\"hypen\"> - <\/span>USE CODE RIVELA10 FOR FIRST TIME PURCHASE<\/p>\n\n<style>\nspan.hypen {\n    font-size: 30px;\n    margin: 0;\n    line-height: 0;\n}\n<\/style>"}},"fc3095b4-5549-472a-b7e2-5121a60e664f":{"type":"description","disabled":true,"settings":{"is_tab":true}},"07f47159-2ac9-4365-b73c-e5150f5c455a":{"type":"tab","settings":{"title":"Description","content":"<p>A dry touch ultra light sunscreen which is non-greasy and oil-free. Due to its anhydrous silicone base, it gives a matte finish on your skin and provides a smooth base under makeup. <\/p><p>It contains Zinc Oxide and Titanium Dioxide to provide broad-spectrum protection for your skin against the aging UVA and burning UVB rays of the sun.<br\/><br\/><\/p>","page":""}},"e8fe8c5c-616a-4a15-a302-46271a7cc2fc":{"type":"tab","settings":{"title":"Ingredients","content":"","page":"sunscreen-gel-ingredients"}},"1149bac9-be1c-4eaa-86a6-61d4d6209839":{"type":"tab","settings":{"title":"How To Use","content":"<p>• Apply on face, neck & exposed areas of skin.<\/p><p>• Apply 15-20 minutes prior to sun exposure.<\/p><p>• For best results, reapply every 3-4 hours.<\/p>","page":""}},"b1193092-bb22-4263-a784-76520b03028f":{"type":"tab","settings":{"title":"Offers You can't resist","content":"<p> Sign up and Save 10% on your first purchase. <strong>Use code Rivela10<\/strong><\/p>","page":""}},"905e4067-4130-4d1f-9058-d4ddc6e63e13":{"type":"tab","settings":{"title":"Offers You can't resist","content":"<p> Sign up and Save 10% on your first purchase. <strong>Use code Rivela10<\/strong><\/p>","page":""}},"share":{"type":"share","settings":{}}},"block_order":["05c26ee0-a660-4441-bf7b-ef37bd98525f","ce61263f-a073-4642-91a1-9da2b44bbf83","a3531cec-ddcc-4714-a4ef-99e48b5c721a","price","variant_picker","856ddde9-040d-4cad-80e2-27de60ddc1f4","buy_buttons","5555594e-5887-4197-9f90-85ebba72d525","fc3095b4-5549-472a-b7e2-5121a60e664f","07f47159-2ac9-4365-b73c-e5150f5c455a","e8fe8c5c-616a-4a15-a302-46271a7cc2fc","1149bac9-be1c-4eaa-86a6-61d4d6209839","b1193092-bb22-4263-a784-76520b03028f","905e4067-4130-4d1f-9058-d4ddc6e63e13","share"],"settings":{"sku_enable":false,"image_position":"left","image_size":"medium","product_zoom_enable":true,"thumbnail_position":"below","thumbnail_arrows":false,"mobile_layout":"full","enable_video_looping":true,"product_video_style":"muted"}},"1645442616332b66ff":{"type":"text-and-image","settings":{"image":"shopify:\/\/shop_images\/Benefit-New-Mobile_e92d1770-ae1b-4211-adfe-cbc9dfd26121.jpg","image2":"shopify:\/\/shop_images\/Gel_1c428d5c-50c3-4033-a997-9070e359a3ef.jpg","image_width":700,"subtitle":"","title":"Key Benefits","text":"","button_label":"","button_link":"","button_style":"primary","align_text":"center","layout":"right","divider":false}},"1645443569f11155cb":{"type":"slideshow","blocks":{"1645443569bb2c2761-0":{"type":"image","settings":{"top_subheading":"","title":"","title_size":80,"subheading":"","link":"","link_text":"","link_2":"","link_text_2":"","color_accent":"rgba(0,0,0,0)","text_align":"vertical-center horizontal-center","image":"shopify:\/\/shop_images\/Zinc-Oxide_ce448aea-d538-4f3d-bef3-b28a960d3913.jpg","image_mobile":"shopify:\/\/shop_images\/Zinc-Oxide-M_340e38f1-768b-4991-9895-81ac1fb87ae8.jpg","overlay_opacity":0,"focal_point":"center center"}},"5b65b841-0457-44b2-8ebb-9ec54cc36f8d":{"type":"image","settings":{"top_subheading":"","title":"","title_size":80,"subheading":"","link":"","link_text":"","link_2":"","link_text_2":"","color_accent":"rgba(0,0,0,0)","text_align":"vertical-center horizontal-center","image":"shopify:\/\/shop_images\/Tio2_7c5e42d7-508f-4d6b-aeba-c651a435e768.jpg","image_mobile":"shopify:\/\/shop_images\/Tio2-m_a6ec325b-1973-44f3-aa8e-c2cffe25756b.jpg","overlay_opacity":0,"focal_point":"center center"}},"1645443569bb2c2761-1":{"type":"image","settings":{"top_subheading":"","title":"","title_size":80,"subheading":"","link":"","link_text":"","link_2":"","link_text_2":"","color_accent":"rgba(0,0,0,0)","text_align":"vertical-center horizontal-center","image":"shopify:\/\/shop_images\/Toco_5e6bad76-266b-490f-8e67-68a0abb1721b.jpg","image_mobile":"shopify:\/\/shop_images\/Toco-M_a874da50-cdc5-4268-a1f8-1f0416b6e02e.jpg","overlay_opacity":0,"focal_point":"center center"}}},"block_order":["1645443569bb2c2761-0","5b65b841-0457-44b2-8ebb-9ec54cc36f8d","1645443569bb2c2761-1"],"settings":{"section_height":"650px","mobile_height":"auto","parallax":false,"style":"bars","autoplay":false,"autoplay_speed":5}},"16454571047b646ecb":{"type":"hero-video","settings":{"title":"Skincare co-developed<br>with dermatologists","title_size":45,"subheading":"","link_text":"Learn More","link":"","color_accent":"rgba(0,0,0,0)","text_align":"vertical-center horizontal-center","video_url":"https:\/\/cdn.shopify.com\/s\/files\/1\/0609\/2485\/4478\/files\/pexels-ivan-samkov-8485633.mp4?v=1645767890","overlay_opacity":0,"section_height":"550px","mobile_height":"auto"}},"164545719819abfccf":{"type":"rich-text","blocks":{"164545719887e2ddc1-1":{"type":"text","settings":{"enlarge_text":true,"text":"<p>We'll always be in the skin we're in. <strong>Rivela with their vibrant Community of Dermatologists<\/strong> ensure the products decipher everyday skin concerns and truly give astounding results.<\/p>"}}},"block_order":["164545719887e2ddc1-1"],"settings":{"align_text":"center","narrow_column":true,"divider":false}},"16454440015c4f201a":{"type":"background-image-text","settings":{"subtitle":"","title":"Our Promise To You","text":"<p>Paraben Free - Harmful chemicals aren't a part of our product formula.<\/p><p>Mineral Oil Free - Our products don't contain any form of the ingredient in the formulas.<\/p><p>Not Tested On Animals - We never test on animals at any stage of products development or testing.<\/p><p>SLS Free - Our products does not contain the harsh and irritating ingredient Sodium Lauryl Sulfate (SLS).<\/p><p>Dermatologically Tested - The finished product has been tested on human skin & the formula is mostly safe to be applied on the skin.<\/p>","button_label":"","button_link":"","image":"shopify:\/\/shop_images\/Trust-Badges_9efbd2f6-2832-4388-b851-9f35108e23cc.jpg","focal_point":"80% 50%","layout":"left","height":750,"framed":true,"parallax":false}},"product-recommendations":{"type":"product-recommendations","settings":{"show_product_recommendations":true,"product_recommendations_heading":"You may also like","related_count":5}},"recently-viewed":{"type":"recently-viewed","settings":{"recent_count":5}},"sub":{"type":"product-full-width","disabled":true,"settings":{"max_width":true}},"collection-return":{"type":"collection-return","disabled":true,"settings":{}}},"order":["main","1645442616332b66ff","1645443569f11155cb","16454571047b646ecb","164545719819abfccf","16454440015c4f201a","product-recommendations","recently-viewed","sub","collection-return"]}