{"sections":{"main":{"type":"main-product","blocks":{"41e4a71e-58d1-4c14-935b-58f177738ad5":{"type":"text","settings":{"text":"Broad-spectrum protection | Matte non-oily finish"}},"39d6b59d-adf4-47d9-8b26-7b871019741e":{"type":"custom","settings":{"code":"<h4 class=\"mob-text\" style=\"display: inline; letter-spacing: 1px; margin-right: 20px;\">Let's find your skincare routine?\n<\/h4>\n<button class=\"mob-but\" style=\"background: #000; color: #fff; border: none; border-radius: 5px;\npadding: 8px 20px; font-weight: bold;\" type=\"button\">FIND OUT NOW<\/button>"}},"price":{"type":"price","settings":{}},"39e6630d-fcf6-4f72-bfd9-08c84de0ae18":{"type":"quantity_selector","settings":{}},"variant_picker":{"type":"variant_picker","settings":{"variant_labels":true,"picker_type":"button","color_swatches":false}},"sales_point":{"type":"sales_point","disabled":true,"settings":{"icon":"globe","text":"Free worldwide shipping"}},"inventory_status":{"type":"inventory_status","disabled":true,"settings":{"inventory_threshold":10,"inventory_transfers_enable":true}},"6184b524-f1bc-485f-8746-9b2ce97a8816":{"type":"custom","settings":{"code":"<b>RECOMMENDED FOR<\/b>\n<div class=\"icon-section\">\n  <div class=\"icon-image\">\n    <img src=\"https:\/\/cdn.shopify.com\/s\/files\/1\/0609\/2485\/4478\/files\/Icons_Website_1-01.svg?v=1645187457\" alt=\"\" style=\"width:15%\">\n    <span>Normal Skin<\/span>\n    <\/div>\n  \n  <div class=\"icon-image\">\n    <img src=\"https:\/\/cdn.shopify.com\/s\/files\/1\/0609\/2485\/4478\/files\/Icons_Website_2-01.svg?v=1645104128\" alt=\"\" style=\"width:15%\">\n    <span>Oily Skin<\/span>\n   <\/div> \n  <div class=\"icon-image\">\n    <img src=\"https:\/\/cdn.shopify.com\/s\/files\/1\/0609\/2485\/4478\/files\/Icons_Website_3-01.svg?v=1645104128\" alt=\"\" style=\"width:15%\">\n    <span>Dry Skin<\/span>\n  <\/div>\n  <\/div>\n  <div class=\"icon-section1\">\n  <div class=\"icon-image\">\n    <img src=\"https:\/\/cdn.shopify.com\/s\/files\/1\/0609\/2485\/4478\/files\/Icons_Website_5-01_fcf6d405-df1d-4002-9c5c-93b0842d1bd0.svg?v=1645187457\" alt=\"\" style=\"width:15%\">\n    <span>Sun Protection<\/span>\n  <\/div>\n\n  <div class=\"icon-image\">\n    <img src=\"https:\/\/cdn.shopify.com\/s\/files\/1\/0609\/2485\/4478\/files\/Icons_Website_4-01.svg?v=1645104128\" alt=\"\" style=\"width:15%\">\n    <span>Acne<\/span>\n  <\/div>\n\n<\/div>"}},"buy_buttons":{"type":"buy_buttons","settings":{"show_dynamic_checkout":true,"surface_pickup_enable":true}},"e973d465-c5cd-45dc-8978-109064ae628c":{"type":"custom","settings":{"code":"<h3>OFFERS AVAILABLE<\/h3><p class=\"cupon\"><span class=\"hypen\"> - <\/span>FLAT 25% OFF SITEWIDE.<\/p>\n\n\n<p class=\"cupon\"><span class=\"hypen\"> - <\/span>BUY ANY 2 PRODUCTS AND GET A FREE DEEP CLEAN FOAMING CLEANSER.<\/p>\n\n\n<p class=\"cupon\"><span class=\"hypen\"> - <\/span>USE CODE RIVELA10 FOR FIRST TIME PURCHASE<\/p>\n\n<style>\nspan.hypen {\n    font-size: 30px;\n    margin: 0;\n    line-height: 0;\n}\n<\/style>"}},"09fce9d9-1fbb-4c77-b04f-c8b490cd97f5":{"type":"custom","settings":{"code":"<img src=\"https:\/\/cdn.shopify.com\/s\/files\/1\/0609\/2485\/4478\/files\/Derma-Tested_1.jpg?v=1645426943\">"}},"separator":{"type":"separator","settings":{}},"1a2b889f-bb5e-43e1-8bcb-254d477b0cc5":{"type":"tab","settings":{"title":"Description","content":"<p>A non-sticky, oil-free mineral-based sunscreen gel from the house of Cipla, the formulation is curated to give your skin a shine-free and non-greasy appearance. Due to its anhydrous silicone base, it gives a matte finish on your skin and provides a smooth base under makeup. An advanced sunscreen offers a wide spectrum of instant protection with ingredients like Titanium Dioxide and Zinc Oxide to clinically protect and form a screen over the surface of the skin for maximized defense. With SPF 50 PA+++ and superpowers of antioxidants, this sunscreen conditions and nourishes the skin for crack-free and patch-free skin. <\/p><p><strong>Why It Works<\/strong><\/p><p>• Lightweight, non-sticky<\/p><p>• Matte non-oily finish<\/p><p>• Broad-spectrum protection with SPF 50, PA+++<\/p><p>• A perfect makeup primer<\/p><p>• Pearl finish without any chalky residue<\/p>","page":""}},"tab":{"type":"tab","settings":{"title":"Ingredients","content":"<p><strong>Zinc Oxide Mineral -<\/strong> A mineral based active ingredient that works ad a broad spectrum blocker against UVA and UVB rays. It is photostable, effective and safe for the skin. <\/p><p><strong>Tinosorb M -<\/strong> Provides broad spectrum UV protection basis its micro-fine organic particle technology.<\/p><p><strong>Titanium Dioxide - <\/strong>The UV filtering hero ingredient that is non-comedogenic and gentle on skin, invisible on application - a great ingredient in your sunscreen for casual daily sun explorer. <\/p>","page":""}},"2b52a3d1-a92c-49b0-8c5a-25b9bca3f8b1":{"type":"tab","settings":{"title":"How To USe","content":"<p>• Apply on face, neck & exposed areas of skin.<\/p><p>• Apply 15-20 minutes prior to sun exposure<\/p><p>• For best results, reapply every 3-4 hours.<\/p>","page":""}},"6144c510-f540-47fe-b255-ff0e2d740a98":{"type":"text","disabled":true,"settings":{"text":"A non-sticky, oil-free mineral-based sunscreen gel from the house of Cipla, the formulation is curated to give your skin a shine-free and non-greasy appearance."}},"description":{"type":"description","disabled":true,"settings":{"is_tab":false}}},"block_order":["41e4a71e-58d1-4c14-935b-58f177738ad5","39d6b59d-adf4-47d9-8b26-7b871019741e","price","39e6630d-fcf6-4f72-bfd9-08c84de0ae18","variant_picker","sales_point","inventory_status","6184b524-f1bc-485f-8746-9b2ce97a8816","buy_buttons","e973d465-c5cd-45dc-8978-109064ae628c","09fce9d9-1fbb-4c77-b04f-c8b490cd97f5","separator","1a2b889f-bb5e-43e1-8bcb-254d477b0cc5","tab","2b52a3d1-a92c-49b0-8c5a-25b9bca3f8b1","6144c510-f540-47fe-b255-ff0e2d740a98","description"],"settings":{"sku_enable":false,"image_position":"left","image_size":"medium","product_zoom_enable":true,"thumbnail_position":"beside","thumbnail_arrows":false,"mobile_layout":"full","enable_video_looping":true,"product_video_style":"muted"}},"1645195529c5b146f5":{"type":"text-and-image","settings":{"image":"shopify:\/\/shop_images\/Benefit-New-Mobile_fa57d8b2-b94d-4acc-ad79-2e8628260250.jpg","image2":"shopify:\/\/shop_images\/Gel_b1d8f540-8fe2-43d5-89cf-a47d0cb59b9d.jpg","image_width":700,"subtitle":"","title":"Key Benefits","text":"<p>We at Cipla take utmost care to craft effective skincare products co-developed with dermatologists.<\/p>","button_label":"","button_link":"","button_style":"secondary","align_text":"left","layout":"left","divider":false}},"1645196140b869f678":{"type":"slideshow","blocks":{"7f4b33cc-01d7-4c7a-b034-c156eb3ef8f0":{"type":"image","settings":{"top_subheading":"","title":"","title_size":45,"subheading":"","link":"","link_text":"","link_2":"","link_text_2":"","color_accent":"rgba(0,0,0,0)","text_align":"vertical-center horizontal-right","image":"shopify:\/\/shop_images\/Zinc-Oxide_9450a2bb-2bda-4fdf-ab90-d7d111deb821.jpg","image_mobile":"shopify:\/\/shop_images\/Zinc-Oxide-M_cb4fcad6-da01-47cb-81fd-4ac302452a0e.jpg","overlay_opacity":0,"focal_point":"center center"}},"164519614087244ce5-0":{"type":"image","settings":{"top_subheading":"","title":"","title_size":44,"subheading":"","link":"","link_text":"","link_2":"","link_text_2":"","color_accent":"rgba(0,0,0,0)","text_align":"vertical-center horizontal-center","image":"shopify:\/\/shop_images\/Tio2_bddfe42c-8446-4ec7-af3e-10d368c02a4a.jpg","image_mobile":"shopify:\/\/shop_images\/Tio2-m_692e5e27-b647-44b7-9be2-348094f8fe21.jpg","overlay_opacity":0,"focal_point":"center center"}},"164519614087244ce5-1":{"type":"image","settings":{"top_subheading":"","title":"","title_size":45,"subheading":"","link":"","link_text":"","link_2":"","link_text_2":"","color_accent":"rgba(0,0,0,0)","text_align":"vertical-center horizontal-center","image":"shopify:\/\/shop_images\/Toco.jpg","image_mobile":"shopify:\/\/shop_images\/Toco-M.jpg","overlay_opacity":0,"focal_point":"center center"}}},"block_order":["7f4b33cc-01d7-4c7a-b034-c156eb3ef8f0","164519614087244ce5-0","164519614087244ce5-1"],"settings":{"section_height":"450px","mobile_height":"auto","parallax":false,"style":"dots","autoplay":true,"autoplay_speed":5}},"1645189557a04effbe":{"type":"hero-video","settings":{"title":"Skincare Co-Developed <br>With Dermatologists","title_size":40,"subheading":"","link_text":"Learn More","link":"#","color_accent":"rgba(0,0,0,0)","text_align":"vertical-center horizontal-center","video_url":"https:\/\/cdn.shopify.com\/s\/files\/1\/0609\/2485\/4478\/files\/3_0139c4ba-2d02-4e19-b07a-0310cd0b40c7.mp4?v=1645193837","overlay_opacity":0,"section_height":"550px","mobile_height":"300px"}},"1645196385a13f4f6b":{"type":"rich-text","blocks":{"1645196385723275da-1":{"type":"text","settings":{"enlarge_text":false,"text":"<p>We'll always be in the skin we're in. <strong>Rivela with their vibrant Community of Dermatologists<\/strong> ensure the products decipher everyday skin concerns and truly give astounding results.<\/p>"}}},"block_order":["1645196385723275da-1"],"settings":{"align_text":"center","narrow_column":false,"divider":false}},"1645200739337d4569":{"type":"slideshow","disabled":true,"blocks":{"3d7cee97-4d84-41b5-a558-1ae2818637f3":{"type":"image","settings":{"top_subheading":"","title":"","title_size":80,"subheading":"","link":"","link_text":"","link_2":"","link_text_2":"","color_accent":"rgba(0,0,0,0)","text_align":"vertical-center horizontal-center","image":"shopify:\/\/shop_images\/Trust-Badges_0f61881a-8053-4d5e-8bf5-3b9edd2ca0bb.jpg","overlay_opacity":0,"focal_point":"center center"}}},"block_order":["3d7cee97-4d84-41b5-a558-1ae2818637f3"],"settings":{"section_height":"natural","mobile_height":"auto","parallax":false,"style":"bars","autoplay":false,"autoplay_speed":5}},"16451963190dbf1e9e":{"type":"background-image-text","settings":{"subtitle":"","title":"Our Promise To You","text":"<p>Paraben Free - Harmful chemicals aren't a part of our product formula.<\/p><p>Mineral Oil Free - Our products don't contain any form of the ingredient in the formulas.<\/p><p>Not Tested On Animals - We never test on animals at any stage of products development or testing.<\/p><p>SLS Free - Our products does not contain the harsh and irritating ingredient Sodium Lauryl Sulfate (SLS).<\/p>","button_label":"","button_link":"","image":"shopify:\/\/shop_images\/Trust-Badges_ad8059b5-9e96-4bd1-971f-7f7f55105736.jpg","focal_point":"80% 50%","layout":"left","height":650,"framed":true,"parallax":false}},"sub":{"type":"product-full-width","blocks":{"246219e2-c12a-4820-88b2-d0ad84b258ec":{"type":"description","disabled":true,"settings":{"is_tab":false}}},"block_order":["246219e2-c12a-4820-88b2-d0ad84b258ec"],"settings":{"max_width":true}},"pf-07f91ab0":{"type":"pf-07f91ab0","disabled":true,"settings":{}},"testimonials":{"type":"testimonials","disabled":true,"blocks":{"testimonials-0":{"type":"testimonial","settings":{"icon":"5-stars","testimonial":"<p>Add customer reviews and testimonials to showcase your store’s happy customers.<\/p>","author":"Author's name","author_info":"Los Angeles, CA"}},"testimonials-1":{"type":"testimonial","settings":{"icon":"5-stars","testimonial":"<p>Add customer reviews and testimonials to showcase your store’s happy customers.<\/p>","author":"Author's name","author_info":"Los Angeles, CA"}},"testimonials-2":{"type":"testimonial","settings":{"icon":"5-stars","testimonial":"<p>Add customer reviews and testimonials to showcase your store’s happy customers.<\/p>","author":"Author's name","author_info":"Los Angeles, CA"}},"f0d67db1-319d-4ddb-9a77-2ac6c285a9e8":{"type":"testimonial","disabled":true,"settings":{"icon":"5-stars","testimonial":"<p>Add customer reviews and testimonials to showcase your store’s happy customers.<\/p>","author":"Author's name","author_info":"Los Angeles, CA"}}},"block_order":["testimonials-0","testimonials-1","testimonials-2","f0d67db1-319d-4ddb-9a77-2ac6c285a9e8"],"settings":{"title":"Testimonials","align_text":"center","round_images":true,"color_background":"#f9f9f9","color_text":"#1c1d1d"}},"product-recommendations":{"type":"product-recommendations","settings":{"show_product_recommendations":true,"product_recommendations_heading":"You may also like","related_count":5}},"recently-viewed":{"type":"recently-viewed","settings":{"recent_count":5}},"collection-return":{"type":"collection-return","settings":{}},"1645196551e13715a0":{"type":"apps","disabled":true,"settings":{"full_width":false,"space_around":true}}},"order":["main","1645195529c5b146f5","1645196140b869f678","1645189557a04effbe","1645196385a13f4f6b","1645200739337d4569","16451963190dbf1e9e","sub","pf-07f91ab0","testimonials","product-recommendations","recently-viewed","collection-return","1645196551e13715a0"]}