{"sections":{"main":{"type":"main-product","blocks":{"05c26ee0-a660-4441-bf7b-ef37bd98525f":{"type":"text","settings":{"text":"Let your skin steal the spotlight with Rivela’s Radiance Kit.This set contains an assortment of products - from Deep Clean Foaming Cleanser to rinse away impurities, to Tinosorb M + Zinc Oxide Mineral Sunscreen for a superior sun protection, to Allantoin and Salicylic Acid Gel for nourished and hydrated skin and 10% Vitamin C Serum with Hyaluronic Acid for the amazing glow."}},"price":{"type":"price","settings":{}},"ce61263f-a073-4642-91a1-9da2b44bbf83":{"type":"custom","settings":{"code":"<h4 class=\"mob-text\" style=\"display: inline; letter-spacing: 1px; margin-right: 20px;\">Not sure if the product is right for you ?\n<\/h4>\n<a href=\"https:\/\/riveladermascience.com\/pages\/skin-assessment\"> <button class=\"mob-but\" style=\"background: #000; color: #fff; border: none; border-radius: 5px;\npadding: 8px 20px; font-weight: bold;\" type=\"button\">TAKE THE FREE SKIN ASSESSMENT<\/button><\/a>"}},"c08aa00f-b1eb-4ba4-9c88-507fb593f034":{"type":"custom","disabled":true,"settings":{"code":"<a href=\"https:\/\/riveladermascience.com\/collections\/monsoon-sale\"><img src=\"https:\/\/cdn.shopify.com\/s\/files\/1\/0609\/2485\/4478\/files\/Monsoon_1200_X_100_3.jpg?v=1656767148\" \/><\/a>"}},"a3531cec-ddcc-4714-a4ef-99e48b5c721a":{"type":"quantity_selector","settings":{}},"variant_picker":{"type":"variant_picker","settings":{"variant_labels":true,"picker_type":"button","color_swatches":false}},"buy_buttons":{"type":"buy_buttons","settings":{"show_dynamic_checkout":true,"surface_pickup_enable":true}},"3fb2b276-c581-42d1-ae4b-e2291ca1fa97":{"type":"custom","settings":{"code":"<h3>OFFERS AVAILABLE<\/h3>\n<a href=\"https:\/\/riveladermascience.com\/collections\/20-off-products\"><p class=\"cupon\"><span class=\"hypen\"> - <\/span>FLAT 20% OFF ON SELECTED PRODUCTS.<\/p><\/a>\n\n<a href=\"https:\/\/riveladermascience.com\/collections\/sunscreen\"><p class=\"cupon\"><span class=\"hypen\"> - <\/span>FLAT 15% OFF ON SUNSCREENS.<\/p><\/a>\n\n<a href=\"https:\/\/riveladermascience.com\/products\/under-eye-cream\"><p class=\"cupon\" style=\"text-transform:uppercase;\"><span class=\"hypen\"> - <\/span>BUY 1 Multi Peptide Under Eye Cream AND GET 1 FREE.<\/p><\/a>\n\n<a href=\"https:\/\/riveladermascience.com\/products\/anti-ageing-duo\"><p class=\"cupon\"><span class=\"hypen\"> - <\/span>\nANTI AGEING DUO COMBO AT FLAT RS.1099.\n<\/p><\/a>\n\n<a href=\"https:\/\/riveladermascience.com\/collections\/offer-products\"><p class=\"cupon\"><span class=\"hypen\"> - <\/span>BUY ANY 2 PRODUCTS AND GET A FREE DEEP CLEAN FOAMING CLEANSER.<\/p><\/a>\n\n\n<a href=\"https:\/\/riveladermascience.com\/collections\/all-products\"><p class=\"cupon\"><span class=\"hypen\"> - <\/span>USE CODE RIVELA10 FOR FIRST TIME PURCHASE<\/p>\n<\/a>\n<style>\nspan.hypen {\n    font-size: 30px;\n    margin: 0;\n    line-height: 0;\n}\n<\/style>"}},"ddda62ab-42d7-41db-9232-09957c6dfb3b":{"type":"product_info","settings":{"metafield_content":"{{ product.metafields.custom.product_short_information | metafield_tag }}"}},"856ddde9-040d-4cad-80e2-27de60ddc1f4":{"type":"custom","disabled":true,"settings":{"code":"<b>RECOMMENDED FOR<\/b>\n<div class=\"recomm-section\">\n  <div class=\"recomm-image\">\n    <img src=\"https:\/\/cdn.shopify.com\/s\/files\/1\/0609\/2485\/4478\/files\/All_skin_type-01.svg?v=1646207232\" alt=\"\" style=\"width:15%\">\n    <span>All Skin Types<\/span>\n   <\/div> \n  \n  <\/div>\n \n<br>\n<\/div>"}},"fc3095b4-5549-472a-b7e2-5121a60e664f":{"type":"description","disabled":true,"settings":{"is_tab":true}},"07f47159-2ac9-4365-b73c-e5150f5c455a":{"type":"tab","settings":{"title":"Description","content":"<p><em>Secret to Smoothness<\/em><br\/><br\/>Infused with powerful ingredients, the Deep Clean Foaming Cleanser removes dead skin cells from the inside out and hydrates the skin with active nutrition to make it soft and smooth.<br\/><br\/><em>Wide Spectrum of Protection<\/em><br\/><br\/>A mineral-based sunscreen, Tinosorb M + Zinc Oxide Mineral Sunscreen was created for a non-sticky sensation and smooth touch. The SPF 50 PA+++ and antioxidant abilities in this sunscreen condition and care for the skin to prevent it from looking dry or spotty.<br\/><br\/><em>Oil-Free Moisturisation<br\/><\/em><br\/>The answer to an oil-free moisturisation lies with the Allantoin and Salicylic Acid Gel. This product quickly absorbs into the skin and keeps it hydrated for 24 hours. This serum is friendly to both acne-prone skin as well as dry skin. <br\/><br\/><em>Show that Glow<br\/><\/em><br\/>The 10% Vitamin C Serum with Hyaluronic Acid is a brightening serum that enhances skin tone from the inside out. It also gently smoothes out wrinkles and fine lines, rendering the skin supple and luminous.<br\/><\/p>","page":""}},"995393a8-ad2b-48c9-bd37-5314970b0250":{"type":"tab","settings":{"title":"What this Bundle Contains","content":"","page":"what-this-bundle-contains-radiance-kit"}},"e8fe8c5c-616a-4a15-a302-46271a7cc2fc":{"type":"tab","settings":{"title":"Ingredients","content":"<p>Salicylic Acid - Permeates pores to eliminate clogged oil and dead skin cells. Also acts as a great exfoliator of skin. <br\/><br\/>Tinosorb M - This product's micro-fine organic particle technology is a very effective component that offers the broadest UV protection available. <br\/><br\/>Allantoin - A skin-calming active component that moisturises and nourishes the skin. Also aids in calming inflammations <br\/><br\/>Vitamin C - A powerful antioxidant that keeps the cells in your skin healthy. It makes your skin more radiant and offers UV ray defence.<\/p>","page":"rivela-radiance-kit"}},"1149bac9-be1c-4eaa-86a6-61d4d6209839":{"type":"tab","settings":{"title":"How To Use","content":"<p>• Use the Deep Clean Foaming Cleanser to cleanse your face.<br\/><br\/>• Use two to three drops of the 10% Vitamin C Serum with Hyaluronic Acid on your freshly washed skin.<br\/><br\/>• Massage your skin after applying a little coating of allantoin and salicylic acid gel.<br\/><br\/>• Finally, use Tinosorb M + Zinc Oxide Mineral Sunscreen for sun protection. Reapply after 3-4 hours<br\/><\/p>","page":"how-to-use-radiance-kit"}},"63298e56-5b6f-4cd4-88fa-884e9565cc47":{"type":"tab","disabled":true,"settings":{"title":"<b>Offers You can't resist<\/b>","content":"<p> Sign up and Save 10% on your first purchase.<\/p>","page":""}},"share":{"type":"share","settings":{}}},"block_order":["05c26ee0-a660-4441-bf7b-ef37bd98525f","price","ce61263f-a073-4642-91a1-9da2b44bbf83","c08aa00f-b1eb-4ba4-9c88-507fb593f034","a3531cec-ddcc-4714-a4ef-99e48b5c721a","variant_picker","buy_buttons","3fb2b276-c581-42d1-ae4b-e2291ca1fa97","ddda62ab-42d7-41db-9232-09957c6dfb3b","856ddde9-040d-4cad-80e2-27de60ddc1f4","fc3095b4-5549-472a-b7e2-5121a60e664f","07f47159-2ac9-4365-b73c-e5150f5c455a","995393a8-ad2b-48c9-bd37-5314970b0250","e8fe8c5c-616a-4a15-a302-46271a7cc2fc","1149bac9-be1c-4eaa-86a6-61d4d6209839","63298e56-5b6f-4cd4-88fa-884e9565cc47","share"],"settings":{"sku_enable":false,"image_position":"left","image_size":"medium","product_zoom_enable":true,"thumbnail_position":"below","thumbnail_arrows":false,"mobile_layout":"full","enable_video_looping":true,"product_video_style":"muted"}},"16569349512fca4514":{"type":"slideshow","disabled":true,"blocks":{"165693495104d26fc0-0":{"type":"image","settings":{"top_subheading":"","title":"","title_size":80,"subheading":"","link":"https:\/\/riveladermascience.com\/collections\/monsoon-sale","link_text":"","link_2":"","link_text_2":"","color_accent":"rgba(0,0,0,0)","text_align":"vertical-center horizontal-center","image":"shopify:\/\/shop_images\/Monsoon_1200x300_1.jpg","image_mobile":"shopify:\/\/shop_images\/Monsoon_1800x2400_3_-min.jpg","overlay_opacity":0,"focal_point":"center center"}}},"block_order":["165693495104d26fc0-0"],"settings":{"section_height":"natural","mobile_height":"auto","parallax":false,"style":"bars","autoplay":true,"autoplay_speed":5}},"1645442616332b66ff":{"type":"text-and-image","settings":{"image":"shopify:\/\/shop_images\/Niacinamide-B_36266d9d-1702-43f0-b384-8d4884f8b1bb.jpg","image2":"shopify:\/\/shop_images\/Niacinamide-P_f51dfb6a-a2fb-4246-9a63-c95129a20bb0.jpg","image_width":700,"subtitle":"","title":"Key Benefits","text":"","button_label":"","button_link":"","button_style":"primary","align_text":"center","layout":"right","divider":false}},"1645443569f11155cb":{"type":"slideshow","blocks":{"1645443569bb2c2761-0":{"type":"image","settings":{"top_subheading":"","title":"","title_size":80,"subheading":"","link":"","link_text":"","link_2":"","link_text_2":"","color_accent":"rgba(0,0,0,0)","text_align":"vertical-center horizontal-center","image":"shopify:\/\/shop_images\/Niacinamide_c7025045-b2f5-4c7b-9c56-1dcd36982d91.png","image_mobile":"shopify:\/\/shop_images\/Niacinamide-M.png","overlay_opacity":0,"focal_point":"center center"}},"5b65b841-0457-44b2-8ebb-9ec54cc36f8d":{"type":"image","settings":{"top_subheading":"","title":"","title_size":80,"subheading":"","link":"","link_text":"","link_2":"","link_text_2":"","color_accent":"rgba(0,0,0,0)","text_align":"vertical-center horizontal-center","image":"shopify:\/\/shop_images\/Hyaluronic.png","image_mobile":"shopify:\/\/shop_images\/HYaluronic-Acid-M.png","overlay_opacity":0,"focal_point":"center center"}},"1645443569bb2c2761-1":{"type":"image","settings":{"top_subheading":"","title":"","title_size":80,"subheading":"","link":"","link_text":"","link_2":"","link_text_2":"","color_accent":"rgba(0,0,0,0)","text_align":"vertical-center horizontal-center","image":"shopify:\/\/shop_images\/Green-Tea-Extract.png","image_mobile":"shopify:\/\/shop_images\/Green-Tea-extract-M.png","overlay_opacity":0,"focal_point":"center center"}}},"block_order":["1645443569bb2c2761-0","5b65b841-0457-44b2-8ebb-9ec54cc36f8d","1645443569bb2c2761-1"],"settings":{"section_height":"natural","mobile_height":"auto","parallax":false,"style":"dots","autoplay":false,"autoplay_speed":5}},"16454571047b646ecb":{"type":"hero-video","settings":{"title":"Bringing together the power of<br>science and dermatology","title_size":45,"subheading":"","link_text":"Learn More","link":"shopify:\/\/pages\/our-story","color_accent":"rgba(0,0,0,0)","text_align":"vertical-center horizontal-center","video_url":"https:\/\/cdn.shopify.com\/s\/files\/1\/0609\/2485\/4478\/files\/pexels-ivan-samkov-8485633.mp4?v=1645767890","overlay_opacity":0,"section_height":"550px","mobile_height":"auto"}},"164545719819abfccf":{"type":"rich-text","blocks":{"164545719887e2ddc1-1":{"type":"text","settings":{"enlarge_text":false,"text":"<p>Experience the science backed skincare products from the trusted house of Cipla which are developed by scientists and evaluated by dermatologists.<\/p><p>Rivela Dermascience products are dermatologically tested on Indian skin by leading labs in the country for their efficacy and safety against any allergies, reactions or inflammations. These clinical tests are conducted under standardised protocols and under the guidance of dermatologists.<\/p>"}}},"block_order":["164545719887e2ddc1-1"],"settings":{"align_text":"center","narrow_column":true,"divider":false}},"1646121139100c75f7":{"type":"text-and-image","settings":{"image":"shopify:\/\/shop_images\/Trust_20df2c27-e11a-4542-b885-dee25123b1e1.jpg","image_width":500,"subtitle":"","title":"Our Commitments","text":"<p><strong>Paraben Free - <\/strong>Our products are free from harmful preservatives (parabens) which artificially increase the shelf life of products.<\/p><p><strong>Mineral Oil Free - <\/strong>Our formulas are free from mineral oils for a clog-free and irritation free experience.<\/p><p><strong>Dermatologically Tested - <\/strong>All the products go through the highest standards of safety testing under the supervision of leading dermatologists.<\/p><p><strong>Not Tested On Animals -<\/strong> Our products have never been tested on animals, and are 100% cruelty free.<\/p><p><strong>SLS Free - <\/strong>Our products are completely free from the harsh irritant Sodium Lauryl Sulfate (SLS) to avoid any skin and eye irritation and drying out of your skin.<\/p>","button_label":"","button_link":"","button_style":"primary","align_text":"left","layout":"right","divider":false}},"product-recommendations":{"type":"product-recommendations","settings":{"show_product_recommendations":true,"product_recommendations_heading":"You may also like","related_count":5}},"recently-viewed":{"type":"recently-viewed","settings":{"recent_count":5}},"sub":{"type":"product-full-width","disabled":true,"settings":{"max_width":true}},"collection-return":{"type":"collection-return","disabled":true,"settings":{}}},"order":["main","16569349512fca4514","1645442616332b66ff","1645443569f11155cb","16454571047b646ecb","164545719819abfccf","1646121139100c75f7","product-recommendations","recently-viewed","sub","collection-return"]}