{"sections":{"main":{"type":"main-product","blocks":{"05c26ee0-a660-4441-bf7b-ef37bd98525f":{"type":"text","settings":{"text":"Broad-spectrum UV protection | SPF 50, PA+++"}},"price":{"type":"price","settings":{}},"ce61263f-a073-4642-91a1-9da2b44bbf83":{"type":"custom","settings":{"code":"<\/h4><\/br>\n<h4 class=\"mob-text\" style=\"display: inline; letter-spacing: 1px; margin-right: 20px;\">Not sure if the product is right for you ?\n<\/h4>\n<a href=\"https:\/\/riveladermascience.com\/pages\/skin-assessment\"> <button class=\"mob-but\" style=\"background: #000; color: #fff; border: none; border-radius: 5px;\npadding: 8px 20px; font-weight: bold;\" type=\"button\">TAKE THE FREE SKIN ASSESSMENT<\/button><\/a>"}},"2748fc28-0660-41c3-ba12-7d42799747fd":{"type":"custom","disabled":true,"settings":{"code":"<a href=\"https:\/\/riveladermascience.com\/collections\/monsoon-sale\"><img src=\"https:\/\/cdn.shopify.com\/s\/files\/1\/0609\/2485\/4478\/files\/Monsoon_1200_X_100_3.jpg?v=1656767148\" \/><\/a>"}},"a3531cec-ddcc-4714-a4ef-99e48b5c721a":{"type":"quantity_selector","settings":{}},"variant_picker":{"type":"variant_picker","settings":{"variant_labels":true,"picker_type":"button","color_swatches":false}},"buy_buttons":{"type":"buy_buttons","settings":{"show_dynamic_checkout":true,"surface_pickup_enable":true}},"45a6b925-d900-42e2-8f6b-7302179ec6c7":{"type":"custom","settings":{"code":"<h3>OFFERS AVAILABLE<\/h3>\n<a href=\"https:\/\/riveladermascience.com\/collections\/20-off-products\"><p class=\"cupon\"><span class=\"hypen\"> - <\/span>FLAT 20% OFF ON SELECTED PRODUCTS.<\/p><\/a>\n\n<a href=\"https:\/\/riveladermascience.com\/collections\/sunscreen\"><p class=\"cupon\"><span class=\"hypen\"> - <\/span>FLAT 30% OFF ON PURCHASE OF ANY 2 SUNSCREENS.<\/p><\/a>\n\n<a href=\"https:\/\/riveladermascience.com\/products\/under-eye-cream\"><p class=\"cupon\" style=\"text-transform:uppercase;\"><span class=\"hypen\"> - <\/span>BUY 1 Multi Peptide Under Eye Cream AND GET 1 FREE.<\/p><\/a>\n\n<a href=\"https:\/\/riveladermascience.com\/collections\/shop-all><p class=\"cupon\" style=\"text-transform:uppercase;\"><span class=\"hypen\"> - <\/span>20% OFF SITEWIDE<\/p><\/a>\n\n<a href=\"https:\/\/riveladermascience.com\/collections\/all-active-products\"><p class=\"cupon\" style=\"text-transform:uppercase;\"><span class=\"hypen\"> - <\/span>FLAT 10% OFF ON ORDERS ABOVE 599 AND 20% OFF ON ORDERS ABOVE 999<\/p><\/a>\n\n\n<a href=\"https:\/\/riveladermascience.com\/collections\/offer-products\"><p class=\"cupon\"><span class=\"hypen\"> - <\/span>BUY ANY 2 PRODUCTS AND GET A FREE DEEP CLEAN FOAMING CLEANSER.<\/p><\/a>\n\n\n<a href=\"https:\/\/riveladermascience.com\/collections\/all-products\"><p class=\"cupon\"><span class=\"hypen\"> - <\/span>USE CODE RIVELA10 FOR FIRST TIME PURCHASE<\/p>\n<\/a>\n<style>\nspan.hypen {\n    font-size: 30px;\n    margin: 0;\n    line-height: 0;\n}\n<\/style>"}},"d79f760a-82fe-402c-8b72-308e8bd7720a":{"type":"custom","settings":{"code":"<p class=\"product__text\"><b>Name and Address of Manufacturer:<\/b>NG Electro Products Pvt. Ltd. Unit II, Plot No. 36, HIMUDA Industrial Area , Phase-IV, Bhatolikalan, Baddi , Distt. Solan, (Himachal Pradesh) – 173205​\n\nMfg. Lic No. HIM\/COS\/18\/266​\n<br>  <b>Country of Origin:<\/b>  India <br>  <b>Net Quantity:<\/b> 50ml <br>  <b>Best Before:<\/b> 24 months from manufacture<br>  <b>Dimensions:<\/b> 42*32*138 mm<\/p>"}},"856ddde9-040d-4cad-80e2-27de60ddc1f4":{"type":"custom","disabled":true,"settings":{"code":"<b>RECOMMENDED FOR<\/b>\n<div class=\"recomm-section\">\n  <div class=\"recomm-image\">\n    <img src=\"https:\/\/cdn.shopify.com\/s\/files\/1\/0609\/2485\/4478\/files\/Sun_protec.svg?v=1646213798\" alt=\"\" style=\"width:15%\">\n    <span>Sun Protection<\/span>\n    <\/div>\n  \n  <div class=\"recomm-image\">\n    <img src=\"https:\/\/cdn.shopify.com\/s\/files\/1\/0609\/2485\/4478\/files\/All_skin_type-01.svg?v=1646207232\" alt=\"\" style=\"width:15%\">\n    <span>All Skin Types<\/span>\n   <\/div> \n  \n  <\/div>\n  <!--<div class=\"icon-section1\">\n  <div class=\"recomm-image\">\n    <img src=\"https:\/\/cdn.shopify.com\/s\/files\/1\/0609\/2485\/4478\/files\/Acne_prone_skin-01.svg?v=1646205684\" alt=\"\" style=\"width:15%\">\n    <span>Acne-Prone<\/span>\n   <\/div> \n\n  <!--<div class=\"recomm-image\">\n    <img src=\"https:\/\/cdn.shopify.com\/s\/files\/1\/0609\/2485\/4478\/files\/Icons_Website_4-01.svg?v=1645104128\" alt=\"\" style=\"width:15%\">\n    <span>Acne-Prone Skin<\/span>\n  <\/div>-->\n<br>\n<\/div>"}},"fc3095b4-5549-472a-b7e2-5121a60e664f":{"type":"description","disabled":true,"settings":{"is_tab":true}},"07f47159-2ac9-4365-b73c-e5150f5c455a":{"type":"tab","settings":{"title":"Description","content":"<p>An advanced mineral based sunscreen from the house of Cipla, with a wide spectrum of protection, developed for a non-sticky feel and smooth finish. It is infused with result driven clinically proven ingredients like Tinosorb M, Zinc Oxide, and Titanium Dioxide to protect and form an invisible screen over the surface of the skin for maximized defense.<\/p><p>A natural moisturizer with powers against the damages posed by the Sun and pollution to protect the skin from any sort of pigmentation, scarring, or wrinkling. With infusion of SPF 50 PA+++ and superpowers of antioxidants, this Sunscreen conditions and nourishes the skin so as to not make it appear cracked or patchy.<\/p><p><strong>Dimensions - 42*32*138 mm<\/strong><\/p>","page":""}},"e8fe8c5c-616a-4a15-a302-46271a7cc2fc":{"type":"tab","settings":{"title":"Ingredients","content":"","page":"tinosorb-m-zinc-oxide-mineral-sunscreen"}},"1149bac9-be1c-4eaa-86a6-61d4d6209839":{"type":"tab","settings":{"title":"How To Use","content":"<p>• Apply on face, neck & exposed areas of skin.<\/p><p>• Apply 15-20 minutes prior to sun exposure.<\/p><p>• For best results, reapply every 3-4 hours.<\/p>","page":""}},"8c2f8b95-2df3-4f09-b30e-2a0456454c21":{"type":"tab","settings":{"title":"OFFERS YOU CAN'T RESIST","content":"<p>Sign up and Save 10% on your first purchase.<br\/><\/p>","page":""}},"share":{"type":"share","settings":{}}},"block_order":["05c26ee0-a660-4441-bf7b-ef37bd98525f","price","ce61263f-a073-4642-91a1-9da2b44bbf83","2748fc28-0660-41c3-ba12-7d42799747fd","a3531cec-ddcc-4714-a4ef-99e48b5c721a","variant_picker","buy_buttons","45a6b925-d900-42e2-8f6b-7302179ec6c7","d79f760a-82fe-402c-8b72-308e8bd7720a","856ddde9-040d-4cad-80e2-27de60ddc1f4","fc3095b4-5549-472a-b7e2-5121a60e664f","07f47159-2ac9-4365-b73c-e5150f5c455a","e8fe8c5c-616a-4a15-a302-46271a7cc2fc","1149bac9-be1c-4eaa-86a6-61d4d6209839","8c2f8b95-2df3-4f09-b30e-2a0456454c21","share"],"settings":{"sku_enable":false,"image_position":"left","image_size":"medium","product_zoom_enable":true,"thumbnail_position":"below","thumbnail_arrows":false,"mobile_layout":"full","enable_video_looping":true,"product_video_style":"muted"}},"16569344922a60d4ab":{"type":"slideshow","disabled":true,"blocks":{"1656934491a02fb22d-0":{"type":"image","settings":{"top_subheading":"","title":"","title_size":80,"subheading":"","link":"https:\/\/riveladermascience.com\/collections\/monsoon-sale","link_text":"","link_2":"","link_text_2":"","color_accent":"rgba(0,0,0,0)","text_align":"vertical-center horizontal-center","image":"shopify:\/\/shop_images\/Monsoon_1200x300_1.jpg","image_mobile":"shopify:\/\/shop_images\/Monsoon_1800x2400_3_-min.jpg","overlay_opacity":0,"focal_point":"center center"}}},"block_order":["1656934491a02fb22d-0"],"settings":{"section_height":"natural","mobile_height":"auto","parallax":false,"style":"bars","autoplay":true,"autoplay_speed":5}},"1645442616332b66ff":{"type":"text-and-image","settings":{"image":"shopify:\/\/shop_images\/SUnscreen-Lotion-B_dc97675c-0ab3-4dda-a37e-89cc1c2cbddb.jpg","image2":"shopify:\/\/shop_images\/SUnscreen-Lotion-P_d39ae9c1-9b64-4732-9970-79375e1f6686.jpg","image_width":700,"subtitle":"","title":"Key Benefits","text":"","button_label":"","button_link":"","button_style":"primary","align_text":"center","layout":"right","divider":false}},"1645443569f11155cb":{"type":"slideshow","blocks":{"1645443569bb2c2761-0":{"type":"image","settings":{"top_subheading":"","title":"","title_size":80,"subheading":"","link":"","link_text":"","link_2":"","link_text_2":"","color_accent":"rgba(0,0,0,0)","text_align":"vertical-center horizontal-center","image":"shopify:\/\/shop_images\/Tinosorb-M.png","image_mobile":"shopify:\/\/shop_images\/Tinosorm-M-m.png","overlay_opacity":0,"focal_point":"center center"}},"5b65b841-0457-44b2-8ebb-9ec54cc36f8d":{"type":"image","settings":{"top_subheading":"","title":"","title_size":80,"subheading":"","link":"","link_text":"","link_2":"","link_text_2":"","color_accent":"rgba(0,0,0,0)","text_align":"vertical-center horizontal-center","image":"shopify:\/\/shop_images\/Zno_6a5df5f6-82b8-45c4-aab3-61259c34a883.png","image_mobile":"shopify:\/\/shop_images\/ZnO-M_1c8f9b97-1c42-4b75-b4cb-ea0c927e45e3.png","overlay_opacity":0,"focal_point":"center center"}},"1645443569bb2c2761-1":{"type":"image","settings":{"top_subheading":"","title":"","title_size":80,"subheading":"","link":"","link_text":"","link_2":"","link_text_2":"","color_accent":"rgba(0,0,0,0)","text_align":"vertical-center horizontal-center","image":"shopify:\/\/shop_images\/TiO2_fc01fb45-2ca8-4715-9231-f0867f65d4c0.png","image_mobile":"shopify:\/\/shop_images\/TiO2-M_f2bcc8bb-5d93-430a-bd99-8e389842afa4.png","overlay_opacity":0,"focal_point":"center center"}}},"block_order":["1645443569bb2c2761-0","5b65b841-0457-44b2-8ebb-9ec54cc36f8d","1645443569bb2c2761-1"],"settings":{"section_height":"natural","mobile_height":"auto","parallax":false,"style":"dots","autoplay":false,"autoplay_speed":5}},"16454571047b646ecb":{"type":"hero-video","settings":{"title":"Bringing together the power of<br>science and dermatology","title_size":45,"subheading":"","link_text":"Learn More","link":"shopify:\/\/pages\/our-story","color_accent":"rgba(0,0,0,0)","text_align":"vertical-center horizontal-center","video_url":"https:\/\/cdn.shopify.com\/s\/files\/1\/0609\/2485\/4478\/files\/pexels-ivan-samkov-8485633.mp4?v=1645767890","overlay_opacity":0,"section_height":"550px","mobile_height":"auto"}},"164545719819abfccf":{"type":"rich-text","blocks":{"164545719887e2ddc1-1":{"type":"text","settings":{"enlarge_text":false,"text":"<p>Experience the science backed skincare products from the trusted house of Cipla which are developed by scientists and evaluated by dermatologists.<\/p><p>Rivela Dermascience products are dermatologically tested on Indian skin by leading labs in the country for their efficacy and safety against any allergies, reactions or inflammations. These clinical tests are conducted under standardised protocols and under the guidance of dermatologists.<\/p>"}}},"block_order":["164545719887e2ddc1-1"],"settings":{"align_text":"center","narrow_column":true,"divider":false}},"1646152792ff3e32b6":{"type":"text-and-image","settings":{"image":"shopify:\/\/shop_images\/Trust_20df2c27-e11a-4542-b885-dee25123b1e1.jpg","image_width":500,"subtitle":"","title":"Our Commitments","text":"<p><strong>Paraben Free - <\/strong>Our products are free from harmful preservatives (parabens) which artificially increase the shelf life of products.<\/p><p><strong>Mineral Oil Free - <\/strong>Our formulas are free from mineral oils for a clog-free and irritation free experience.<\/p><p><strong>Dermatologically Tested - <\/strong>All the products go through the highest standards of safety testing under the supervision of leading dermatologists.<\/p><p><strong>Not Tested On Animals -<\/strong> Our products have never been tested on animals, and are 100% cruelty free.<\/p><p><strong>SLS Free - <\/strong>Our products are completely free from the harsh irritant Sodium Lauryl Sulfate (SLS) to avoid any skin and eye irritation and drying out of your skin.<\/p>","button_label":"","button_link":"","button_style":"primary","align_text":"left","layout":"right","divider":false}},"product-recommendations":{"type":"product-recommendations","settings":{"show_product_recommendations":true,"product_recommendations_heading":"You may also like","related_count":5}},"recently-viewed":{"type":"recently-viewed","settings":{"recent_count":5}},"sub":{"type":"product-full-width","disabled":true,"settings":{"max_width":true}},"collection-return":{"type":"collection-return","disabled":true,"settings":{}}},"order":["main","16569344922a60d4ab","1645442616332b66ff","1645443569f11155cb","16454571047b646ecb","164545719819abfccf","1646152792ff3e32b6","product-recommendations","recently-viewed","sub","collection-return"]}