{"sections":{"main":{"type":"main-product","blocks":{"price":{"type":"price","settings":{}},"55732b12-f2a3-49a9-bde1-8a368f32f60a":{"type":"custom","settings":{"code":"<h4 class=\"mob-text\" style=\"display: inline; letter-spacing: 1px; margin-right: 20px;\">Not sure if the product is right for you ?\n<\/h4>\n<button class=\"mob-but\" style=\"background: #000; color: #fff; border: none; border-radius: 5px;\npadding: 8px 20px; font-weight: bold;\" type=\"button\">FREE SKIN ASSESSMENT<\/button>"}},"separator":{"type":"separator","settings":{}},"variant_picker":{"type":"variant_picker","settings":{"variant_labels":true,"picker_type":"button","color_swatches":false}},"sales_point":{"type":"sales_point","disabled":true,"settings":{"icon":"globe","text":"Free worldwide shipping"}},"inventory_status":{"type":"inventory_status","disabled":true,"settings":{"inventory_threshold":10,"inventory_transfers_enable":true}},"buy_buttons":{"type":"buy_buttons","settings":{"show_dynamic_checkout":true,"surface_pickup_enable":true}},"4dffee9a-26ba-4120-9527-1c4dae1c7c87":{"type":"custom","settings":{"code":"<b>RECOMMENDED FOR<\/b>\n<div class=\"recomm-section\">\n  <div class=\"recomm-image\">\n    <img src=\"https:\/\/cdn.shopify.com\/s\/files\/1\/0609\/2485\/4478\/files\/Active_Acne.svg?v=1646205684\" alt=\"\" style=\"width:15%\">\n    <span>Active Acne<\/span>\n    <\/div>\n  \n    <div class=\"icon-section1\">\n    <div class=\"recomm-image\">\n      <img src=\"https:\/\/cdn.shopify.com\/s\/files\/1\/0609\/2485\/4478\/files\/Acne_prone_skin-01.svg?v=1646205684\" alt=\"\" style=\"width:15%\">\n      <span>Acne-Prone Skin\n  <\/span>\n     <\/div> \n\n  <div class=\"recomm-image\">\n    <img src=\"https:\/\/cdn.shopify.com\/s\/files\/1\/0609\/2485\/4478\/files\/All_skin_type-01.svg?v=1646207232\" alt=\"\" style=\"width:15%\">\n    <span>All Skin Types<\/span>\n   <\/div> \n  \n  <\/div>\n  \n\n  <!--<div class=\"recomm-image\">\n    <img src=\"https:\/\/cdn.shopify.com\/s\/files\/1\/0609\/2485\/4478\/files\/Icons_Website_4-01.svg?v=1645104128\" alt=\"\" style=\"width:15%\">\n    <span>Acne-Prone Skin<\/span>\n  <\/div>-->\n<br>\n<\/div>"}},"description":{"type":"description","disabled":true,"settings":{"is_tab":false}},"tab":{"type":"tab","settings":{"title":"Description","content":"<p>At Rivela, dermatologists weigh in on all the most effective products, no matter if you're dealing with active acne, breakout management, or stubborn hormonal acne. Get the superpowers of Ultralight Matte Dry Sunscreen Gel that provide broad-spectrum protection for your skin against the aging UVA and burning UVB rays of the sun, 10% Niacinamide + 1% Hyaluronic Acid Serum that fight the appearance of active acne and acne scars to promote a youthful-looking skin, Salicylic Acid and Hyaluronic Acid Gel designed for fighting active acne and breakout management, 2% Salicylic Acid + Hyaluronic Acid Face Cleanser gently decongests pores, exfoliates dead skin cells & Allantoin and Salicylic Acid Gel a moisturizing gel that quickly absorbs into the skin to condition and soothe the skin thoroughly in the crusader of Acne Care Routine Set. <\/p>","page":""}},"a87516cd-bc94-432d-819f-5fdbc7de3eaa":{"type":"tab","settings":{"title":"What this Bundle Contains","content":"","page":"copy-of-allantoin-and-salicylic-acid-gel-for-oil-free-hydration"}},"contact":{"type":"contact","disabled":true,"settings":{"title":"Ask a question","phone":false}},"1c570df9-3362-4ff8-b1d6-504f7fabbcbb":{"type":"tab","settings":{"title":"How To Use","content":"<p><strong>Step 1<\/strong><br\/>In the morning, take out a small amount of 2% Salicylic Acid + Hyaluronic Acid Face Cleanser and massage it onto wet skin in a gentle upward circular motion. Rinse thoroughly with lukewarm water and gently pat dry.<br\/><br\/><strong>Step 2<\/strong><br\/>On clean and dry skin, apply 2-3 drops of 0% Niacinamide + 1% Hyaluronic Acid Serum on the entire face and neck. Massage gently until the serum gets absorbed.<br\/><br\/><strong>Step 3<\/strong><br\/>Apply Allantaoin and Salicylic Acid Gel after cleansing your face. <br\/><br\/><strong>Step 4<\/strong><br\/>Apply a thin layer of Salicylic Acid and Hyaluronic Acid Gel on active acne and massage gently. Use 2-3 times daily and as needed. <\/p><p><strong>Step 5<\/strong><br\/>Follow up with a broad-spectrum Ultralight Matte Dry Sunscreen Gel for complete protection against the aging UVA and burning UVB rays of the sun.<\/p>","page":""}},"share":{"type":"share","settings":{}}},"block_order":["price","55732b12-f2a3-49a9-bde1-8a368f32f60a","separator","variant_picker","sales_point","inventory_status","buy_buttons","4dffee9a-26ba-4120-9527-1c4dae1c7c87","description","tab","a87516cd-bc94-432d-819f-5fdbc7de3eaa","contact","1c570df9-3362-4ff8-b1d6-504f7fabbcbb","share"],"settings":{"sku_enable":false,"image_position":"left","image_size":"medium","product_zoom_enable":true,"thumbnail_position":"below","thumbnail_arrows":false,"mobile_layout":"full","enable_video_looping":true,"product_video_style":"muted"}},"16461194964318cc55":{"type":"text-and-image","disabled":true,"settings":{"image":"shopify:\/\/shop_images\/Oil-free-mois-B_adc8c77a-1918-4875-be2d-a6fd05d74fd9.jpg","image2":"shopify:\/\/shop_images\/Vit-C-P.jpg","image_width":700,"subtitle":"","title":"Key Benefits","text":"","button_label":"","button_link":"","button_style":"primary","align_text":"left","layout":"right","divider":false}},"16461195108d2de136":{"type":"slideshow","disabled":true,"blocks":{"164611951041217243-0":{"type":"image","settings":{"top_subheading":"","title":"","title_size":80,"subheading":"","link":"","link_text":"","link_2":"","link_text_2":"","color_accent":"rgba(0,0,0,0)","text_align":"vertical-center horizontal-center","image":"shopify:\/\/shop_images\/Salicylic_0a025c0c-bda8-46fe-8e7f-c2d47ec90f4a.png","overlay_opacity":0,"focal_point":"center center"}},"164611951041217243-1":{"type":"image","settings":{"top_subheading":"","title":"","title_size":80,"subheading":"","link":"","link_text":"","link_2":"","link_text_2":"","color_accent":"rgba(0,0,0,0)","text_align":"vertical-center horizontal-center","image":"shopify:\/\/shop_images\/Hyaluronic-2.png","overlay_opacity":0,"focal_point":"center center"}},"6e96a32e-6257-4cb7-b623-7d321d8d1f20":{"type":"image","settings":{"top_subheading":"","title":"","title_size":80,"subheading":"","link":"","link_text":"","link_2":"","link_text_2":"","color_accent":"rgba(0,0,0,0)","text_align":"vertical-center horizontal-center","image":"shopify:\/\/shop_images\/Banner_14.jpg","overlay_opacity":0,"focal_point":"center center"}}},"block_order":["164611951041217243-0","164611951041217243-1","6e96a32e-6257-4cb7-b623-7d321d8d1f20"],"settings":{"section_height":"650px","mobile_height":"auto","parallax":true,"style":"bars","autoplay":true,"autoplay_speed":5}},"1646119524ef47ad1c":{"type":"hero-video","settings":{"title":"Bringing together the power of\nscience and dermatology","title_size":50,"subheading":"","link_text":"Learn More","link":"shopify:\/\/pages\/our-story","color_accent":"rgba(0,0,0,0)","text_align":"vertical-center horizontal-center","video_url":"https:\/\/cdn.shopify.com\/s\/files\/1\/0609\/2485\/4478\/files\/pexels-ivan-samkov-8485633.mp4?v=1645767890","overlay_opacity":0,"section_height":"650px","mobile_height":"auto"}},"1646119546a61ca400":{"type":"rich-text","blocks":{"16461195465fd70b16-0":{"type":"heading","disabled":true,"settings":{"title":""}},"16461195465fd70b16-1":{"type":"text","settings":{"enlarge_text":false,"text":"<p>Experience the science backed skincare products from the trusted house of Cipla which are developed by scientists and evaluated by dermatologists. <\/p><p>Rivela Dermascience products are dermatologically tested on Indian skin by leading labs in the country for their efficacy and safety against any allergies, reactions or inflammations. These clinical tests are conducted under standardised protocols and under the guidance of dermatologists.<\/p>"}}},"block_order":["16461195465fd70b16-0","16461195465fd70b16-1"],"settings":{"align_text":"center","narrow_column":true,"divider":false}},"164966471681e42131":{"type":"text-and-image","settings":{"image":"shopify:\/\/shop_images\/Trust_20df2c27-e11a-4542-b885-dee25123b1e1.jpg","image_width":500,"subtitle":"","title":"Our Commitments","text":"<p><strong>Paraben Free - <\/strong>Our products are free from harmful preservatives (parabens) which artificially increase the shelf life of products.<\/p><p><strong>Mineral Oil Free - <\/strong>Our formulas are free from mineral oils for a clog-free and irritation free experience.<\/p><p><strong>Dermatologically Tested - <\/strong>All the products go through the highest standards of safety testing under the supervision of leading dermatologists.<\/p><p><strong>Not Tested On Animals -<\/strong> Our products have never been tested on animals, and are 100% cruelty free.<\/p><p><strong>SLS Free - <\/strong>Our products are completely free from the harsh irritant Sodium Lauryl Sulfate (SLS) to avoid any skin and eye irritation and drying out of your skin.<\/p>","button_label":"","button_link":"","button_style":"primary","align_text":"left","layout":"right","divider":false}},"sub":{"type":"product-full-width","disabled":true,"blocks":{"246219e2-c12a-4820-88b2-d0ad84b258ec":{"type":"description","settings":{"is_tab":false}}},"block_order":["246219e2-c12a-4820-88b2-d0ad84b258ec"],"settings":{"max_width":true}},"product-recommendations":{"type":"product-recommendations","settings":{"show_product_recommendations":true,"product_recommendations_heading":"You may also like","related_count":5}},"recently-viewed":{"type":"recently-viewed","settings":{"recent_count":5}},"collection-return":{"type":"collection-return","settings":{}}},"order":["main","16461194964318cc55","16461195108d2de136","1646119524ef47ad1c","1646119546a61ca400","164966471681e42131","sub","product-recommendations","recently-viewed","collection-return"]}