{"sections":{"main":{"type":"main-product","blocks":{"05c26ee0-a660-4441-bf7b-ef37bd98525f":{"type":"text","settings":{"text":"For Dark Circles, Fine Lines & Crow's Feet"}},"price":{"type":"price","settings":{}},"ce61263f-a073-4642-91a1-9da2b44bbf83":{"type":"custom","settings":{"code":"<h4 class=\"mob-text\" style=\"display: inline; letter-spacing: 1px; margin-right: 20px;\">Not sure if the product is right for you ?\n<\/h4>\n<a href=\"https:\/\/riveladermascience.com\/pages\/skin-assessment\"> <button class=\"mob-but\" style=\"background: #000; color: #fff; border: none; border-radius: 5px;\npadding: 8px 20px; font-weight: bold;\" type=\"button\">TAKE THE FREE SKIN ASSESSMENT<\/button><\/a>"}},"f7f16a68-c86a-4923-ab39-d420b221d0fa":{"type":"custom","disabled":true,"settings":{"code":"<a href=\"https:\/\/riveladermascience.com\/collections\/monsoon-sale\"><img src=\"https:\/\/cdn.shopify.com\/s\/files\/1\/0609\/2485\/4478\/files\/Monsoon_1200_X_100_3.jpg?v=1656767148\" \/><\/a>"}},"a3531cec-ddcc-4714-a4ef-99e48b5c721a":{"type":"quantity_selector","settings":{}},"variant_picker":{"type":"variant_picker","settings":{"variant_labels":true,"picker_type":"button","color_swatches":false}},"buy_buttons":{"type":"buy_buttons","settings":{"show_dynamic_checkout":true,"surface_pickup_enable":true}},"c8d95efc-5026-446e-866a-ea1efc92817a":{"type":"custom","settings":{"code":"<h3>OFFERS AVAILABLE<\/h3>\n<a href=\"https:\/\/riveladermascience.com\/collections\/20-off-products\"><p class=\"cupon\"><span class=\"hypen\"> - <\/span>FLAT 20% OFF ON SELECTED PRODUCTS.<\/p><\/a>\n\n<a href=\"https:\/\/riveladermascience.com\/collections\/sunscreen\"><p class=\"cupon\"><span class=\"hypen\"> - <\/span>FLAT 30% OFF ON PURCHASE OF ANY 2 SUNSCREENS.<\/p><\/a>\n\n<a href=\"https:\/\/riveladermascience.com\/products\/under-eye-cream\"><p class=\"cupon\" style=\"text-transform:uppercase;\"><span class=\"hypen\"> - <\/span>BUY 1 Multi Peptide Under Eye Cream AND GET 1 FREE.<\/p><\/a>\n\n<a href=\"https:\/\/riveladermascience.com\/collections\/shop-all><p class=\"cupon\" style=\"text-transform:uppercase;\"><span class=\"hypen\"> - <\/span>20% OFF SITEWIDE<\/p><\/a>\n\n<a href=\"https:\/\/riveladermascience.com\/collections\/all-active-products\"><p class=\"cupon\" style=\"text-transform:uppercase;\"><span class=\"hypen\"> - <\/span>FLAT 10% OFF ON ORDERS ABOVE 599 AND 20% OFF ON ORDERS ABOVE 999<\/p><\/a>\n\n\n<a href=\"https:\/\/riveladermascience.com\/collections\/offer-products\"><p class=\"cupon\"><span class=\"hypen\"> - <\/span>BUY ANY 2 PRODUCTS AND GET A FREE DEEP CLEAN FOAMING CLEANSER.<\/p><\/a>\n\n\n<a href=\"https:\/\/riveladermascience.com\/collections\/all-products\"><p class=\"cupon\"><span class=\"hypen\"> - <\/span>USE CODE RIVELA10 FOR FIRST TIME PURCHASE<\/p>\n<\/a>\n<style>\nspan.hypen {\n    font-size: 30px;\n    margin: 0;\n    line-height: 0;\n}\n<\/style>"}},"5a0f8d13-b291-4c7c-90ce-4437354f6514":{"type":"custom","settings":{"code":"<p class=\"product__text\"><b>Name and Address of Manufacturer:<\/b> NG Electro Products Pvt. Ltd. Unit II, Plot No. 36, HIMUDA Industrial Area , Phase-IV, Bhatolikalan, Baddi , Distt. Solan, (Himachal Pradesh) – 173205​\n\nMfg. Lic No. HIM\/COS\/18\/266​\n<br>  <b>Country of Origin:<\/b>  India <br>  <b>Net Quantity:<\/b> 15ml <br>  <b>Best Before:<\/b> 24 months from manufacture<br>  <b>Dimensions:<\/b> 35*30*148<\/p>"}},"856ddde9-040d-4cad-80e2-27de60ddc1f4":{"type":"custom","disabled":true,"settings":{"code":"<b>RECOMMENDED FOR<\/b>\n<div class=\"recomm-section\">\n  <div class=\"recomm-image\">\n    <img src=\"https:\/\/cdn.shopify.com\/s\/files\/1\/0609\/2485\/4478\/files\/Dark_circles-01.svg?v=1649327291\" alt=\"\" style=\"width:15%\">\n    <span>Dark Circles<\/span>\n    <\/div>\n  \n  <div class=\"recomm-image\">\n    <img src=\"https:\/\/cdn.shopify.com\/s\/files\/1\/0609\/2485\/4478\/files\/Fine_Lines-01.svg?v=1649327291\" alt=\"\" style=\"width:15%\">\n    <span>Fine Lines<\/span>\n   <\/div> \n  \n  <\/div>\n  <!--<div class=\"icon-section1\">\n  <div class=\"recomm-image\">\n    <img src=\"https:\/\/cdn.shopify.com\/s\/files\/1\/0609\/2485\/4478\/files\/Dry_Skin.svg?v=1646205684\" alt=\"\" style=\"width:15%\">\n    <span>Dry Skin<\/span>\n  <\/div>\n\n  <div class=\"recomm-image\">\n    <img src=\"https:\/\/cdn.shopify.com\/s\/files\/1\/0609\/2485\/4478\/files\/Icons_Website_4-01.svg?v=1645104128\" alt=\"\" style=\"width:15%\">\n    <span>Acne-Prone Skin<\/span>\n  <\/div>-->\n<br>\n<\/div>"}},"fc3095b4-5549-472a-b7e2-5121a60e664f":{"type":"description","disabled":true,"settings":{"is_tab":true}},"07f47159-2ac9-4365-b73c-e5150f5c455a":{"type":"tab","settings":{"title":"Description","content":"<p>Multi-peptide eye cream from the house of Cipla brightens and improves the appearance of skin by combating dark circles from the core. It also effectively smoothens out fine lines and wrinkles to give a supple, radiant look. The eye cream helps reduce under-eye bags, evens out fine lines and\/or bumps, and targets the visible signs of ageing. <\/p><p>Science-backed formulation of Matrixyl 3000, AGH, and Hyaluronic Acid to hydrate and plump saggy skin to give a youthfully enriched look. HA effectively binds water to collagen to flourish a supple appearance. <\/p>","page":""}},"e8fe8c5c-616a-4a15-a302-46271a7cc2fc":{"type":"tab","settings":{"title":"Ingredients","content":"","page":"multi-peptide-under-eye-cream"}},"1149bac9-be1c-4eaa-86a6-61d4d6209839":{"type":"tab","settings":{"title":"How To Use","content":"<p>• Squeeze out a pea sized amount onto a finger tip for each eye.<\/p><p>• Gently tap into the skin around the eye area until absorbed.<\/p><p>• Incorporate in your AM and PM routine & use twice daily for best results. <\/p>","page":""}},"a488044d-d001-411d-958d-8f4ed9512c58":{"type":"tab","settings":{"title":"<b>Offers You can't resist<\/b>","content":"<p> Sign up and Save 10% on your first purchase.<\/p>","page":""}},"share":{"type":"share","settings":{}}},"block_order":["05c26ee0-a660-4441-bf7b-ef37bd98525f","price","ce61263f-a073-4642-91a1-9da2b44bbf83","f7f16a68-c86a-4923-ab39-d420b221d0fa","a3531cec-ddcc-4714-a4ef-99e48b5c721a","variant_picker","buy_buttons","c8d95efc-5026-446e-866a-ea1efc92817a","5a0f8d13-b291-4c7c-90ce-4437354f6514","856ddde9-040d-4cad-80e2-27de60ddc1f4","fc3095b4-5549-472a-b7e2-5121a60e664f","07f47159-2ac9-4365-b73c-e5150f5c455a","e8fe8c5c-616a-4a15-a302-46271a7cc2fc","1149bac9-be1c-4eaa-86a6-61d4d6209839","a488044d-d001-411d-958d-8f4ed9512c58","share"],"settings":{"sku_enable":false,"image_position":"left","image_size":"medium","product_zoom_enable":true,"thumbnail_position":"below","thumbnail_arrows":false,"mobile_layout":"full","enable_video_looping":true,"product_video_style":"muted"}},"165693432219f4e436":{"type":"slideshow","disabled":true,"blocks":{"165693432275ad00db-0":{"type":"image","settings":{"top_subheading":"","title":"","title_size":80,"subheading":"","link":"https:\/\/riveladermascience.com\/collections\/monsoon-sale","link_text":"","link_2":"","link_text_2":"","color_accent":"rgba(0,0,0,0)","text_align":"vertical-center horizontal-center","image":"shopify:\/\/shop_images\/Monsoon_1200x300_1.jpg","image_mobile":"shopify:\/\/shop_images\/Monsoon_1800x2400_3_-min.jpg","overlay_opacity":0,"focal_point":"center center"}}},"block_order":["165693432275ad00db-0"],"settings":{"section_height":"natural","mobile_height":"auto","parallax":false,"style":"bars","autoplay":true,"autoplay_speed":5}},"1645442616332b66ff":{"type":"text-and-image","settings":{"image":"shopify:\/\/shop_images\/Under-eye-B.jpg","image2":"shopify:\/\/shop_images\/Under-eye-P.jpg","image_width":700,"subtitle":"","title":"Key Benefits","text":"","button_label":"","button_link":"","button_style":"primary","align_text":"center","layout":"right","divider":false}},"1645443569f11155cb":{"type":"slideshow","blocks":{"1645443569bb2c2761-0":{"type":"image","settings":{"top_subheading":"","title":"","title_size":80,"subheading":"","link":"","link_text":"","link_2":"","link_text_2":"","color_accent":"rgba(0,0,0,0)","text_align":"vertical-center horizontal-center","image":"shopify:\/\/shop_images\/Matrixyl-3000.png","image_mobile":"shopify:\/\/shop_images\/MAtrixyl-3000-M.png","overlay_opacity":0,"focal_point":"center center"}},"5b65b841-0457-44b2-8ebb-9ec54cc36f8d":{"type":"image","settings":{"top_subheading":"","title":"","title_size":80,"subheading":"","link":"","link_text":"","link_2":"","link_text_2":"","color_accent":"rgba(0,0,0,0)","text_align":"vertical-center horizontal-center","image":"shopify:\/\/shop_images\/Alpha-glucosyl-H.png","image_mobile":"shopify:\/\/shop_images\/Alpha-Glucosyl-H-m.png","overlay_opacity":0,"focal_point":"center center"}},"1645443569bb2c2761-1":{"type":"image","settings":{"top_subheading":"","title":"","title_size":80,"subheading":"","link":"","link_text":"","link_2":"","link_text_2":"","color_accent":"rgba(0,0,0,0)","text_align":"vertical-center horizontal-center","image":"shopify:\/\/shop_images\/Hyaluronic_eea6bc9d-43ae-4a5e-a436-65221ee9a08d.png","image_mobile":"shopify:\/\/shop_images\/HYaluronic-Acid-M_a5bd073b-f828-4e2a-804d-47a06aad406f.png","overlay_opacity":0,"focal_point":"center center"}}},"block_order":["1645443569bb2c2761-0","5b65b841-0457-44b2-8ebb-9ec54cc36f8d","1645443569bb2c2761-1"],"settings":{"section_height":"natural","mobile_height":"auto","parallax":false,"style":"bars","autoplay":false,"autoplay_speed":5}},"16454571047b646ecb":{"type":"hero-video","settings":{"title":"Bringing together the power<br>of\nscience and dermatology","title_size":45,"subheading":"","link_text":"Learn More","link":"shopify:\/\/pages\/our-story","color_accent":"rgba(0,0,0,0)","text_align":"vertical-center horizontal-center","video_url":"https:\/\/cdn.shopify.com\/s\/files\/1\/0609\/2485\/4478\/files\/pexels-ivan-samkov-8485633.mp4?v=1645767890","overlay_opacity":0,"section_height":"550px","mobile_height":"auto"}},"164545719819abfccf":{"type":"rich-text","blocks":{"164545719887e2ddc1-1":{"type":"text","settings":{"enlarge_text":false,"text":"<p>Experience the science backed skincare products from the trusted house of Cipla which are developed by scientists and evaluated by dermatologists.<\/p><p>Rivela Dermascience products are dermatologically tested on Indian skin by leading labs in the country for their efficacy and safety against any allergies, reactions or inflammations. These clinical tests are conducted under standardised protocols and under the guidance of dermatologists.<\/p>"}}},"block_order":["164545719887e2ddc1-1"],"settings":{"align_text":"center","narrow_column":true,"divider":false}},"1646151739ec2939b5":{"type":"text-and-image","settings":{"image":"shopify:\/\/shop_images\/Trust_20df2c27-e11a-4542-b885-dee25123b1e1.jpg","image_width":450,"subtitle":"","title":"Our Commitments","text":"<p><strong>Paraben Free - <\/strong>Our products are free from harmful preservatives (parabens) which artificially increase the shelf life of products.<\/p><p><strong>Mineral Oil Free - <\/strong>Our formulas are free from mineral oils for a clog-free and irritation free experience.<\/p><p><strong>Dermatologically Tested - <\/strong>All the products go through the highest standards of safety testing under the supervision of leading dermatologists.<\/p><p><strong>Not Tested On Animals -<\/strong> Our products have never been tested on animals, and are 100% cruelty free.<\/p><p><strong>SLS Free - <\/strong>Our products are completely free from the harsh irritant Sodium Lauryl Sulfate (SLS) to avoid any skin and eye irritation and drying out of your skin.<\/p>","button_label":"","button_link":"","button_style":"primary","align_text":"left","layout":"right","divider":false}},"16454440015c4f201a":{"type":"background-image-text","disabled":true,"settings":{"subtitle":"","title":"Our Promise To You","text":"<p>Paraben Free - Harmful chemicals aren't a part of our product formula.<\/p><p>Mineral Oil Free - Our products don't contain any form of the ingredient in the formulas.<\/p><p>Not Tested On Animals - We never test on animals at any stage of products development or testing.<\/p><p>SLS Free - Our products does not contain the harsh and irritating ingredient Sodium Lauryl Sulfate (SLS).<\/p><p>Dermatologically Tested - The finished product has been tested on human skin & the formula is mostly safe to be applied on the skin.<\/p>","button_label":"","button_link":"","image":"shopify:\/\/shop_images\/Trust-Badges_9efbd2f6-2832-4388-b851-9f35108e23cc.jpg","focal_point":"80% 50%","layout":"left","height":750,"framed":true,"parallax":false}},"product-recommendations":{"type":"product-recommendations","settings":{"show_product_recommendations":true,"product_recommendations_heading":"You may also like","related_count":5}},"recently-viewed":{"type":"recently-viewed","settings":{"recent_count":5}},"sub":{"type":"product-full-width","disabled":true,"settings":{"max_width":true}},"collection-return":{"type":"collection-return","disabled":true,"settings":{}}},"order":["main","165693432219f4e436","1645442616332b66ff","1645443569f11155cb","16454571047b646ecb","164545719819abfccf","1646151739ec2939b5","16454440015c4f201a","product-recommendations","recently-viewed","sub","collection-return"]}