{"sections":{"main":{"type":"main-product","blocks":{"05c26ee0-a660-4441-bf7b-ef37bd98525f":{"type":"text","settings":{"text":"Defeat dark circles the right way. With Rivela’s Dark Circle Duo, the combination of 10% Niacinamide + 1% Hyaluronic Acid Serum and Multi Peptide Under Eye Cream, will provide you with radiant, youthful looking skin."}},"price":{"type":"price","settings":{}},"ce61263f-a073-4642-91a1-9da2b44bbf83":{"type":"custom","settings":{"code":"<h4 class=\"mob-text\" style=\"display: inline; letter-spacing: 1px; margin-right: 20px;\">Not sure if the product is right for you ?\n<\/h4>\n<a href=\"https:\/\/riveladermascience.com\/pages\/skin-assessment\"> <button class=\"mob-but\" style=\"background: #000; color: #fff; border: none; border-radius: 5px;\npadding: 8px 20px; font-weight: bold;\" type=\"button\">TAKE THE FREE SKIN ASSESSMENT<\/button><\/a>"}},"a3a4b069-6f11-49c3-b0f4-4da3570f9163":{"type":"product_info","settings":{"metafield_content":"{{ product.metafields.custom.product_short_information | metafield_tag }}"}},"9e5c1eb5-abd6-4647-b15f-8fc039cb463e":{"type":"custom","disabled":true,"settings":{"code":"<a href=\"https:\/\/riveladermascience.com\/collections\/monsoon-sale\"><img src=\"https:\/\/cdn.shopify.com\/s\/files\/1\/0609\/2485\/4478\/files\/Monsoon_1200_X_100_3.jpg?v=1656767148\" \/><\/a>"}},"a3531cec-ddcc-4714-a4ef-99e48b5c721a":{"type":"quantity_selector","settings":{}},"variant_picker":{"type":"variant_picker","settings":{"variant_labels":true,"picker_type":"button","color_swatches":false}},"buy_buttons":{"type":"buy_buttons","settings":{"show_dynamic_checkout":true,"surface_pickup_enable":true}},"4575beda-a8da-487e-b3d0-48b3fb53cae2":{"type":"custom","settings":{"code":"<h3>OFFERS AVAILABLE<\/h3>\n<a href=\"https:\/\/riveladermascience.com\/collections\/20-off-products\"><p class=\"cupon\"><span class=\"hypen\"> - <\/span>FLAT 20% OFF ON SELECTED PRODUCTS.<\/p><\/a>\n\n<a href=\"https:\/\/riveladermascience.com\/collections\/sunscreen\"><p class=\"cupon\"><span class=\"hypen\"> - <\/span>FLAT 30% OFF ON PURCHASE OF ANY 2 SUNSCREENS.<\/p><\/a>\n\n<a href=\"https:\/\/riveladermascience.com\/products\/under-eye-cream\"><p class=\"cupon\" style=\"text-transform:uppercase;\"><span class=\"hypen\"> - <\/span>BUY 1 Multi Peptide Under Eye Cream AND GET 1 FREE.<\/p><\/a>\n\n<a href=\"https:\/\/riveladermascience.com\/collections\/shop-all><p class=\"cupon\" style=\"text-transform:uppercase;\"><span class=\"hypen\"> - <\/span>20% OFF SITEWIDE<\/p><\/a>\n\n<a href=\"https:\/\/riveladermascience.com\/collections\/all-active-products\"><p class=\"cupon\" style=\"text-transform:uppercase;\"><span class=\"hypen\"> - <\/span>FLAT 10% OFF ON ORDERS ABOVE 599 AND 20% OFF ON ORDERS ABOVE 999<\/p><\/a>\n\n<a href=\"https:\/\/riveladermascience.com\/collections\/offer-products\"><p class=\"cupon\"><span class=\"hypen\"> - <\/span>BUY ANY 2 PRODUCTS AND GET A FREE DEEP CLEAN FOAMING CLEANSER.<\/p><\/a>\n\n\n<a href=\"https:\/\/riveladermascience.com\/collections\/all-products\"><p class=\"cupon\"><span class=\"hypen\"> - <\/span>USE CODE RIVELA10 FOR FIRST TIME PURCHASE<\/p>\n<\/a>\n<style>\nspan.hypen {\n    font-size: 30px;\n    margin: 0;\n    line-height: 0;\n}\n<\/style>"}},"856ddde9-040d-4cad-80e2-27de60ddc1f4":{"type":"custom","disabled":true,"settings":{"code":"<b>RECOMMENDED FOR<\/b>\n<div class=\"recomm-section\">\n  <div class=\"recomm-image\">\n    <img src=\"https:\/\/cdn.shopify.com\/s\/files\/1\/0609\/2485\/4478\/files\/Active_Acne.svg?v=1646205684\" alt=\"\" style=\"width:15%\">\n    <span>Active Acne<\/span>\n    <\/div>\n  \n  <div class=\"recomm-image\">\n    <img src=\"https:\/\/cdn.shopify.com\/s\/files\/1\/0609\/2485\/4478\/files\/Oily_Skin.svg?v=1646209415\" alt=\"\" style=\"width:15%\">\n    <span>Oily Skin<\/span>\n   <\/div> \n  \n  <\/div>\n  <div class=\"icon-section1\">\n  <div class=\"recomm-image\">\n    <img src=\"https:\/\/cdn.shopify.com\/s\/files\/1\/0609\/2485\/4478\/files\/Acne_prone_skin-01.svg?v=1646205684\" alt=\"\" style=\"width:15%\">\n    <span>Acne-Prone Skin\n<\/span>\n   <\/div> \n\n  <!--<div class=\"recomm-image\">\n    <img src=\"https:\/\/cdn.shopify.com\/s\/files\/1\/0609\/2485\/4478\/files\/Icons_Website_4-01.svg?v=1645104128\" alt=\"\" style=\"width:15%\">\n    <span>Acne-Prone Skin<\/span>\n  <\/div>-->\n<br>\n<\/div>"}},"fc3095b4-5549-472a-b7e2-5121a60e664f":{"type":"description","disabled":true,"settings":{"is_tab":true}},"07f47159-2ac9-4365-b73c-e5150f5c455a":{"type":"tab","settings":{"title":"Description","content":"<p><em>Yes to Youthful Skin<br\/><\/em><br\/>This serum battles the signs of active acne and acne scars to produce radiance for the skin. The 10% Niacinamide + 1% Hyaluronic Acid Serum also aids in hydration for plump-looking skin, and evens out skin tone from the inside out. <br\/><br\/><em>Diminish Dark Circles <\/em><br\/><br\/>The Multi Peptide Under Eye Cream fights dark circles from the inside out and brightens and improves the appearance of skin. It gives the skin a supple, radiant appearance by reducing telltale symptoms of ageing by reducing under-eye bags, smoothing out fine lines and\/or bumps, and improving skin texture.<br\/><\/p>","page":""}},"e8fe8c5c-616a-4a15-a302-46271a7cc2fc":{"type":"tab","settings":{"title":"Ingredients","content":"<p>Niacinamide - Essential for maintaining the skin's moisture balance. It also decreases overall inflammation, leading to fewer pimples.<br\/><br\/>Hyaluronic Acid - Aids in the binding of water to collagen, which moisturises and firms up drooping skin. It aids in minimising the visibility of tiny wrinkles.<br\/><br\/>Matrixyl 3000 - A collagen booster used in reversing the effects of early ageing. In general, the complexion is smoother and wrinkles appear smaller.<br\/><br\/>Alpha Glucosyl Hesperidin: An active component, well known for enhancing circulation and minimising dark circles and puffiness beneath the eyes.<br\/><\/p>","page":""}},"1149bac9-be1c-4eaa-86a6-61d4d6209839":{"type":"tab","settings":{"title":"How To Use","content":"<p><em>10% Niacinamide and 1% Hyaluronic Acid Serum:<\/em><br\/><br\/>• Cleanse your face <br\/><br\/>• Massage 2-3 drops of serum in circular strokes.<br\/><br\/>• Gently tap the serum into your skin before going on to the next product in your routine.<br\/><br\/>• Use twice a day for optimal results.<br\/><\/p><p><em>Multi Peptide Under Eye Cream:<br\/><\/em><br\/>• For each eye, squeeze out a pea-sized amount onto a finger tip.<br\/><br\/>• Gently tap the product around the eye until it's absorbed.<br\/><br\/>• Use twice daily and include into your AM and PM routines for optimum effects.<br\/><\/p>","page":""}},"43654c0c-d30f-4ec9-b2ac-ec1a94afd40d":{"type":"tab","settings":{"title":"<b>Offers You can't resist<\/b>","content":"<p> Sign up and Save 10% on your first purchase.<\/p>","page":""}},"share":{"type":"share","settings":{}}},"block_order":["05c26ee0-a660-4441-bf7b-ef37bd98525f","price","ce61263f-a073-4642-91a1-9da2b44bbf83","a3a4b069-6f11-49c3-b0f4-4da3570f9163","9e5c1eb5-abd6-4647-b15f-8fc039cb463e","a3531cec-ddcc-4714-a4ef-99e48b5c721a","variant_picker","buy_buttons","4575beda-a8da-487e-b3d0-48b3fb53cae2","856ddde9-040d-4cad-80e2-27de60ddc1f4","fc3095b4-5549-472a-b7e2-5121a60e664f","07f47159-2ac9-4365-b73c-e5150f5c455a","e8fe8c5c-616a-4a15-a302-46271a7cc2fc","1149bac9-be1c-4eaa-86a6-61d4d6209839","43654c0c-d30f-4ec9-b2ac-ec1a94afd40d","share"],"settings":{"sku_enable":false,"image_position":"left","image_size":"medium","product_zoom_enable":true,"thumbnail_position":"below","thumbnail_arrows":false,"mobile_layout":"full","enable_video_looping":true,"product_video_style":"muted"}},"1656770731e27c6061":{"type":"slideshow","disabled":true,"blocks":{"1656770731a088ccea-0":{"type":"image","settings":{"top_subheading":"","title":"","title_size":80,"subheading":"","link":"https:\/\/riveladermascience.com\/collections\/monsoon-sale","link_text":"","link_2":"","link_text_2":"","color_accent":"rgba(0,0,0,0)","text_align":"vertical-center horizontal-center","image":"shopify:\/\/shop_images\/Monsoon_1200x300_1.jpg","image_mobile":"shopify:\/\/shop_images\/Monsoon_1800x2400_3_-min.jpg","overlay_opacity":0,"focal_point":"center center"}}},"block_order":["1656770731a088ccea-0"],"settings":{"section_height":"natural","mobile_height":"auto","parallax":false,"style":"bars","autoplay":true,"autoplay_speed":5}},"1645442616332b66ff":{"type":"text-and-image","disabled":true,"settings":{"image":"shopify:\/\/shop_images\/281571090_595767238181622_8751514204480890010_n.jpg","image_width":700,"subtitle":"","title":"Key Benefits","text":"","button_label":"","button_link":"","button_style":"primary","align_text":"center","layout":"right","divider":false}},"1645443569f11155cb":{"type":"slideshow","disabled":true,"blocks":{"1645443569bb2c2761-0":{"type":"image","settings":{"top_subheading":"","title":"","title_size":80,"subheading":"","link":"","link_text":"","link_2":"","link_text_2":"","color_accent":"rgba(0,0,0,0)","text_align":"vertical-center horizontal-center","image":"shopify:\/\/shop_images\/Salicylic.png","image_mobile":"shopify:\/\/shop_images\/Salicylic-M.png","overlay_opacity":0,"focal_point":"center center"}},"5b65b841-0457-44b2-8ebb-9ec54cc36f8d":{"type":"image","settings":{"top_subheading":"","title":"","title_size":80,"subheading":"","link":"","link_text":"","link_2":"","link_text_2":"","color_accent":"rgba(0,0,0,0)","text_align":"vertical-center horizontal-center","image":"shopify:\/\/shop_images\/Hyaluronic_71960f7f-a427-4c58-ac9d-bdb8028e02fa.png","image_mobile":"shopify:\/\/shop_images\/HYaluronic-Acid-M_964d18c6-2be4-41e6-a216-1e648cc55b6a.png","overlay_opacity":0,"focal_point":"center center"}},"1645443569bb2c2761-1":{"type":"image","settings":{"top_subheading":"","title":"","title_size":80,"subheading":"","link":"","link_text":"","link_2":"","link_text_2":"","color_accent":"rgba(0,0,0,0)","text_align":"vertical-center horizontal-center","image":"shopify:\/\/shop_images\/Tea-tree-Oil.png","image_mobile":"shopify:\/\/shop_images\/Tea-tree-oil-M.png","overlay_opacity":0,"focal_point":"center center"}}},"block_order":["1645443569bb2c2761-0","5b65b841-0457-44b2-8ebb-9ec54cc36f8d","1645443569bb2c2761-1"],"settings":{"section_height":"natural","mobile_height":"auto","parallax":false,"style":"dots","autoplay":true,"autoplay_speed":5}},"16454571047b646ecb":{"type":"hero-video","settings":{"title":"Bringing together the power of<br>science and dermatology","title_size":45,"subheading":"","link_text":"Learn More","link":"shopify:\/\/pages\/our-story","color_accent":"rgba(0,0,0,0)","text_align":"vertical-center horizontal-center","video_url":"https:\/\/cdn.shopify.com\/s\/files\/1\/0609\/2485\/4478\/files\/pexels-ivan-samkov-8485633.mp4?v=1645767890","overlay_opacity":0,"section_height":"550px","mobile_height":"auto"}},"164545719819abfccf":{"type":"rich-text","blocks":{"164545719887e2ddc1-1":{"type":"text","settings":{"enlarge_text":false,"text":"<p>Experience the science backed skincare products from the trusted house of Cipla which are developed by scientists and evaluated by dermatologists.<\/p><p>Rivela Dermascience products are dermatologically tested on Indian skin by leading labs in the country for their efficacy and safety against any allergies, reactions or inflammations. These clinical tests are conducted under standardised protocols and under the guidance of dermatologists.<\/p>"}}},"block_order":["164545719887e2ddc1-1"],"settings":{"align_text":"center","narrow_column":true,"divider":false}},"1646121425abc5b6db":{"type":"text-and-image","settings":{"image":"shopify:\/\/shop_images\/Trust_20df2c27-e11a-4542-b885-dee25123b1e1.jpg","image_width":500,"subtitle":"","title":"Our Commitments","text":"<p><strong>Paraben Free - <\/strong>Our products are free from harmful preservatives (parabens) which artificially increase the shelf life of products.<\/p><p><strong>Mineral Oil Free - <\/strong>Our formulas are free from mineral oils for a clog-free and irritation free experience.<\/p><p><strong>Dermatologically Tested - <\/strong>All the products go through the highest standards of safety testing under the supervision of leading dermatologists.<\/p><p><strong>Not Tested On Animals -<\/strong> Our products have never been tested on animals, and are 100% cruelty free.<\/p><p><strong>SLS Free - <\/strong>Our products are completely free from the harsh irritant Sodium Lauryl Sulfate (SLS) to avoid any skin and eye irritation and drying out of your skin.<\/p>","button_label":"","button_link":"","button_style":"primary","align_text":"left","layout":"right","divider":false}},"product-recommendations":{"type":"product-recommendations","settings":{"show_product_recommendations":true,"product_recommendations_heading":"You may also like","related_count":5}},"recently-viewed":{"type":"recently-viewed","settings":{"recent_count":5}},"sub":{"type":"product-full-width","disabled":true,"settings":{"max_width":true}},"collection-return":{"type":"collection-return","disabled":true,"settings":{}}},"order":["main","1656770731e27c6061","1645442616332b66ff","1645443569f11155cb","16454571047b646ecb","164545719819abfccf","1646121425abc5b6db","product-recommendations","recently-viewed","sub","collection-return"]}