{"sections":{"main":{"type":"main-product","blocks":{"05c26ee0-a660-4441-bf7b-ef37bd98525f":{"type":"text","settings":{"text":"An assortment of products to help you battle the persistent scars and acne. This set is powered with the combination of 2% Salicylic Acid + Hyaluronic Acid Face Cleanser to keep the skin forever fresh, 10% Niacinamide + 1% Hyaluronic Acid Serum to keep the acne at bay, AHA BHA Clarifying Gel to target scars, Allantoin and Salicylic Acid Gel for 24 hour moisturisation, Ultralight Matte Dry Sunscreen Gel for optimum protection and Salicylic Acid and Hyaluronic Acid Gel for clearing dead skin residue."}},"price":{"type":"price","settings":{}},"ce61263f-a073-4642-91a1-9da2b44bbf83":{"type":"custom","settings":{"code":"<h4 class=\"mob-text\" style=\"display: inline; letter-spacing: 1px; margin-right: 20px;\">Not sure if the product is right for you ?\n<\/h4>\n<a href=\"https:\/\/riveladermascience.com\/pages\/skin-assessment\"> <button class=\"mob-but\" style=\"background: #000; color: #fff; border: none; border-radius: 5px;\npadding: 8px 20px; font-weight: bold;\" type=\"button\">TAKE THE FREE SKIN ASSESSMENT<\/button><\/a>"}},"9ddaca34-b72a-4e48-b4a5-8d0e141d5773":{"type":"product_info","settings":{"metafield_content":"{{ product.metafields.custom.product_short_information | metafield_tag }}"}},"db1bb50a-b9b1-4d79-a656-87d12eb45f4b":{"type":"custom","disabled":true,"settings":{"code":"<a href=\"https:\/\/riveladermascience.com\/collections\/monsoon-sale\"><img src=\"https:\/\/cdn.shopify.com\/s\/files\/1\/0609\/2485\/4478\/files\/Monsoon_1200_X_100_3.jpg?v=1656767148\" \/><\/a>"}},"a3531cec-ddcc-4714-a4ef-99e48b5c721a":{"type":"quantity_selector","settings":{}},"variant_picker":{"type":"variant_picker","settings":{"variant_labels":true,"picker_type":"button","color_swatches":false}},"buy_buttons":{"type":"buy_buttons","settings":{"show_dynamic_checkout":true,"surface_pickup_enable":true}},"6385e990-684f-405c-b533-fe8958512232":{"type":"custom","settings":{"code":"<h3>OFFERS AVAILABLE<\/h3>\n<a <h3>OFFERS AVAILABLE<\/h3>\n<a href=\"https:\/\/riveladermascience.com\/collections\/20-off-products\"><p class=\"cupon\"><span class=\"hypen\"> - <\/span>FLAT 20% OFF ON SELECTED PRODUCTS.<\/p><\/a>\n\n<a href=\"https:\/\/riveladermascience.com\/collections\/sunscreen\"><p class=\"cupon\"><span class=\"hypen\"> - <\/span>FLAT 30% OFF ON PURCHASE OF ANY 2 SUNSCREENS.<\/p><\/a>\n\n<a href=\"https:\/\/riveladermascience.com\/products\/under-eye-cream\"><p class=\"cupon\" style=\"text-transform:uppercase;\"><span class=\"hypen\"> - <\/span>BUY 1 Multi Peptide Under Eye Cream AND GET 1 FREE.<\/p><\/a>\n\n<a href=\"https:\/\/riveladermascience.com\/collections\/shop-all><p class=\"cupon\" style=\"text-transform:uppercase;\"><span class=\"hypen\"> - <\/span>20% OFF SITEWIDE<\/p><\/a>\n\n<a href=\"https:\/\/riveladermascience.com\/collections\/all-active-products\"><p class=\"cupon\" style=\"text-transform:uppercase;\"><span class=\"hypen\"> - <\/span>FLAT 10% OFF ON ORDERS ABOVE 599 AND 20% OFF ON ORDERS ABOVE 999<\/p><\/a>\n\n\n<a href=\"https:\/\/riveladermascience.com\/collections\/offer-products\"><p class=\"cupon\"><span class=\"hypen\"> - <\/span>BUY ANY 2 PRODUCTS AND GET A FREE DEEP CLEAN FOAMING CLEANSER.<\/p><\/a>\n\n\n<a href=\"https:\/\/riveladermascience.com\/collections\/all-products\"><p class=\"cupon\"><span class=\"hypen\"> - <\/span>USE CODE RIVELA10 FOR FIRST TIME PURCHASE<\/p>\n<\/a>\n<style>\nspan.hypen {\n    font-size: 30px;\n    margin: 0;\n    line-height: 0;\n}\n<\/style>"}},"856ddde9-040d-4cad-80e2-27de60ddc1f4":{"type":"custom","settings":{"code":"<b>RECOMMENDED FOR<\/b>\n<div class=\"recomm-section\">\n  <div class=\"recomm-image\">\n    <img src=\"https:\/\/cdn.shopify.com\/s\/files\/1\/0609\/2485\/4478\/files\/Active_Acne.svg?v=1646205684\" alt=\"\" style=\"width:15%\">\n    <span>Active Acne<\/span>\n    <\/div>\n  \n  <div class=\"recomm-image\">\n    <img src=\"https:\/\/cdn.shopify.com\/s\/files\/1\/0609\/2485\/4478\/files\/Oily_Skin.svg?v=1646209415\" alt=\"\" style=\"width:15%\">\n    <span>Oily Skin<\/span>\n   <\/div> \n  \n  <\/div>\n  <div class=\"icon-section1\">\n  <div class=\"recomm-image\">\n    <img src=\"https:\/\/cdn.shopify.com\/s\/files\/1\/0609\/2485\/4478\/files\/Acne_prone_skin-01.svg?v=1646205684\" alt=\"\" style=\"width:15%\">\n    <span>Acne-Prone Skin\n<\/span>\n   <\/div> \n\n  <!--<div class=\"recomm-image\">\n    <img src=\"https:\/\/cdn.shopify.com\/s\/files\/1\/0609\/2485\/4478\/files\/Icons_Website_4-01.svg?v=1645104128\" alt=\"\" style=\"width:15%\">\n    <span>Acne-Prone Skin<\/span>\n  <\/div>-->\n<br>\n<\/div>"}},"fc3095b4-5549-472a-b7e2-5121a60e664f":{"type":"description","disabled":true,"settings":{"is_tab":true}},"07f47159-2ac9-4365-b73c-e5150f5c455a":{"type":"tab","settings":{"title":"Description","content":"<p><em>Deal With The Dirt<br\/><\/em><br\/>Solve your acne troubles with the 2% Salicylic Acid + Hyaluronic Acid Face Cleanser designed specifically to decongest your pores, exfoliate dead skin cells and extract out dirt and sebum. This sulfate-free cleanser is the key to improving hydration and for soothing your skin. <br\/><br\/><em>Sayonara, Scars<br\/><\/em><br\/>This serum battles the signs of active acne and acne scars to produce radiance for the skin. The 10% Niacinamide + 1% Hyaluronic Acid Serum also aids in hydration for plump-looking skin, and evens out skin tone from the inside out. <br\/><br\/><em>Clean and Gleam<br\/><\/em><br\/>Specifically created to treat aggressive acne, the AHA BHA Clarifying Gel gently unclogs pores, targets acne scars, exfoliates dead skin cells, and removes debris and oil. This gel is an all-rounder star who also retains skin moisture and prevents over-drying. <br\/><br\/><em>Lock the Moisture<br\/><\/em><br\/>The answer to an oil-free moisturisation lies with the Allantoin and Salicylic Acid Gel. This product quickly absorbs into the skin and keeps it hydrated for 24 hours. This serum is friendly to both acne-prone skin as well as dry skin. <br\/><br\/><em>Matte Protection<br\/><\/em><br\/>The formulation of the Ultralight Matte Dry Sunscreen Gel is designed to give your skin a shine-free, non-greasy appearance. This sunscreen gel is non-sticky and oil-free with a mattifying texture and is ideal for use as a base layer for makeup. Not to mention it is SPF 50!<br\/><br\/><em>Clear the Impurities<br\/><\/em><br\/>Salicylic Acid and Hyaluronic Acid Gel eliminates active acne on the skin while also battling scars and removing dead skin cells. This gel's oil-free formula protects acne-prone skin from pollutants and has an extensive spectrum of treatments to successfully treat acne and acne scars. <br\/><\/p>","page":""}},"e8fe8c5c-616a-4a15-a302-46271a7cc2fc":{"type":"tab","settings":{"title":"Ingredients","content":"<p>Salicylic Acid - Permeates pores to eliminate clogged oil and dead skin cells. Also acts as a great exfoliator of skin.<br\/><br\/>Niacinamide - Essential for maintaining the skin's moisture balance. It also decreases overall inflammation, leading to fewer pimples.<br\/><br\/>Allantoin - A skin-calming active component that moisturises and nourishes the skin. Also aids in calming inflammations<br\/><br\/>Zinc Oxide - A mineral-based broad-spectrum ingredient that filters UVA and UVB radiation. It is sensitive to sunlight, efficient, and skin-friendly.<br\/><br\/>Glycolic Acid: Penetrates the skin to clear up acne pits and patches. It also minimises the visibility of scars because of its capacity to promote elastin and collagen.<\/p>","page":""}},"1149bac9-be1c-4eaa-86a6-61d4d6209839":{"type":"tab","settings":{"title":"How To Use","content":"<p><em>2% Salicylic Acid + Hyaluronic Acid Face Cleanser:<\/em><br\/><br\/>• Dampen the face and apply a generous amount of face wash. <br\/><br\/>• In a circular motion, gently massage a light lather over your face.<\/p><p>• Thoroughly rinse and pat dry. For maximum results, use it twice a day.<br\/><br\/><em>10% Niacinamide and 1% Hyaluronic Acid Serum:<\/em><br\/><br\/>• Cleanse your face <br\/><br\/>• Massage 2-3 drops of serum in circular strokes.<br\/><br\/>• Gently tap the serum into your skin before going on to the next product in your routine.<br\/><br\/>• Use twice a day for optimal results.<br\/><br\/><em>AHA BHA Clarifying Gel<\/em><br\/><br\/>• Rinse your face and use a towel to wipe it dry.<br\/><br\/>• Using your fingertips and evenly spread a pea-sized quantity of gel over the troubled regions.<br\/><br\/>• Apply a moisturiser devoid of oils to finish the regimen when the gel has dried. Use the gel frequently for two months to get the optimum effects.<br\/><br\/><em>Allantoin and Salicylic Acid Gel:<\/em><br\/><br\/>• Apply after the face is cleansed.<br\/><br\/>• Massage generous amount over face and neck.<br\/><br\/><em>Ultralight Matte Dry Sunscreen Gel:<\/em><br\/><br\/>• Apply on exposed areas of skin like face, neck, etc. <br\/><br\/>• Apply 15-20 minutes prior to sun exposure.<br\/><br\/>• Reapply every 3-4 hours for optimal results.<br\/><br\/><\/p>","page":""}},"43654c0c-d30f-4ec9-b2ac-ec1a94afd40d":{"type":"tab","settings":{"title":"Offers You can't resist","content":"<p> Sign up and Save 10% on your first purchase.<\/p>","page":""}},"share":{"type":"share","settings":{}}},"block_order":["05c26ee0-a660-4441-bf7b-ef37bd98525f","price","ce61263f-a073-4642-91a1-9da2b44bbf83","9ddaca34-b72a-4e48-b4a5-8d0e141d5773","db1bb50a-b9b1-4d79-a656-87d12eb45f4b","a3531cec-ddcc-4714-a4ef-99e48b5c721a","variant_picker","buy_buttons","6385e990-684f-405c-b533-fe8958512232","856ddde9-040d-4cad-80e2-27de60ddc1f4","fc3095b4-5549-472a-b7e2-5121a60e664f","07f47159-2ac9-4365-b73c-e5150f5c455a","e8fe8c5c-616a-4a15-a302-46271a7cc2fc","1149bac9-be1c-4eaa-86a6-61d4d6209839","43654c0c-d30f-4ec9-b2ac-ec1a94afd40d","share"],"settings":{"sku_enable":false,"image_position":"left","image_size":"medium","product_zoom_enable":true,"thumbnail_position":"below","thumbnail_arrows":false,"mobile_layout":"full","enable_video_looping":true,"product_video_style":"muted"}},"16567713804e10f27a":{"type":"slideshow","disabled":true,"blocks":{"1656771380ba6194ce-0":{"type":"image","settings":{"top_subheading":"","title":"","title_size":80,"subheading":"","link":"https:\/\/riveladermascience.com\/collections\/monsoon-sale","link_text":"","link_2":"","link_text_2":"","color_accent":"rgba(0,0,0,0)","text_align":"vertical-center horizontal-center","image":"shopify:\/\/shop_images\/Monsoon_1200x300_1.jpg","image_mobile":"shopify:\/\/shop_images\/Monsoon_1800x2400_3_-min.jpg","overlay_opacity":0,"focal_point":"center center"}}},"block_order":["1656771380ba6194ce-0"],"settings":{"section_height":"natural","mobile_height":"auto","parallax":false,"style":"bars","autoplay":true,"autoplay_speed":5}},"1645442616332b66ff":{"type":"text-and-image","disabled":true,"settings":{"image":"shopify:\/\/shop_images\/281571090_595767238181622_8751514204480890010_n.jpg","image_width":700,"subtitle":"","title":"Key Benefits","text":"","button_label":"","button_link":"","button_style":"primary","align_text":"center","layout":"right","divider":false}},"1645443569f11155cb":{"type":"slideshow","disabled":true,"blocks":{"1645443569bb2c2761-0":{"type":"image","settings":{"top_subheading":"","title":"","title_size":80,"subheading":"","link":"","link_text":"","link_2":"","link_text_2":"","color_accent":"rgba(0,0,0,0)","text_align":"vertical-center horizontal-center","image":"shopify:\/\/shop_images\/Salicylic.png","image_mobile":"shopify:\/\/shop_images\/Salicylic-M.png","overlay_opacity":0,"focal_point":"center center"}},"5b65b841-0457-44b2-8ebb-9ec54cc36f8d":{"type":"image","settings":{"top_subheading":"","title":"","title_size":80,"subheading":"","link":"","link_text":"","link_2":"","link_text_2":"","color_accent":"rgba(0,0,0,0)","text_align":"vertical-center horizontal-center","image":"shopify:\/\/shop_images\/Hyaluronic_71960f7f-a427-4c58-ac9d-bdb8028e02fa.png","image_mobile":"shopify:\/\/shop_images\/HYaluronic-Acid-M_964d18c6-2be4-41e6-a216-1e648cc55b6a.png","overlay_opacity":0,"focal_point":"center center"}},"1645443569bb2c2761-1":{"type":"image","settings":{"top_subheading":"","title":"","title_size":80,"subheading":"","link":"","link_text":"","link_2":"","link_text_2":"","color_accent":"rgba(0,0,0,0)","text_align":"vertical-center horizontal-center","image":"shopify:\/\/shop_images\/Tea-tree-Oil.png","image_mobile":"shopify:\/\/shop_images\/Tea-tree-oil-M.png","overlay_opacity":0,"focal_point":"center center"}}},"block_order":["1645443569bb2c2761-0","5b65b841-0457-44b2-8ebb-9ec54cc36f8d","1645443569bb2c2761-1"],"settings":{"section_height":"natural","mobile_height":"auto","parallax":false,"style":"dots","autoplay":true,"autoplay_speed":5}},"16454571047b646ecb":{"type":"hero-video","settings":{"title":"Bringing together the power of<br>science and dermatology","title_size":45,"subheading":"","link_text":"Learn More","link":"shopify:\/\/pages\/our-story","color_accent":"rgba(0,0,0,0)","text_align":"vertical-center horizontal-center","video_url":"https:\/\/cdn.shopify.com\/s\/files\/1\/0609\/2485\/4478\/files\/pexels-ivan-samkov-8485633.mp4?v=1645767890","overlay_opacity":0,"section_height":"550px","mobile_height":"auto"}},"164545719819abfccf":{"type":"rich-text","blocks":{"164545719887e2ddc1-1":{"type":"text","settings":{"enlarge_text":false,"text":"<p>Experience the science backed skincare products from the trusted house of Cipla which are developed by scientists and evaluated by dermatologists.<\/p><p>Rivela Dermascience products are dermatologically tested on Indian skin by leading labs in the country for their efficacy and safety against any allergies, reactions or inflammations. These clinical tests are conducted under standardised protocols and under the guidance of dermatologists.<\/p>"}}},"block_order":["164545719887e2ddc1-1"],"settings":{"align_text":"center","narrow_column":true,"divider":false}},"1646121425abc5b6db":{"type":"text-and-image","settings":{"image":"shopify:\/\/shop_images\/Trust_20df2c27-e11a-4542-b885-dee25123b1e1.jpg","image_width":500,"subtitle":"","title":"Our Commitments","text":"<p><strong>Paraben Free - <\/strong>Our products are free from harmful preservatives (parabens) which artificially increase the shelf life of products.<\/p><p><strong>Mineral Oil Free - <\/strong>Our formulas are free from mineral oils for a clog-free and irritation free experience.<\/p><p><strong>Dermatologically Tested - <\/strong>All the products go through the highest standards of safety testing under the supervision of leading dermatologists.<\/p><p><strong>Not Tested On Animals -<\/strong> Our products have never been tested on animals, and are 100% cruelty free.<\/p><p><strong>SLS Free - <\/strong>Our products are completely free from the harsh irritant Sodium Lauryl Sulfate (SLS) to avoid any skin and eye irritation and drying out of your skin.<\/p>","button_label":"","button_link":"","button_style":"primary","align_text":"left","layout":"right","divider":false}},"product-recommendations":{"type":"product-recommendations","settings":{"show_product_recommendations":true,"product_recommendations_heading":"You may also like","related_count":5}},"recently-viewed":{"type":"recently-viewed","settings":{"recent_count":5}},"sub":{"type":"product-full-width","disabled":true,"settings":{"max_width":true}},"collection-return":{"type":"collection-return","disabled":true,"settings":{}}},"order":["main","16567713804e10f27a","1645442616332b66ff","1645443569f11155cb","16454571047b646ecb","164545719819abfccf","1646121425abc5b6db","product-recommendations","recently-viewed","sub","collection-return"]}