{"sections":{"main":{"type":"main-product","blocks":{"description":{"type":"description","settings":{"is_tab":false}},"separator":{"type":"separator","settings":{}},"variant_picker":{"type":"variant_picker","settings":{"variant_labels":true,"picker_type":"button","color_swatches":false}},"buy_buttons":{"type":"buy_buttons","settings":{"show_dynamic_checkout":true,"surface_pickup_enable":true}},"share":{"type":"share","settings":{}},"ec2ad62e-15ec-4d73-b3f9-1c9e032d7ba9":{"type":"custom","disabled":true,"settings":{"code":"<h4>Custom code block<\/h4><p>Use this advanced section to add custom HTML, app scripts, or liquid.<\/p>"}}},"block_order":["description","separator","variant_picker","buy_buttons","share","ec2ad62e-15ec-4d73-b3f9-1c9e032d7ba9"],"settings":{"sku_enable":false,"image_position":"left","image_size":"medium","product_zoom_enable":true,"thumbnail_position":"beside","thumbnail_arrows":false,"mobile_layout":"partial","enable_video_looping":true,"product_video_style":"muted"}},"sub":{"type":"product-full-width","disabled":true,"settings":{"max_width":true}},"recently-viewed":{"type":"recently-viewed","disabled":true,"settings":{"recent_count":5}}},"order":["main","sub","recently-viewed"]}