{"sections":{"main":{"type":"main-product","blocks":{"05c26ee0-a660-4441-bf7b-ef37bd98525f":{"type":"text","settings":{"text":"For Scar & Spot Correction | Evens Out Fine Lines"}},"price":{"type":"price","settings":{}},"ce61263f-a073-4642-91a1-9da2b44bbf83":{"type":"custom","settings":{"code":"<h4 class=\"mob-text\" style=\"display: inline; letter-spacing: 1px; margin-right: 20px;\">Not sure if the product is right for you ?\n<\/h4>\n<a href=\"https:\/\/riveladermascience.com\/pages\/skin-assessment\"> <button class=\"mob-but\" style=\"background: #000; color: #fff; border: none; border-radius: 5px;\npadding: 8px 20px; font-weight: bold;\" type=\"button\">TAKE THE FREE SKIN ASSESSMENT<\/button><\/a>"}},"44330342-35b5-4b8b-b8d3-204ecad0785c":{"type":"custom","disabled":true,"settings":{"code":"<a href=\"https:\/\/riveladermascience.com\/collections\/monsoon-sale\"><img src=\"https:\/\/cdn.shopify.com\/s\/files\/1\/0609\/2485\/4478\/files\/Monsoon_1200_X_100_3.jpg?v=1656767148\" \/><\/a>"}},"a3531cec-ddcc-4714-a4ef-99e48b5c721a":{"type":"quantity_selector","settings":{}},"variant_picker":{"type":"variant_picker","settings":{"variant_labels":true,"picker_type":"button","color_swatches":false}},"buy_buttons":{"type":"buy_buttons","settings":{"show_dynamic_checkout":true,"surface_pickup_enable":true}},"fc7eaf46-b613-4d2c-9558-1c986ada414f":{"type":"custom","settings":{"code":"<h3>OFFERS AVAILABLE<\/h3>\n<a href=\"https:\/\/riveladermascience.com\/collections\/20-off-products\"><p class=\"cupon\"><span class=\"hypen\"> - <\/span>FLAT 20% OFF ON SELECTED PRODUCTS.<\/p><\/a>\n\n<a href=\"https:\/\/riveladermascience.com\/collections\/sunscreen\"><p class=\"cupon\"><span class=\"hypen\"> - <\/span>FLAT 30% OFF ON PURCHASE OF ANY 2 SUNSCREENS.<\/p><\/a>\n\n<a href=\"https:\/\/riveladermascience.com\/products\/under-eye-cream\"><p class=\"cupon\" style=\"text-transform:uppercase;\"><span class=\"hypen\"> - <\/span>BUY 1 Multi Peptide Under Eye Cream AND GET 1 FREE.<\/p><\/a>\n\n<a href=\"https:\/\/riveladermascience.com\/collections\/shop-all><p class=\"cupon\" style=\"text-transform:uppercase;\"><span class=\"hypen\"> - <\/span>20% OFF SITEWIDE<\/p><\/a>\n\n<a href=\"https:\/\/riveladermascience.com\/collections\/all-active-products\"><p class=\"cupon\" style=\"text-transform:uppercase;\"><span class=\"hypen\"> - <\/span>FLAT 10% OFF ON ORDERS ABOVE 599 AND 20% OFF ON ORDERS ABOVE 999<\/p><\/a>\n\n\n<a href=\"#><p class=\"cupon\" style=\"text-transform:uppercase;\"><span class=\"hypen\"> - <\/span>Salicylic Acid + Hyaluronic Acid Gel + AHA BHA Clarifying gel @ Flat 599<\/p><\/a>\n\n\n<a href=\"https:\/\/riveladermascience.com\/collections\/offer-products\"><p class=\"cupon\"><span class=\"hypen\"> - <\/span>BUY ANY 2 PRODUCTS AND GET A FREE DEEP CLEAN FOAMING CLEANSER.<\/p><\/a>\n\n\n<a href=\"https:\/\/riveladermascience.com\/collections\/all-products\"><p class=\"cupon\"><span class=\"hypen\"> - <\/span>USE CODE RIVELA10 FOR FIRST TIME PURCHASE<\/p>\n<\/a>\n<style>\nspan.hypen {\n    font-size: 30px;\n    margin: 0;\n    line-height: 0;\n}\n<\/style>"}},"f79210c9-535d-4aca-ad38-76978afe540e":{"type":"custom","settings":{"code":"<p class=\"product__text\"><b>Name and Address of Manufacturer:<\/b>NG Electro Products Pvt. Ltd. Unit II, Plot No. 36, HIMUDA Industrial Area , Phase-IV, Bhatolikalan, Baddi , Distt. Solan, (Himachal Pradesh) – 173205​\n\nMfg. Lic No. HIM\/COS\/18\/266​\n<br>  <b>Country of Origin:<\/b>  India <br>  <b>Net Quantity:<\/b> 15gm <br>  <b>Best Before:<\/b> 24 months from manufacture<br>  <b>Dimensions:<\/b> 35*30*148<\/p>"}},"856ddde9-040d-4cad-80e2-27de60ddc1f4":{"type":"custom","disabled":true,"settings":{"code":"<b>RECOMMENDED FOR<\/b>\n<div class=\"recomm-section\">\n  <div class=\"recomm-image\">\n    <img src=\"https:\/\/cdn.shopify.com\/s\/files\/1\/0609\/2485\/4478\/files\/Active_Acne.svg?v=1646205684\" alt=\"\" style=\"width:15%\">\n    <span>Active Acne<\/span>\n    <\/div>\n  \n  <div class=\"recomm-image\">\n    <img src=\"https:\/\/cdn.shopify.com\/s\/files\/1\/0609\/2485\/4478\/files\/Acne_prone_skin-01.svg?v=1646205684\" alt=\"\" style=\"width:15%\">\n    <span>Acne-Prone Skin<\/span>\n   <\/div> \n  \n  <\/div>\n  <div class=\"icon-section1\">\n  <div class=\"recomm-image\">\n    <img src=\"https:\/\/cdn.shopify.com\/s\/files\/1\/0609\/2485\/4478\/files\/Dry_Skin.svg?v=1646205684\" alt=\"\" style=\"width:15%\">\n    <span>Dry Skin<\/span>\n  <\/div>\n\n  <!--<div class=\"recomm-image\">\n    <img src=\"https:\/\/cdn.shopify.com\/s\/files\/1\/0609\/2485\/4478\/files\/Icons_Website_4-01.svg?v=1645104128\" alt=\"\" style=\"width:15%\">\n    <span>Acne-Prone Skin<\/span>\n  <\/div>-->\n<br>\n<\/div>"}},"fc3095b4-5549-472a-b7e2-5121a60e664f":{"type":"description","disabled":true,"settings":{"is_tab":true}},"07f47159-2ac9-4365-b73c-e5150f5c455a":{"type":"tab","settings":{"title":"Description","content":"<p>Designed carefully to combat active acne, the AHA BHA Clarifying Gel from the house of Cipla gently decongests pores, aims straight at acne scars, exfoliates dead skin cells, and extracts out dirt and sebum. Working thoroughly to pull out the impurities without over-drying the skin, the gel soothes skin from active acne and scars and improves skin hydration. <\/p><p>Science-backed formulation of Salicylic Acid, and Glycolic Acid to deeply penetrate the pores to remove clogged oil and skin cell build-up. The ingredients aid highly towards stimulation and production of collagen and elastin, resulting in significantly reducing the appearance scars. Enriched with Niacinamide, it plays a vital role to strike a moisture balance and harmonizing even skin tone effectively.<\/p>","page":""}},"e8fe8c5c-616a-4a15-a302-46271a7cc2fc":{"type":"tab","settings":{"title":"Ingredients","content":"","page":"aha-bha-clarifying-gel-for-scar-and-spot-correction"}},"1149bac9-be1c-4eaa-86a6-61d4d6209839":{"type":"tab","settings":{"title":"How To Use","content":"<p>• Cleanse your face thoroughly and pat it dry with a towel. <\/p><p>• Take a pea sized amount on your fingertips and apply an even layer of gel all over the affected areas.<\/p><p>• After the gel dries, complete the regime with an oil free moisturizer. For best results, use the AHA BHA gel regularly for 2 months.<\/p>","page":""}},"da3bd7e2-3c05-4c03-8814-5a9c2d081dd9":{"type":"tab","settings":{"title":"<b>Offers You can't resist<\/b>","content":"<p> Sign up and Save 10% on your first purchase.<\/p>","page":""}},"share":{"type":"share","settings":{}}},"block_order":["05c26ee0-a660-4441-bf7b-ef37bd98525f","price","ce61263f-a073-4642-91a1-9da2b44bbf83","44330342-35b5-4b8b-b8d3-204ecad0785c","a3531cec-ddcc-4714-a4ef-99e48b5c721a","variant_picker","buy_buttons","fc7eaf46-b613-4d2c-9558-1c986ada414f","f79210c9-535d-4aca-ad38-76978afe540e","856ddde9-040d-4cad-80e2-27de60ddc1f4","fc3095b4-5549-472a-b7e2-5121a60e664f","07f47159-2ac9-4365-b73c-e5150f5c455a","e8fe8c5c-616a-4a15-a302-46271a7cc2fc","1149bac9-be1c-4eaa-86a6-61d4d6209839","da3bd7e2-3c05-4c03-8814-5a9c2d081dd9","share"],"settings":{"sku_enable":false,"image_position":"left","image_size":"medium","product_zoom_enable":true,"thumbnail_position":"below","thumbnail_arrows":false,"mobile_layout":"full","enable_video_looping":true,"product_video_style":"muted"}},"1656933661a6292c79":{"type":"slideshow","disabled":true,"blocks":{"165693366142d84e92-0":{"type":"image","settings":{"top_subheading":"","title":"","title_size":80,"subheading":"","link":"https:\/\/riveladermascience.com\/collections\/monsoon-sale","link_text":"","link_2":"","link_text_2":"","color_accent":"rgba(0,0,0,0)","text_align":"vertical-center horizontal-center","image":"shopify:\/\/shop_images\/Monsoon_1200x300_1.jpg","image_mobile":"shopify:\/\/shop_images\/Monsoon_1800x2400_3_-min.jpg","overlay_opacity":0,"focal_point":"center center"}}},"block_order":["165693366142d84e92-0"],"settings":{"section_height":"natural","mobile_height":"auto","parallax":false,"style":"bars","autoplay":true,"autoplay_speed":5}},"1645442616332b66ff":{"type":"text-and-image","settings":{"image":"shopify:\/\/shop_images\/AHA-BHA-B_8144da3c-c1bb-4329-ae04-4e7edf68c721.jpg","image2":"shopify:\/\/shop_images\/AHA-BHA-P_7c0d9d09-66f5-40a0-8822-73d32b6b7bb9.jpg","image_width":700,"subtitle":"","title":"Key Benefits","text":"","button_label":"","button_link":"","button_style":"primary","align_text":"center","layout":"right","divider":false}},"1645443569f11155cb":{"type":"slideshow","blocks":{"5b65b841-0457-44b2-8ebb-9ec54cc36f8d":{"type":"image","settings":{"top_subheading":"","title":"","title_size":80,"subheading":"","link":"","link_text":"","link_2":"","link_text_2":"","color_accent":"rgba(0,0,0,0)","text_align":"vertical-center horizontal-center","image":"shopify:\/\/shop_images\/Salicylic_9669bbd8-868a-488e-929e-d953f08ef5c2.png","image_mobile":"shopify:\/\/shop_images\/Salicylic-M_ad26d95e-2fdf-4020-95ba-eb4d7a8d4271.png","overlay_opacity":0,"focal_point":"center center"}},"1645443569bb2c2761-0":{"type":"image","settings":{"top_subheading":"","title":"","title_size":80,"subheading":"","link":"","link_text":"","link_2":"","link_text_2":"","color_accent":"rgba(0,0,0,0)","text_align":"vertical-center horizontal-center","image":"shopify:\/\/shop_images\/Glycolic-Acid.png","image_mobile":"shopify:\/\/shop_images\/Glycolic-Acid-M.png","overlay_opacity":0,"focal_point":"center center"}},"1645443569bb2c2761-1":{"type":"image","settings":{"top_subheading":"","title":"","title_size":80,"subheading":"","link":"","link_text":"","link_2":"","link_text_2":"","color_accent":"rgba(0,0,0,0)","text_align":"vertical-center horizontal-center","image":"shopify:\/\/shop_images\/Niacinamide_e1fd7028-74ad-4138-9a12-e6e0c4bbc401.png","image_mobile":"shopify:\/\/shop_images\/Niacinamide-M_7d1542bf-db49-4033-8c57-a9fecbdf87d2.png","overlay_opacity":0,"focal_point":"center center"}}},"block_order":["5b65b841-0457-44b2-8ebb-9ec54cc36f8d","1645443569bb2c2761-0","1645443569bb2c2761-1"],"settings":{"section_height":"natural","mobile_height":"auto","parallax":false,"style":"dots","autoplay":true,"autoplay_speed":5}},"16454571047b646ecb":{"type":"hero-video","settings":{"title":"Bringing together the power of<br>science and dermatology","title_size":45,"subheading":"","link_text":"Learn More","link":"shopify:\/\/pages\/our-story","color_accent":"rgba(0,0,0,0)","text_align":"vertical-center horizontal-center","video_url":"https:\/\/cdn.shopify.com\/s\/files\/1\/0609\/2485\/4478\/files\/pexels-ivan-samkov-8485633.mp4?v=1645767890","overlay_opacity":0,"section_height":"550px","mobile_height":"auto"}},"164545719819abfccf":{"type":"rich-text","blocks":{"164545719887e2ddc1-1":{"type":"text","settings":{"enlarge_text":false,"text":"<p>Experience the science backed skincare products from the trusted house of Cipla which are developed by scientists and evaluated by dermatologists.<\/p><p>Rivela Dermascience products are dermatologically tested on Indian skin by leading labs in the country for their efficacy and safety against any allergies, reactions or inflammations. These clinical tests are conducted under standardised protocols and under the guidance of dermatologists.<\/p>"}}},"block_order":["164545719887e2ddc1-1"],"settings":{"align_text":"center","narrow_column":true,"divider":false}},"164615135314b6958a":{"type":"text-and-image","settings":{"image":"shopify:\/\/shop_images\/Trust_20df2c27-e11a-4542-b885-dee25123b1e1.jpg","image_width":500,"subtitle":"","title":"Our Commitments","text":"<p><strong>Paraben Free - <\/strong>Our products are free from harmful preservatives (parabens) which artificially increase the shelf life of products.<\/p><p><strong>Mineral Oil Free - <\/strong>Our formulas are free from mineral oils for a clog-free and irritation free experience.<\/p><p><strong>Dermatologically Tested - <\/strong>All the products go through the highest standards of safety testing under the supervision of leading dermatologists.<\/p><p><strong>Not Tested On Animals -<\/strong> Our products have never been tested on animals, and are 100% cruelty free.<\/p><p><strong>SLS Free - <\/strong>Our products are completely free from the harsh irritant Sodium Lauryl Sulfate (SLS) to avoid any skin and eye irritation and drying out of your skin.<\/p>","button_label":"","button_link":"","button_style":"primary","align_text":"left","layout":"right","divider":false}},"product-recommendations":{"type":"product-recommendations","settings":{"show_product_recommendations":true,"product_recommendations_heading":"You may also like","related_count":5}},"recently-viewed":{"type":"recently-viewed","settings":{"recent_count":5}},"sub":{"type":"product-full-width","disabled":true,"settings":{"max_width":true}},"collection-return":{"type":"collection-return","disabled":true,"settings":{}}},"order":["main","1656933661a6292c79","1645442616332b66ff","1645443569f11155cb","16454571047b646ecb","164545719819abfccf","164615135314b6958a","product-recommendations","recently-viewed","sub","collection-return"]}