{"sections":{"main":{"type":"main-product","blocks":{"6bcc3248-4e8c-439a-b3c6-13b566ff2cf2":{"type":"custom","settings":{"code":"<h4>Custom code block<\/h4><p>Use this advanced section to add custom HTML, app scripts, or liquid.<\/p>"}},"price":{"type":"price","settings":{}},"separator":{"type":"separator","settings":{}},"variant_picker":{"type":"variant_picker","settings":{"variant_labels":true,"picker_type":"button","color_swatches":false}},"sales_point":{"type":"sales_point","disabled":true,"settings":{"icon":"globe","text":"Free worldwide shipping"}},"inventory_status":{"type":"inventory_status","disabled":true,"settings":{"inventory_threshold":10,"inventory_transfers_enable":true}},"buy_buttons":{"type":"buy_buttons","settings":{"show_dynamic_checkout":true,"surface_pickup_enable":true}},"3b179f84-5a86-4a17-84a5-20de379b54fc":{"type":"custom","settings":{"code":"<h3>OFFERS AVAILABLE<\/h3><p class=\"cupon\"><span class=\"hypen\"> - <\/span>FLAT 25% OFF SITEWIDE.<\/p>\n\n\n<p class=\"cupon\"><span class=\"hypen\"> - <\/span>BUY ANY 2 PRODUCTS AND GET A FREE DEEP CLEAN FOAMING CLEANSER.<\/p>\n\n\n<p class=\"cupon\"><span class=\"hypen\"> - <\/span>USE CODE RIVELA10 FOR FIRST TIME PURCHASE<\/p>\n\n<style>\nspan.hypen {\n    font-size: 30px;\n    margin: 0;\n    line-height: 0;\n}\n<\/style>"}},"ab8348a7-573f-409c-b5b1-48785340c480":{"type":"custom","settings":{"code":"<h4>Custom code block<\/h4><p>Use this advanced section to add custom HTML, app scripts, or liquid.<\/p>"}},"description":{"type":"description","disabled":true,"settings":{"is_tab":false}},"tab":{"type":"tab","settings":{"title":"Shipping information","content":"<p>Use collapsible tabs for more detailed information that will help customers make a purchasing decision.<\/p><p>Ex: Shipping and return policies, size guides, and other common questions.<\/p>","page":""}},"contact":{"type":"contact","settings":{"title":"Ask a question","phone":false}},"share":{"type":"share","settings":{}}},"block_order":["6bcc3248-4e8c-439a-b3c6-13b566ff2cf2","price","separator","variant_picker","sales_point","inventory_status","buy_buttons","3b179f84-5a86-4a17-84a5-20de379b54fc","ab8348a7-573f-409c-b5b1-48785340c480","description","tab","contact","share"],"settings":{"sku_enable":false,"image_position":"left","image_size":"medium","product_zoom_enable":true,"thumbnail_position":"beside","thumbnail_arrows":false,"mobile_layout":"partial","enable_video_looping":true,"product_video_style":"muted"}},"sub":{"type":"product-full-width","blocks":{"246219e2-c12a-4820-88b2-d0ad84b258ec":{"type":"description","settings":{"is_tab":false}}},"block_order":["246219e2-c12a-4820-88b2-d0ad84b258ec"],"settings":{"max_width":true}},"16408456062625dff5":{"type":"slideshow","blocks":{"164084560642963cdb-0":{"type":"image","settings":{"top_subheading":"","title":"","title_size":80,"subheading":"","link":"","link_text":"","link_2":"","link_text_2":"","color_accent":"rgba(0,0,0,0)","text_align":"vertical-center horizontal-center","image":"shopify:\/\/shop_images\/1_14.jpg","overlay_opacity":0,"focal_point":"center center"}}},"block_order":["164084560642963cdb-0"],"settings":{"section_height":"natural","mobile_height":"auto","parallax":false,"style":"bars","autoplay":true,"autoplay_speed":5}},"16408413100ba6d8e9":{"type":"slideshow","blocks":{"1640841310b305e5cc-0":{"type":"image","settings":{"top_subheading":"","title":"","title_size":80,"subheading":"","link":"","link_text":"","link_2":"","link_text_2":"","color_accent":"rgba(0,0,0,0)","text_align":"vertical-center horizontal-center","image":"shopify:\/\/shop_images\/2_17.jpg","overlay_opacity":0,"focal_point":"center center"}}},"block_order":["1640841310b305e5cc-0"],"settings":{"section_height":"natural","mobile_height":"auto","parallax":false,"style":"bars","autoplay":true,"autoplay_speed":5}},"background-image-text":{"type":"background-image-text","disabled":true,"settings":{"subtitle":"","title":"","text":"","button_label":"","button_link":"","image":"shopify:\/\/shop_images\/benefits.jpg","focal_point":"center","layout":"left","height":550,"framed":false,"parallax":false}},"1640845862167bb224":{"type":"slideshow","blocks":{"164084586257ef29cb-0":{"type":"image","settings":{"top_subheading":"","title":"","title_size":80,"subheading":"","link":"","link_text":"","link_2":"","link_text_2":"","color_accent":"rgba(0,0,0,0)","text_align":"vertical-center horizontal-center","image":"shopify:\/\/shop_images\/3_14.jpg","overlay_opacity":0,"focal_point":"center center"}}},"block_order":["164084586257ef29cb-0"],"settings":{"section_height":"natural","mobile_height":"auto","parallax":false,"style":"bars","autoplay":true,"autoplay_speed":5}},"164084569798fbc2a9":{"type":"slideshow","blocks":{"164084569788f8de48-0":{"type":"image","settings":{"top_subheading":"","title":"","title_size":80,"subheading":"","link":"","link_text":"","link_2":"","link_text_2":"","color_accent":"rgba(0,0,0,0)","text_align":"vertical-center horizontal-center","image":"shopify:\/\/shop_images\/4_7.jpg","overlay_opacity":0,"focal_point":"center center"}}},"block_order":["164084569788f8de48-0"],"settings":{"section_height":"natural","mobile_height":"auto","parallax":false,"style":"bars","autoplay":true,"autoplay_speed":5}},"164084575093e31f3c":{"type":"slideshow","blocks":{"16408457509e2d28d6-0":{"type":"image","settings":{"top_subheading":"","title":"","title_size":80,"subheading":"","link":"","link_text":"","link_2":"","link_text_2":"","color_accent":"rgba(0,0,0,0)","text_align":"vertical-center horizontal-center","image":"shopify:\/\/shop_images\/5_4.jpg","overlay_opacity":0,"focal_point":"center center"}}},"block_order":["16408457509e2d28d6-0"],"settings":{"section_height":"450px","mobile_height":"auto","parallax":false,"style":"bars","autoplay":true,"autoplay_speed":5}},"1640843352ac52df0e":{"type":"background-image-text","disabled":true,"settings":{"subtitle":"","title":"","text":"","button_label":"","button_link":"","image":"shopify:\/\/shop_images\/About.jpg","focal_point":"center","layout":"left","height":450,"framed":false,"parallax":false}},"16408434371ac7e0dc":{"type":"background-image-text","disabled":true,"settings":{"subtitle":"","title":"","text":"","button_label":"","button_link":"","image":"shopify:\/\/shop_images\/our_commitments.jpg","focal_point":"center","layout":"left","height":450,"framed":false,"parallax":false}},"testimonials":{"type":"testimonials","blocks":{"testimonials-0":{"type":"testimonial","settings":{"icon":"5-stars","testimonial":"<p>Add customer reviews and testimonials to showcase your store’s happy customers.<\/p>","author":"Author's name","author_info":"Los Angeles, CA"}},"testimonials-1":{"type":"testimonial","settings":{"icon":"5-stars","testimonial":"<p>Add customer reviews and testimonials to showcase your store’s happy customers.<\/p>","author":"Author's name","author_info":"Los Angeles, CA"}},"testimonials-2":{"type":"testimonial","settings":{"icon":"5-stars","testimonial":"<p>Add customer reviews and testimonials to showcase your store’s happy customers.<\/p>","author":"Author's name","author_info":"Los Angeles, CA"}}},"block_order":["testimonials-0","testimonials-1","testimonials-2"],"settings":{"title":"Testimonials","align_text":"center","round_images":true,"color_background":"#f9f9f9","color_text":"#1c1d1d"}},"product-recommendations":{"type":"product-recommendations","settings":{"show_product_recommendations":true,"product_recommendations_heading":"You may also like","related_count":5}},"recently-viewed":{"type":"recently-viewed","settings":{"recent_count":5}},"collection-return":{"type":"collection-return","disabled":true,"settings":{}},"pf-6177c71d":{"type":"pf-6177c71d","settings":{}}},"order":["main","sub","16408456062625dff5","16408413100ba6d8e9","background-image-text","1640845862167bb224","164084569798fbc2a9","164084575093e31f3c","1640843352ac52df0e","16408434371ac7e0dc","testimonials","product-recommendations","recently-viewed","collection-return","pf-6177c71d"]}