{"sections":{"169431da-27ad-4538-b843-81c752224bbe":{"type":"slideshow","blocks":{"9fa28adb-a119-489f-8494-69d1da7e7ecb":{"type":"slide","settings":{"image":"shopify:\/\/shop_images\/banner-1_869dce12-be62-4d14-ae29-219d07f870af.jpg","image-mobile":"shopify:\/\/shop_images\/mobile-banner-1.jpg","heading":"Discover Joyful Surprises For Every Home!","heading_size":"h1","subheading":"","button_label":"","link":"shopify:\/\/collections\/lifestyle-home","button_style_secondary":false,"box_align":"bottom-center","show_text_box":false,"text_alignment":"center","image_overlay_opacity":30,"color_scheme":"scheme-475aabff-2400-435e-ae01-f0f727afd4eb","text_alignment_mobile":"center"}},"template--15714293448841__169431da-27ad-4538-b843-81c752224bbe-slide-1":{"type":"slide","settings":{"image":"shopify:\/\/shop_images\/jewelery-m.jpg","image-mobile":"shopify:\/\/shop_images\/banner-m.jpg","heading":"Adorn Your Story: Timeless Rings for Every Moment, Every Memory.","heading_size":"h1","subheading":"<strong>Capture timeless elegance with our exquisite ring collection. Find the perfect sparkle for every moment!<\/strong>","button_label":"","link":"shopify:\/\/collections\/gifts","button_style_secondary":false,"box_align":"bottom-center","show_text_box":false,"text_alignment":"center","image_overlay_opacity":0,"color_scheme":"background-1","text_alignment_mobile":"left"}}},"block_order":["9fa28adb-a119-489f-8494-69d1da7e7ecb","template--15714293448841__169431da-27ad-4538-b843-81c752224bbe-slide-1"],"settings":{"layout":"full_bleed","slide_height":"adapt_image","slider_visual":"dots","auto_rotate":true,"change_slides_speed":3,"image_behavior":"none","show_text_below":true,"accessibility_info":"Slideshow about our brand"}},"af8953fe-506d-4f22-b28a-bdea87939028":{"type":"collection-list","blocks":{"template--15714293448841__af8953fe-506d-4f22-b28a-bdea87939028-featured_collection-1":{"type":"featured_collection","settings":{"collection":"lifestyle-home"}},"template--15714293448841__af8953fe-506d-4f22-b28a-bdea87939028-featured_collection-2":{"type":"featured_collection","settings":{"collection":"gift-ideas"}},"template--15714293448841__af8953fe-506d-4f22-b28a-bdea87939028-featured_collection-3":{"type":"featured_collection","settings":{"collection":"self-care"}}},"block_order":["template--15714293448841__af8953fe-506d-4f22-b28a-bdea87939028-featured_collection-1","template--15714293448841__af8953fe-506d-4f22-b28a-bdea87939028-featured_collection-2","template--15714293448841__af8953fe-506d-4f22-b28a-bdea87939028-featured_collection-3"],"settings":{"title":"Explore Our Collections","heading_size":"h2","image_ratio":"square","columns_desktop":3,"color_scheme":"","show_view_all":true,"columns_mobile":"1","swipe_on_mobile":true,"padding_top":36,"padding_bottom":36}},"9d514081-0106-4699-8998-90942fcda8fd":{"type":"rich-text","blocks":{"template--15714293448841__9d514081-0106-4699-8998-90942fcda8fd-text-1":{"type":"text","settings":{"text":"<p><strong>Designers<\/strong><\/p>"}},"template--15714293448841__9d514081-0106-4699-8998-90942fcda8fd-heading-1":{"type":"heading","settings":{"heading":"<strong>From all over the world<\/strong>","heading_size":"h0"}},"dde9a698-bfdd-4ba8-a500-f82e53b3956d":{"type":"text","settings":{"text":"<p>HAY has always believed that good design is everyone’s right. That’s why, from the very beginning, co-founders and Creative Directors Mette and Rolf Hay committed to working with their generation’s best designers from all over the world to create high-quality products that would be available to a wide audience.<\/p>"}},"b9234fe8-91f7-4114-9f5f-9b1c38f73c08":{"type":"button","settings":{"button_label":"View Designers","button_link":"shopify:\/\/collections","button_style_secondary":false,"button_label_2":"","button_link_2":"","button_style_secondary_2":false}}},"block_order":["template--15714293448841__9d514081-0106-4699-8998-90942fcda8fd-text-1","template--15714293448841__9d514081-0106-4699-8998-90942fcda8fd-heading-1","dde9a698-bfdd-4ba8-a500-f82e53b3956d","b9234fe8-91f7-4114-9f5f-9b1c38f73c08"],"disabled":true,"settings":{"desktop_content_position":"center","content_alignment":"center","color_scheme":"","full_width":true,"padding_top":40,"padding_bottom":52}},"featured_collection":{"type":"featured-collection","settings":{"collection_card_image":"shopify:\/\/shop_images\/Hubsch_mobler_1-780x1024.jpg","collection_card_color":"#ffffff","title":"Featured Collection","heading_size":"h2","description":"<p>Elevate any space with dried or fresh florals placed in one of our beautifully craftedvases.<\/p>","show_description":false,"description_style":"body","collection":"lifestyle-home","products_to_show":8,"columns_desktop":3,"full_width":true,"show_view_all":true,"view_all_style":"solid","enable_desktop_slider":true,"color_scheme":"background-1","image_ratio":"square","image_shape":"default","show_secondary_image":true,"show_vendor":true,"show_rating":true,"enable_quick_add":true,"columns_mobile":"1","swipe_on_mobile":true,"padding_top":40,"padding_bottom":40}},"a305fd8d-7675-4525-bd0d-ec2855a55878":{"type":"slideshow","blocks":{"c90457da-78c4-4ee1-8b8e-80148a85fe63":{"type":"slide","settings":{"image":"shopify:\/\/shop_images\/shop_the_style_outside_07-1-SX4Q6Hm0w-transformed_STRAIGHT_CROP.webp","heading":"<strong>Embrace every space<\/strong>","heading_size":"h1","subheading":"Once the sun comes back, invite friends over, host a garden party, light candles, and start living again. Add texture, throws and cushions for a soft and comfy retreat if sunny turns cloudy.","button_label":"Shop now","link":"shopify:\/\/collections","button_style_secondary":true,"box_align":"middle-right","show_text_box":false,"text_alignment":"left","image_overlay_opacity":10,"color_scheme":"inverse","text_alignment_mobile":"center"}}},"block_order":["c90457da-78c4-4ee1-8b8e-80148a85fe63"],"disabled":true,"settings":{"layout":"full_bleed","slide_height":"adapt_image","slider_visual":"counter","auto_rotate":false,"change_slides_speed":5,"image_behavior":"none","show_text_below":true,"accessibility_info":"Slideshow about our brand"}},"b22c29f1-cf6c-4d9c-b43f-a0d9b3d03a6a":{"type":"image-with-text","blocks":{"template--15714293448841__b22c29f1-cf6c-4d9c-b43f-a0d9b3d03a6a-heading-1":{"type":"heading","settings":{"heading":"One of a kind, handmade floral vases","heading_size":"h2"}},"template--15714293448841__b22c29f1-cf6c-4d9c-b43f-a0d9b3d03a6a-text-1":{"type":"text","settings":{"text":"<p>Elevate any space with dried or fresh florals placed in one of our beautifully crafted vases.<\/p>","text_style":"body"}},"template--15714293448841__b22c29f1-cf6c-4d9c-b43f-a0d9b3d03a6a-button-1":{"type":"button","settings":{"button_label":"Explore More","button_link":"https:\/\/homecarecentres.com\/collections\/self-care","button_style_secondary":true}}},"block_order":["template--15714293448841__b22c29f1-cf6c-4d9c-b43f-a0d9b3d03a6a-heading-1","template--15714293448841__b22c29f1-cf6c-4d9c-b43f-a0d9b3d03a6a-text-1","template--15714293448841__b22c29f1-cf6c-4d9c-b43f-a0d9b3d03a6a-button-1"],"settings":{"image":"shopify:\/\/shop_images\/about-us-1.jpg","right_image":"shopify:\/\/shop_images\/about-us-2.jpg","height":"medium","desktop_image_width":"medium","layout":"image_first","desktop_content_position":"middle","desktop_content_alignment":"left","content_layout":"no-overlap","color_scheme":"background-2","image_behavior":"none","mobile_content_alignment":"center","padding_top":36,"padding_bottom":36}},"782c89e5-aa16-4def-9a70-716e678d18d6":{"type":"featured-collection","settings":{"collection_card_image":"shopify:\/\/shop_images\/Hubsch_mobler_1-780x1024.jpg","collection_card_color":"#ffffff","title":"Featured Collection","heading_size":"h2","description":"<p>Elevate any space with dried or fresh florals placed in one of our beautifully craftedvases.<\/p>","show_description":false,"description_style":"body","collection":"self-care","products_to_show":5,"columns_desktop":3,"full_width":true,"show_view_all":true,"view_all_style":"solid","enable_desktop_slider":true,"color_scheme":"background-1","image_ratio":"square","image_shape":"default","show_secondary_image":true,"show_vendor":true,"show_rating":true,"enable_quick_add":true,"columns_mobile":"1","swipe_on_mobile":true,"padding_top":40,"padding_bottom":40}},"4e0e1848-ce43-45dc-ad75-6031e6e55f1d":{"type":"collection-list","blocks":{"template--15714293448841__4e0e1848-ce43-45dc-ad75-6031e6e55f1d-featured_collection-1":{"type":"featured_collection","settings":{"collection":""}},"template--15714293448841__4e0e1848-ce43-45dc-ad75-6031e6e55f1d-featured_collection-2":{"type":"featured_collection","settings":{"collection":""}},"template--15714293448841__4e0e1848-ce43-45dc-ad75-6031e6e55f1d-featured_collection-3":{"type":"featured_collection","settings":{"collection":""}}},"block_order":["template--15714293448841__4e0e1848-ce43-45dc-ad75-6031e6e55f1d-featured_collection-1","template--15714293448841__4e0e1848-ce43-45dc-ad75-6031e6e55f1d-featured_collection-2","template--15714293448841__4e0e1848-ce43-45dc-ad75-6031e6e55f1d-featured_collection-3"],"disabled":true,"settings":{"title":"Collections","heading_size":"h1","image_ratio":"square","columns_desktop":3,"color_scheme":"","show_view_all":false,"columns_mobile":"1","swipe_on_mobile":false,"padding_top":36,"padding_bottom":36}},"db2ecb61-9812-4df2-9441-aeff8d688bb1":{"type":"multicolumn","blocks":{"template--15714293448841__db2ecb61-9812-4df2-9441-aeff8d688bb1-column-1":{"type":"column","settings":{"image":"shopify:\/\/shop_images\/rrom.jpg","title":"Room Enhancements","text":"<p>Elevate any space with our items.<\/p>","link_label":"","link":"shopify:\/\/collections\/lifestyle-home","card_link":"shopify:\/\/collections\/lifestyle-home"}},"template--15714293448841__db2ecb61-9812-4df2-9441-aeff8d688bb1-column-2":{"type":"column","settings":{"image":"shopify:\/\/shop_images\/gift-ideas_427e77a4-93c7-428a-bd68-e65f1da05f3b.jpg","title":"Gift Ideas","text":"<p>Special one for your loved ones.<\/p>","link_label":"","link":"shopify:\/\/collections\/gift-ideas","card_link":"shopify:\/\/collections\/gift-ideas"}}},"block_order":["template--15714293448841__db2ecb61-9812-4df2-9441-aeff8d688bb1-column-1","template--15714293448841__db2ecb61-9812-4df2-9441-aeff8d688bb1-column-2"],"settings":{"title":"","heading_size":"h1","image_width":"full","image_ratio":"adapt","columns_desktop":2,"column_alignment":"center","background_style":"none","button_label":"","button_link":"","color_scheme":"accent-2","text_box_color":"#5b6f75","columns_mobile":"1","swipe_on_mobile":true,"full__width":true,"padding_top":24,"padding_bottom":24}},"8a80a3cc-cac9-4a8b-a6a1-5a5093e458be":{"type":"featured-blog","settings":{"heading":"From Our Latest Blogs","heading_size":"h2","blog":"blog","post_limit":3,"columns_desktop":3,"color_scheme":"background-1","show_image":true,"show_date":true,"show_author":false,"show_view_all":true,"padding_top":36,"padding_bottom":36}},"bbba81fa-571f-4b4d-b7e7-bb148409784a":{"type":"trust-badges","blocks":{"c719ed09-c521-49e7-92e0-ec42283ab43a":{"type":"stripe","settings":{"image":"shopify:\/\/shop_images\/truck_dd30930a-9878-4f08-bc2d-ca1db3865f4f.svg","text":"<p>Free Delivery Above $100<\/p>"}},"ad1c9459-5005-43ab-94c0-3a3c0f204f53":{"type":"stripe","settings":{"image":"shopify:\/\/shop_images\/heart.svg","text":"<p>98% Happy Customers<\/p>"}},"4eef24a2-62d3-4767-9766-29810be673d2":{"type":"stripe","settings":{"image":"shopify:\/\/shop_images\/repeat.svg","text":"<p>Easy Returns<\/p>"}},"cb75cfa4-0f17-4b4e-9e9c-765e94f6f456":{"type":"stripe","settings":{"image":"shopify:\/\/shop_images\/leaves_1_3244060f-0a69-46d1-80fd-6b856ee770fd.svg","text":"<p>Planet Friendly<\/p>"}}},"block_order":["c719ed09-c521-49e7-92e0-ec42283ab43a","ad1c9459-5005-43ab-94c0-3a3c0f204f53","4eef24a2-62d3-4767-9766-29810be673d2","cb75cfa4-0f17-4b4e-9e9c-765e94f6f456"],"settings":{"heading":"","text_alignment":"center","body_text":"#ffece8","slide_number":4,"padding_top":36,"padding_bottom":36}}},"order":["169431da-27ad-4538-b843-81c752224bbe","af8953fe-506d-4f22-b28a-bdea87939028","9d514081-0106-4699-8998-90942fcda8fd","featured_collection","a305fd8d-7675-4525-bd0d-ec2855a55878","b22c29f1-cf6c-4d9c-b43f-a0d9b3d03a6a","782c89e5-aa16-4def-9a70-716e678d18d6","4e0e1848-ce43-45dc-ad75-6031e6e55f1d","db2ecb61-9812-4df2-9441-aeff8d688bb1","8a80a3cc-cac9-4a8b-a6a1-5a5093e458be","bbba81fa-571f-4b4d-b7e7-bb148409784a"]}