{"sections":{"main":{"type":"main-product","blocks":{"vendor":{"type":"text","settings":{"text":"{{ product.vendor }}","text_style":"uppercase"}},"title":{"type":"title","settings":{}},"610c1f83-fad3-4407-9c69-edc2f21c91e2":{"type":"shopify:\/\/apps\/judge-me-reviews\/blocks\/preview_badge\/61ccd3b1-a9f2-4160-9fe9-4fec8413e5d8","settings":{}},"price":{"type":"price","settings":{}},"variant_picker":{"type":"variant_picker","settings":{"picker_type":"dropdown"}},"quantity_selector":{"type":"quantity_selector","settings":{}},"buy_buttons":{"type":"buy_buttons","settings":{"show_dynamic_checkout":true,"show_gift_card_recipient":true}},"537cb8e7-dc2b-4e70-ba93-5f406c854ba3":{"type":"icon-with-text","settings":{"layout":"horizontal","icon_1":"heart","heading_1":"Safe Payment","icon_2":"return","heading_2":"%100 Authentic","icon_3":"truck","heading_3":"Free Shipping"}},"description":{"type":"description","settings":{}},"share":{"type":"share","settings":{"share_label":"Share"}},"46e300d8-e255-4ab1-84cc-35f570a88c2d":{"type":"shopify:\/\/apps\/judge-me-reviews\/blocks\/review_widget\/61ccd3b1-a9f2-4160-9fe9-4fec8413e5d8","disabled":true,"settings":{}}},"block_order":["vendor","title","610c1f83-fad3-4407-9c69-edc2f21c91e2","price","variant_picker","quantity_selector","buy_buttons","537cb8e7-dc2b-4e70-ba93-5f406c854ba3","description","share","46e300d8-e255-4ab1-84cc-35f570a88c2d"],"settings":{"enable_sticky_info":true,"color_scheme":"background-1","media_size":"medium","constrain_to_viewport":true,"media_fit":"contain","gallery_layout":"thumbnail_slider","media_position":"left","image_zoom":"lightbox","mobile_thumbnails":"hide","hide_variants":true,"enable_video_looping":false,"padding_top":36,"padding_bottom":12}},"1700468162c7956684":{"type":"apps","blocks":{"e0df0ce0-e235-48fa-ae05-7b84e3c6fef6":{"type":"shopify:\/\/apps\/judge-me-reviews\/blocks\/review_widget\/61ccd3b1-a9f2-4160-9fe9-4fec8413e5d8","settings":{}}},"block_order":["e0df0ce0-e235-48fa-ae05-7b84e3c6fef6"],"settings":{"include_margins":true}},"related-products":{"type":"related-products","settings":{"heading":"You may also like","heading_size":"h2","products_to_show":4,"columns_desktop":4,"color_scheme":"background-1","image_ratio":"square","image_shape":"default","show_secondary_image":true,"show_vendor":false,"show_rating":false,"enable_quick_add":true,"columns_mobile":"2","padding_top":36,"padding_bottom":28}},"2e5c23ad-fc18-4ea3-8149-2ce1467e1c40":{"type":"featured-collection","settings":{"collection_card_image":"shopify:\/\/shop_images\/Hubsch_mobler_1-780x1024_dc445c9c-9e8b-4b53-8a4d-e91b295abf9f.jpg","collection_card_color":"","title":"Featured collection","heading_size":"h2","description":"<p>Elevate any space with dried or fresh florals placed in one of our beautifully craftedvases.<\/p>","show_description":false,"description_style":"body","collection":"gift-ideas","products_to_show":5,"columns_desktop":3,"full_width":true,"show_view_all":true,"view_all_style":"solid","enable_desktop_slider":true,"color_scheme":"","image_ratio":"square","image_shape":"default","show_secondary_image":true,"show_vendor":true,"show_rating":true,"enable_quick_add":true,"columns_mobile":"1","swipe_on_mobile":true,"padding_top":36,"padding_bottom":36}}},"order":["main","1700468162c7956684","related-products","2e5c23ad-fc18-4ea3-8149-2ce1467e1c40"]}