{"sections":{"c68c4b7c-918d-4bca-9caa-74d3af52cb88":{"type":"slideshow","blocks":{"template--21744224993581__c68c4b7c-918d-4bca-9caa-74d3af52cb88-slide-1":{"type":"slide","settings":{"image":"shopify:\/\/shop_images\/Banner-Design_fb40c865-d19c-4f39-af24-cd420d940436.jpg","image_mob":"shopify:\/\/shop_images\/Mobile-Banner-Design.jpg","heading":"","heading_size":"h1","subheading":"","button_label":"","link":"","button_style_secondary":false,"box_align":"middle-center","show_text_box":false,"text_alignment":"center","image_overlay_opacity":0,"color_scheme":"background-1","text_alignment_mobile":"center"}},"template--21744224993581__c68c4b7c-918d-4bca-9caa-74d3af52cb88-slide-2":{"type":"slide","disabled":true,"settings":{"heading":"Image slide","heading_size":"h1","subheading":"Tell your brand's story through images","button_label":"Button label","link":"","button_style_secondary":false,"box_align":"middle-center","show_text_box":true,"text_alignment":"center","image_overlay_opacity":0,"color_scheme":"","text_alignment_mobile":"center"}}},"block_order":["template--21744224993581__c68c4b7c-918d-4bca-9caa-74d3af52cb88-slide-1","template--21744224993581__c68c4b7c-918d-4bca-9caa-74d3af52cb88-slide-2"],"settings":{"layout":"full_bleed","slide_height":"adapt_image","slider_visual":"dots","auto_rotate":false,"change_slides_speed":5,"image_behavior":"none","show_text_below":true,"accessibility_info":"Slideshow about our brand"}},"fe79e2b6-770b-49d7-b5fd-6dd1b8122b93":{"type":"custom-image-block-banner","disabled":true,"settings":{"first_image":"shopify:\/\/shop_images\/Rectangle_2_1.png","second_image":"shopify:\/\/shop_images\/Image-2.jpg","heading":"","text":"","firstlink":"shopify:\/\/collections\/toys","secondlink":"shopify:\/\/collections\/makeup","padding_top":36,"padding_bottom":40}},"ce72725e-42b9-4daf-8d68-44b70179f2b0":{"type":"custom-collection-category","settings":{"inline":"Shop By Category","description":"Shop by room to find the furniture that you are looking for","collection_list":["mens-watches","skin-care","kitchen","garden","apparel"],"column_alignment":"center","background_color":"#ffffff","padding_top":40,"padding_bottom":40}},"1a9763f6-e949-4ad2-a24e-24be78e97f13":{"type":"collection-list","blocks":{"template--21590278209837__1a9763f6-e949-4ad2-a24e-24be78e97f13-featured_collection-1":{"type":"featured_collection","settings":{"collection":"mens-watches"}},"template--21590278209837__1a9763f6-e949-4ad2-a24e-24be78e97f13-featured_collection-2":{"type":"featured_collection","settings":{"collection":"skin-care"}},"7e3bbef9-1b1a-4fca-8658-e245c7efff02":{"type":"featured_collection","settings":{"collection":"kitchen"}},"template--21590278209837__1a9763f6-e949-4ad2-a24e-24be78e97f13-featured_collection-3":{"type":"featured_collection","settings":{"collection":"apparel"}},"fc1c2709-32f0-405b-a187-69c135ea919f":{"type":"featured_collection","settings":{"collection":"garden"}}},"block_order":["template--21590278209837__1a9763f6-e949-4ad2-a24e-24be78e97f13-featured_collection-1","template--21590278209837__1a9763f6-e949-4ad2-a24e-24be78e97f13-featured_collection-2","7e3bbef9-1b1a-4fca-8658-e245c7efff02","template--21590278209837__1a9763f6-e949-4ad2-a24e-24be78e97f13-featured_collection-3","fc1c2709-32f0-405b-a187-69c135ea919f"],"disabled":true,"settings":{"title":"Shop By Category","description":"Shop by room to find the furniture that you are looking for.","heading_size":"h1","image_ratio":"adapt","columns_desktop":4,"color_scheme":"","show_view_all":false,"columns_mobile":"1","swipe_on_mobile":true,"swipe_on_desktop":true,"padding_top":40,"padding_bottom":40}},"2f2353e2-f4e1-4394-a32c-237ab4de87e9":{"type":"featured-collection-tabs","blocks":{"d1890ed1-59f8-410c-aaba-7c4430ec522c":{"type":"block","settings":{"title":"Apparel","collection1":"apparel"}},"c1f97583-cc25-47b1-a343-eb6e537fe4f3":{"type":"block","settings":{"title":"Electronics","collection1":"electronics"}}},"block_order":["d1890ed1-59f8-410c-aaba-7c4430ec522c","c1f97583-cc25-47b1-a343-eb6e537fe4f3"],"settings":{"title":"Our Top Selling Product","heading_size":"h1","products_to_show":8,"columns_desktop":4,"full_width":false,"enable_desktop_slider":false,"color_scheme":"","image_ratio":"square","show_secondary_image":false,"show_vendor":false,"show_rating":false,"enable_quick_add":true,"columns_mobile":"2","swipe_on_mobile":true,"padding_top":40,"padding_bottom":40}},"featured_collection":{"type":"featured-collection","disabled":true,"settings":{"title":"Featured products","heading_size":"h2","description":"","show_description":false,"description_style":"body","collection":"all","products_to_show":8,"columns_desktop":4,"full_width":false,"show_view_all":true,"view_all_style":"solid","enable_desktop_slider":true,"color_scheme":"background-1","image_ratio":"square","image_shape":"default","show_secondary_image":true,"show_vendor":false,"show_rating":false,"enable_quick_add":true,"columns_mobile":"2","swipe_on_mobile":false,"padding_top":44,"padding_bottom":36}},"c18f95fc-6511-4654-87b4-c33def0a28a4":{"type":"rich-text","blocks":{"a79cecd8-f408-4fbd-9b75-92e40c77303a":{"type":"caption","settings":{"caption":"About Us","text_style":"subtitle","text_size":"medium"}},"template--21590278209837__c18f95fc-6511-4654-87b4-c33def0a28a4-heading-1":{"type":"heading","settings":{"heading":"We provide the ultimate outfit solutions with sharp tailoring, luxe knits and versatile essentials, all topped off with lush accessories","heading_size":"h2"}},"template--21590278209837__c18f95fc-6511-4654-87b4-c33def0a28a4-button-1":{"type":"button","settings":{"button_label":"Read More","button_link":"shopify:\/\/pages\/about-us","button_style_secondary":false,"button_style_textonly":true,"button_label_2":"","button_link_2":"","button_style_secondary_2":false}}},"block_order":["a79cecd8-f408-4fbd-9b75-92e40c77303a","template--21590278209837__c18f95fc-6511-4654-87b4-c33def0a28a4-heading-1","template--21590278209837__c18f95fc-6511-4654-87b4-c33def0a28a4-button-1"],"settings":{"desktop_content_position":"left","content_alignment":"left","color_scheme":"","full_width":true,"padding_top":40,"padding_bottom":80}},"2b0166ed-50f0-44a7-84d1-034a4d300245":{"type":"banner-with-text","blocks":{"8c8263f8-a266-418d-bf05-706284674652":{"type":"block","settings":{"heading_test":"Creative Crafting: Imagine The Design","image":"shopify:\/\/shop_images\/Mid-banner-1_2c570020-835a-458a-9be3-fa8ce2938db8.jpg","link_text":"Shop Now","link":"shopify:\/\/collections\/gaming"}},"template--21590278209837__2b0166ed-50f0-44a7-84d1-034a4d300245-block-1":{"type":"block","settings":{"heading_test":"Creative Crafting: Unleashing Artistic Expressions","image":"shopify:\/\/shop_images\/Mid-banner-2.jpg","link_text":"Shop Now","link":"shopify:\/\/collections\/watches"}},"993f3009-be8d-4386-8181-8fa0a95c9883":{"type":"block","settings":{"heading_test":"Creative Crafting: Trending Crafted Fashion","image":"shopify:\/\/shop_images\/Mid-banner-3.jpg","link_text":"Shop Now","link":"shopify:\/\/collections\/fitness"}}},"block_order":["8c8263f8-a266-418d-bf05-706284674652","template--21590278209837__2b0166ed-50f0-44a7-84d1-034a4d300245-block-1","993f3009-be8d-4386-8181-8fa0a95c9883"],"settings":{"color_scheme":"accent-2"}},"e6f581e0-f67d-44b1-8f6f-1610074a3462":{"type":"hero-slider","blocks":{"template--21590278209837__e6f581e0-f67d-44b1-8f6f-1610074a3462-slide-1":{"type":"slide","settings":{"heading":"Creative Crafting: Unleashing Artistic Expressions","info_text":"","url":"shopify:\/\/collections\/art","button_label":"Shop now","image":"shopify:\/\/shop_images\/Rectangle_27.png"}},"template--21590278209837__e6f581e0-f67d-44b1-8f6f-1610074a3462-slide-2":{"type":"slide","settings":{"heading":"Lorem Ipsum Heading for this section","info_text":"","url":"shopify:\/\/collections","button_label":"Shop now","image":"shopify:\/\/shop_images\/Rectangle_27.png"}}},"block_order":["template--21590278209837__e6f581e0-f67d-44b1-8f6f-1610074a3462-slide-1","template--21590278209837__e6f581e0-f67d-44b1-8f6f-1610074a3462-slide-2"],"disabled":true,"settings":{"title":"Slideshow"}},"e1ebac88-139a-4bcb-8d86-c24ab59f678e":{"type":"custom-product-list","settings":{"block_image":"shopify:\/\/shop_images\/Garden.jpg","image__alignment":"row-reverse","inline":"<strong>Garden Accessories<\/strong>","heading_size":"h2","button_link":"shopify:\/\/collections\/garden","button_text":"Shop the Collection","btnsecond":true,"collection_list":"garden","column_alignment":"center","background_color":"#715059","textcolor":"#ffffff","card_heading":"Blossoming Gardens: Nature's Tapestry","collection_heading_size":"h1","image_ratio":"square","show_secondary_image":false,"show_vendor":true,"show_rating":true,"enable_quick_add":true,"padding_top":80,"padding_bottom":40}},"f965f3c9-6dc8-4527-a2ed-9cecd24dbfa6":{"type":"custom-multicolumn","blocks":{"template--21590278209837__f965f3c9-6dc8-4527-a2ed-9cecd24dbfa6-column-1":{"type":"column","settings":{"image":"shopify:\/\/shop_images\/Sports.jpg","title":"<strong>Sports<\/strong>","text":"","link_label":"Explore Collection","link":"shopify:\/\/collections\/sports","view_all_style":"outline"}},"template--21590278209837__f965f3c9-6dc8-4527-a2ed-9cecd24dbfa6-column-2":{"type":"column","settings":{"image":"shopify:\/\/shop_images\/Watches-1.jpg","title":"Watches","text":"","link_label":"Explore Collection","link":"shopify:\/\/collections\/watches","view_all_style":"outline"}}},"block_order":["template--21590278209837__f965f3c9-6dc8-4527-a2ed-9cecd24dbfa6-column-1","template--21590278209837__f965f3c9-6dc8-4527-a2ed-9cecd24dbfa6-column-2"],"settings":{"title":"Trending Collections","main_heading_color":"#000000","heading_size":"h1","image_width":"full","image_ratio":"adapt","columns_desktop":2,"column_alignment":"left","addoverlay":true,"background_style":"none","button_label":"","button_link":"","color_scheme":"scheme-667a4640-f3d0-4512-84c1-36a98bf1e218","columns_mobile":"1","swipe_on_mobile":true,"padding_top":40,"padding_bottom":40}},"f7278cfb-bae4-46b5-bc01-11b411e3ed0c":{"type":"custom-product-list","settings":{"block_image":"shopify:\/\/shop_images\/Rectangle_14.png","image__alignment":"row","inline":"<strong>Contrasting Silhouettes<\/strong>","heading_size":"h2","button_link":"shopify:\/\/collections\/jewelry","button_text":"Shop the Collection","btnsecond":true,"collection_list":"jewelry","column_alignment":"center","background_color":"#715059","textcolor":"#ffffff","card_heading":"Luxurious Sparkle","collection_heading_size":"h1","image_ratio":"square","show_secondary_image":false,"show_vendor":true,"show_rating":true,"enable_quick_add":true,"padding_top":40,"padding_bottom":40}},"09e9116f-ea6a-4e90-82bc-b97f30dc3a01":{"type":"icon-with-text","blocks":{"a35f2246-dc98-4789-8de5-e7675c382903":{"type":"stripe","settings":{"image":"shopify:\/\/shop_images\/Delivery_74c06b80-aad7-4a53-9eec-8a316ffa1c4d.png","text":"<h3><strong>Shipping<\/strong><\/h3><p>Standard Shipping Rate<\/p>"}},"cc14bee4-136c-41a7-91f4-e98fe87753b0":{"type":"stripe","settings":{"image":"shopify:\/\/shop_images\/Return_e0b0b37f-4f70-443a-a58f-b08fc34c59e7.png","text":"<h3>Return & Refund<\/h3><p>We have 30 Day’s Return Policy<\/p>"}},"47592a50-00e2-4799-aee4-c8a63536c918":{"type":"stripe","settings":{"image":"shopify:\/\/shop_images\/Affordable-Price_d7b8099f-e825-43f5-92da-4e13ca1b69de.png","text":"<h3>Affordable Price<\/h3><p>We have wide range variety<\/p>"}},"f813a31c-557e-4a91-bb8a-21cd8e80aea2":{"type":"stripe","settings":{"image":"shopify:\/\/shop_images\/Safe-Payment_cc8ddd9c-7cec-44a7-b34a-cb7021bb3e73.png","text":"<h3>Safe Payment<\/h3><p>Safe & Secure Checkout<\/p>"}}},"block_order":["a35f2246-dc98-4789-8de5-e7675c382903","cc14bee4-136c-41a7-91f4-e98fe87753b0","47592a50-00e2-4799-aee4-c8a63536c918","f813a31c-557e-4a91-bb8a-21cd8e80aea2"],"settings":{"heading":"","text_alignment":"left","body_text":"#ffffff","slide_number":4,"padding_top":40,"padding_bottom":40}}},"order":["c68c4b7c-918d-4bca-9caa-74d3af52cb88","fe79e2b6-770b-49d7-b5fd-6dd1b8122b93","ce72725e-42b9-4daf-8d68-44b70179f2b0","1a9763f6-e949-4ad2-a24e-24be78e97f13","2f2353e2-f4e1-4394-a32c-237ab4de87e9","featured_collection","c18f95fc-6511-4654-87b4-c33def0a28a4","2b0166ed-50f0-44a7-84d1-034a4d300245","e6f581e0-f67d-44b1-8f6f-1610074a3462","e1ebac88-139a-4bcb-8d86-c24ab59f678e","f965f3c9-6dc8-4527-a2ed-9cecd24dbfa6","f7278cfb-bae4-46b5-bc01-11b411e3ed0c","09e9116f-ea6a-4e90-82bc-b97f30dc3a01"]}