{"sections":{"main":{"type":"main-page","disabled":true,"settings":{"padding_top":36,"padding_bottom":36}},"8f6cbe17-4bef-46aa-84f6-474a2b278ddf":{"type":"rich-text","blocks":{"template--21590278275373__8f6cbe17-4bef-46aa-84f6-474a2b278ddf-heading-1":{"type":"heading","settings":{"heading":"Conact Us","heading_size":"h1"}}},"block_order":["template--21590278275373__8f6cbe17-4bef-46aa-84f6-474a2b278ddf-heading-1"],"settings":{"desktop_content_position":"center","content_alignment":"center","color_scheme":"","full_width":true,"padding_top":36,"padding_bottom":32}},"form":{"type":"contact-form","settings":{"heading":"","heading_size":"h2","color_scheme":"background-1","padding_top":0,"padding_bottom":48}}},"order":["main","8f6cbe17-4bef-46aa-84f6-474a2b278ddf","form"]}