{"sections":{"main":{"type":"main-product","blocks":{"vendor":{"type":"text","settings":{"text":"{{ product.vendor }}","text_style":"uppercase"}},"title":{"type":"title","settings":{}},"8c187cd3-de79-4af2-ab2e-d687336980d2":{"type":"shopify:\/\/apps\/judge-me-reviews\/blocks\/preview_badge\/61ccd3b1-a9f2-4160-9fe9-4fec8413e5d8","settings":{}},"price":{"type":"price","settings":{}},"variant_picker":{"type":"variant_picker","settings":{"picker_type":"dropdown"}},"quantity_selector":{"type":"quantity_selector","settings":{}},"buy_buttons":{"type":"buy_buttons","settings":{"show_dynamic_checkout":true,"show_gift_card_recipient":true}},"description":{"type":"description","settings":{}},"share":{"type":"share","settings":{"share_label":"Share"}},"4cd31e3e-cf76-4ebf-ac6c-9d170e3f4755":{"type":"shopify:\/\/apps\/judge-me-reviews\/blocks\/review_widget\/61ccd3b1-a9f2-4160-9fe9-4fec8413e5d8","settings":{}}},"block_order":["vendor","title","8c187cd3-de79-4af2-ab2e-d687336980d2","price","variant_picker","quantity_selector","buy_buttons","description","share","4cd31e3e-cf76-4ebf-ac6c-9d170e3f4755"],"settings":{"enable_sticky_info":true,"color_scheme":"background-1","media_size":"large","constrain_to_viewport":true,"media_fit":"cover","gallery_layout":"thumbnail_slider","media_position":"left","image_zoom":"lightbox","mobile_thumbnails":"hide","hide_variants":true,"enable_video_looping":false,"padding_top":0,"padding_bottom":12}},"related-products":{"type":"related-products","settings":{"heading":"You May Also Like","heading_size":"h2","products_to_show":4,"columns_desktop":4,"color_scheme":"background-1","image_ratio":"square","image_shape":"default","show_secondary_image":true,"show_vendor":false,"show_rating":false,"enable_quick_add":true,"columns_mobile":"2","padding_top":36,"padding_bottom":28}},"170003754130e23356":{"type":"apps","blocks":{"5ecc1d34-4f1f-43b5-8370-58e5f289321c":{"type":"shopify:\/\/apps\/judge-me-reviews\/blocks\/review_widget\/61ccd3b1-a9f2-4160-9fe9-4fec8413e5d8","settings":{}}},"block_order":["5ecc1d34-4f1f-43b5-8370-58e5f289321c"],"disabled":true,"settings":{"include_margins":true}},"eedf6759-ac16-4319-9a5d-b6b7b7afec5d":{"type":"custom-product-list","disabled":true,"settings":{"image__alignment":"row","inline":"my <em>inline<\/em> <strong>text<\/strong>","heading_size":"h1","button_link":"","button_text":"Button","btnsecond":false,"collection_list":"","column_alignment":"left","background_color":"#ffffff","textcolor":"#000000","card_heading":"Heading","collection_heading_size":"h1","image_ratio":"adapt","show_secondary_image":false,"show_vendor":false,"show_rating":false,"enable_quick_add":false,"padding_top":36,"padding_bottom":36}},"738ccd23-3b25-42c1-9be7-e8f3675b9898":{"type":"icon-with-text","blocks":{"9bed4e4b-2006-4268-95e6-4817fd450835":{"type":"stripe","settings":{"image":"shopify:\/\/shop_images\/Delivery_1972fdc7-57e7-467f-88af-a9dad58f1a2d.png","text":"<p><strong>Shipping<\/strong><\/p><p>Standard Shipping Rate<\/p>"}},"033a91cb-5a93-414c-8bf2-49c522654838":{"type":"stripe","settings":{"image":"shopify:\/\/shop_images\/Return_58e1bee7-86e2-4f3f-8291-847b75a5d8c0.png","text":"<h3>Return & Refund<\/h3><p>We have 30 Day’s Return Policy<\/p>"}},"a665a363-b0b5-49df-a1da-4e38446d2a09":{"type":"stripe","settings":{"image":"shopify:\/\/shop_images\/Affordable-Price_a21e9ae1-1c9b-46eb-b7b6-3702c4ed17ee.png","text":"<h3>Affordable Price<\/h3><p>We have wide range variety<\/p>"}},"c9a37642-f380-4f4a-a485-29bdcfb2d6a3":{"type":"stripe","settings":{"image":"shopify:\/\/shop_images\/Safe-Payment_adb81ac8-8c7f-49cf-a4b5-95c2cc870f7d.png","text":"<h3>Safe Payment<\/h3><p>Safe & Secure Checkout<\/p>"}},"2533e237-bd53-4001-8747-92e465dab4f3":{"type":"stripe","settings":{"text":""}}},"block_order":["9bed4e4b-2006-4268-95e6-4817fd450835","033a91cb-5a93-414c-8bf2-49c522654838","a665a363-b0b5-49df-a1da-4e38446d2a09","c9a37642-f380-4f4a-a485-29bdcfb2d6a3","2533e237-bd53-4001-8747-92e465dab4f3"],"settings":{"heading":"","text_alignment":"left","body_text":"#ffffff","slide_number":4,"padding_top":36,"padding_bottom":36}}},"order":["main","related-products","170003754130e23356","eedf6759-ac16-4319-9a5d-b6b7b7afec5d","738ccd23-3b25-42c1-9be7-e8f3675b9898"]}