{"name":"t:sections.footer.name","type":"footer","sections":{"93305544-4d31-409f-b54e-68d39b3f1278":{"type":"newsletter","blocks":{"sections--21359522611497__93305544-4d31-409f-b54e-68d39b3f1278-heading-1":{"type":"heading","settings":{"heading":"Subscribe To Our Emails","heading_size":"h1"}},"sections--21359522611497__93305544-4d31-409f-b54e-68d39b3f1278-paragraph-1":{"type":"paragraph","settings":{"text":"<p>Be the first to know about new collections and exclusive offers.<\/p>"}},"sections--21359522611497__93305544-4d31-409f-b54e-68d39b3f1278-email_form-1":{"type":"email_form","settings":{}}},"block_order":["sections--21359522611497__93305544-4d31-409f-b54e-68d39b3f1278-heading-1","sections--21359522611497__93305544-4d31-409f-b54e-68d39b3f1278-paragraph-1","sections--21359522611497__93305544-4d31-409f-b54e-68d39b3f1278-email_form-1"],"settings":{"color_scheme":"accent-2","full_width":true,"padding_top":40,"padding_bottom":40}},"footer":{"type":"footer","blocks":{"c17a4298-c707-457c-ad1a-f0c2b2ac7c40":{"type":"text","settings":{"heading":"","footer_logo":"shopify:\/\/shop_images\/Cart_Connect-png.png","subtext":"<p>Registered Office:<\/p><p> 2\/1 Eugarie Street, Noosa Heads Queensland 4567, Australia<\/p><p><strong>Email Us:  <\/strong><a href=\"mailto:cartconnectshop@gmail.com\" target=\"_blank\" title=\"mailto:cartconnectshop@gmail.com\">cartconnectshop@gmail.com<\/a><\/p>"}},"65ae0a71-6ea0-48cf-9c22-adfa32697799":{"type":"link_list","settings":{"heading":"Quick Links","menu":"quick-links"}},"d9ea1a1a-f02c-484c-945d-41cc7917d391":{"type":"link_list","settings":{"heading":"Our Collections","menu":"our-collections"}},"1fbb3608-410a-471f-81f5-643a0809ccf5":{"type":"link_list","settings":{"heading":"Legal Information","menu":"footer"}}},"block_order":["c17a4298-c707-457c-ad1a-f0c2b2ac7c40","65ae0a71-6ea0-48cf-9c22-adfa32697799","d9ea1a1a-f02c-484c-945d-41cc7917d391","1fbb3608-410a-471f-81f5-643a0809ccf5"],"settings":{"color_scheme":"inverse","newsletter_enable":false,"newsletter_heading":"Subscribe to our emails","enable_follow_on_shop":false,"show_social":true,"enable_country_selector":false,"enable_language_selector":false,"payment_enable":true,"show_policy":false,"margin_top":0,"padding_top":44,"padding_bottom":0}}},"order":["93305544-4d31-409f-b54e-68d39b3f1278","footer"]}