{"name":"t:sections.header.name","type":"header","sections":{"b45b1b98-4949-4bdc-a1c8-ba0267095b9b":{"type":"announcement-bar","blocks":{"4bec9e67-7fa0-49ec-b725-b4fc1e0c5938":{"type":"announcement","settings":{"text":"40% EXTRA off marked prices for FLASH SALE- applied at checkout","link":""}},"sections--20850336301353__b45b1b98-4949-4bdc-a1c8-ba0267095b9b-announcement-1":{"type":"announcement","settings":{"text":"30 day satisfaction guarantee - we stand behind our products","link":"shopify:\/\/pages\/refund-policy"}},"ec27e6c2-15bc-4c52-9608-f2dea03bcf21":{"type":"announcement","settings":{"text":"Free shipping in Canada, USA, New Zealand and Australia","link":""}}},"block_order":["4bec9e67-7fa0-49ec-b725-b4fc1e0c5938","sections--20850336301353__b45b1b98-4949-4bdc-a1c8-ba0267095b9b-announcement-1","ec27e6c2-15bc-4c52-9608-f2dea03bcf21"],"settings":{"color_scheme":"","show_line_separator":true,"show_social":false,"auto_rotate":true,"change_slides_speed":5,"enable_country_selector":false,"enable_language_selector":false}},"header":{"type":"header","blocks":{"0df7b430-76f0-11ee-89f2-454eb3fdacac":{"type":"shopify:\/\/apps\/wishlist-hero\/blocks\/header-icon\/a9a5079b-59e8-47cb-b659-ecf1c60b9b72","settings":{"customThemeName":"~","useCustomHeaderColor":false,"customHeaderColor":"","useCustomHeaderSize":false,"customHeaderIconSize":22,"additionalIconCssClassNames":"","additionalIconStyle":"","additionalContainerClasses":"","additionalContainerStyle":"","replaceExistingClasses":false}}},"block_order":["0df7b430-76f0-11ee-89f2-454eb3fdacac"],"settings":{"logo_position":"top-center","menu":"final-header-ced","menu_type_desktop":"dropdown","sticky_header_type":"always","show_line_separator":false,"color_scheme":"background-1","menu_color_scheme":"background-1","enable_country_selector":true,"enable_language_selector":true,"mobile_logo_position":"center","margin_bottom":0,"padding_top":0,"padding_bottom":8}}},"order":["b45b1b98-4949-4bdc-a1c8-ba0267095b9b","header"]}