{"name":"t:sections.header.name","type":"header","sections":{"b45b1b98-4949-4bdc-a1c8-ba0267095b9b":{"type":"announcement-bar","blocks":{"sections--20850336301353__b45b1b98-4949-4bdc-a1c8-ba0267095b9b-announcement-1":{"type":"announcement","settings":{"text":"30 day satisfaction guarantee - we stand behind our products","link":"shopify:\/\/pages\/refund-policy"}},"ec27e6c2-15bc-4c52-9608-f2dea03bcf21":{"type":"announcement","settings":{"text":"Congratulations! You've got free shipping","link":""}}},"block_order":["sections--20850336301353__b45b1b98-4949-4bdc-a1c8-ba0267095b9b-announcement-1","ec27e6c2-15bc-4c52-9608-f2dea03bcf21"],"settings":{"color_scheme":"","show_line_separator":true,"show_social":false,"auto_rotate":true,"change_slides_speed":5,"enable_country_selector":false,"enable_language_selector":false}},"header":{"type":"header","settings":{"logo_position":"top-center","menu":"ced-header","menu_type_desktop":"dropdown","sticky_header_type":"always","show_line_separator":false,"color_scheme":"background-1","menu_color_scheme":"background-1","enable_country_selector":true,"enable_language_selector":true,"mobile_logo_position":"center","margin_bottom":0,"padding_top":0,"padding_bottom":8}}},"order":["b45b1b98-4949-4bdc-a1c8-ba0267095b9b","header"]}