{"sections":{"main":{"type":"static-collection","blocks":{"filter-1":{"type":"filter","disabled":true,"settings":{"filter_option":"faceted","filter_groups":"expand_first","show_filter_product_count":true,"filter_style":"tags","filter_limit":"999","grid_categories":"","custom_ordered_categories":"","custom_ordered_tags":"","excluded_tags":"","excluded_groups":""}}},"block_order":["filter-1"],"settings":{"show_collection_image":true,"products_per_page_range":24,"products_per_row":"4","sort_by":true,"grid_list":true,"default_view":"grid-view","enable_subcollection":false,"show_product_count":true,"thumbnail_image":"product-image","image_crop":"square"}},"static-recently-viewed":{"type":"static-recently-viewed","disabled":true,"settings":{"enable_recently_viewed_products":true}}},"order":["main","static-recently-viewed"]}