{"sections":{"dynamic_slideshow":{"type":"dynamic-slideshow","blocks":{"slide-2":{"type":"slide","settings":{"background_image":"shopify:\/\/shop_images\/Banner-1-resize_69c65095-25df-4f79-b54c-86b1d62df73e.jpg","mobile_background_image":"shopify:\/\/shop_images\/M1_5edac9a4-efe4-4c16-a535-d16293c174e9.jpg","title":"","text":"","color":"#1d1d1d","link":"shopify:\/\/collections\/freckle","text_alignment":"left","button_one_label":"","button_one_link":"","button_one_style":"primary","button_two_label":"","button_two_link":"","button_two_style":"primary","show_overlay":true,"overlay_color":"#000000","overlay_opacity":1}},"slide-4":{"type":"slide","settings":{"background_image":"shopify:\/\/shop_images\/Banner-2-resize.jpg","mobile_background_image":"shopify:\/\/shop_images\/M2_79960671-1745-4f3b-b2e3-5a8ffa421e23.jpg","title":"","text":"","color":"#1d1d1d","link":"https:\/\/www.invogueplus.com\/collections\/freckle","text_alignment":"left","button_one_label":"","button_one_link":"","button_one_style":"primary","button_two_label":"","button_two_link":"","button_two_style":"secondary","show_overlay":true,"overlay_color":"#000000","overlay_opacity":5}},"slide-3":{"type":"slide","disabled":true,"settings":{"background_image":"shopify:\/\/shop_images\/Banner-1_ff6dc84e-2f7b-4caf-aa51-886810c6ddec.jpg","mobile_background_image":"shopify:\/\/shop_images\/M1_7df31053-6a77-4c1b-99fa-353f24f01448.jpg","title":"","text":"","color":"#ffffff","link":"shopify:\/\/collections\/liquid-lipstick","text_alignment":"center","button_one_label":"","button_one_link":"","button_one_style":"primary","button_two_label":"","button_two_link":"","button_two_style":"secondary","show_overlay":false,"overlay_color":"#000000","overlay_opacity":20}},"slide-1":{"type":"slide","disabled":true,"settings":{"background_image":"shopify:\/\/shop_images\/face--banner-a.jpg","mobile_background_image":"shopify:\/\/shop_images\/M2.jpg","title":"","text":"","color":"#ffffff","link":"","text_alignment":"center","button_one_label":"","button_one_link":"","button_one_style":"primary","button_two_label":"","button_two_link":"","button_two_style":"secondary","show_overlay":true,"overlay_color":"#000000","overlay_opacity":1}}},"block_order":["slide-2","slide-4","slide-3","slide-1"],"settings":{"enable_autoplay":true,"autoplay_duration":7,"slideshow_width":"full","slideshow_height":"original","slideshow_height_mobile":"adapt","slideshow_text_below_image":false}},"dynamic_highlights_banner":{"type":"dynamic-highlights-banner","blocks":{"highlight-1":{"type":"highlight","settings":{"icon":"icon-delivery","title":"Free Shipping","text":"<p>When you spend $100+<\/p>","link":""}},"highlight-2":{"type":"highlight","settings":{"icon":"icon-cell-phone","title":"Give Us A Call","text":"<p>+1 (201) 555-5555<\/p>","link":""}},"highlight-3":{"type":"highlight","settings":{"icon":"icon-chat-alternate","title":"Chat With Us","text":"<p>We offer 24-hour chat support<\/p>","link":""}},"highlight-4":{"type":"highlight","settings":{"icon":"icon-pin","title":"Locations","text":"<p>Find a store near you<\/p>","link":""}}},"block_order":["highlight-1","highlight-2","highlight-3","highlight-4"],"disabled":true,"settings":{"section_spacing":false,"section_width":"content-width","icon_layout":"center","color":"#1d1d1d","icon_color":"#046e82","background_color":"#ffffff","mobile_layout":"grid"}},"dynamic_promo_grid":{"type":"dynamic-promo-grid","blocks":{"promotion-1":{"type":"promotion","settings":{"image":"shopify:\/\/shop_images\/lips_734476c5-3413-4fb3-854c-8d56e9341363.jpg","title":"Lips","text":"","color":"#ffffff","block_link":"shopify:\/\/collections\/lips","button_text":"","button_style":"primary","show_overlay":true,"background":"#040707","opacity":45}},"promotion-2":{"type":"promotion","settings":{"image":"shopify:\/\/shop_images\/face_89c7f50b-4ce1-4c6c-bdc9-69cc730dfff6.jpg","title":"Face","text":"","color":"#ffffff","block_link":"shopify:\/\/collections\/face","button_text":"","button_style":"primary","show_overlay":true,"background":"#040707","opacity":50}},"promotion-3":{"type":"promotion","settings":{"image":"shopify:\/\/shop_images\/eyes_4beb86d2-16ef-483c-83d2-92a3974634a2.jpg","title":"Eye","text":"","color":"#ffffff","block_link":"shopify:\/\/collections\/eyes","button_text":"","button_style":"primary","show_overlay":true,"background":"#040707","opacity":50}},"promotion-4":{"type":"promotion","settings":{"image":"shopify:\/\/shop_images\/body.jpg","title":"Body","text":"","color":"#ffffff","block_link":"shopify:\/\/collections\/body","button_text":"","button_style":"primary","show_overlay":true,"background":"#040707","opacity":50}}},"block_order":["promotion-1","promotion-2","promotion-3","promotion-4"],"settings":{"title":"Shop By Category","section_height":"medium","section_columns":4,"text_alignment":"center-center"}},"dynamic_promo_mosaic":{"type":"dynamic-promo-mosaic","blocks":{"promotion-1":{"type":"promotion","settings":{"title":"Mosaic","text":"Use this section to welcome customers to your store, say a bit about your brand, or share news.","color":"#ffffff","block_link":"","button_text":"","button_style":"primary","show_overlay":false,"background":"rgba(0,0,0,0)","opacity":50}},"promotion-2":{"type":"promotion","settings":{"title":"Mosaic","text":"Use this section to welcome customers to your store, say a bit about your brand, or share news.","color":"#ffffff","block_link":"","button_text":"","button_style":"primary","show_overlay":true,"background":"#000000","opacity":5}},"promotion-3":{"type":"promotion","settings":{"title":"Mosaic","text":"Use this section to welcome customers to your store, say a bit about your brand, or share news.","color":"#ffffff","block_link":"","button_text":"","button_style":"primary","show_overlay":true,"background":"#000000","opacity":3}},"promotion-4":{"type":"promotion","settings":{"title":"Mosaic","text":"Use this section to welcome customers to your store, say a bit about your brand, or share news.","color":"#ffffff","block_link":"","button_text":"","button_style":"primary","show_overlay":false,"background":"","opacity":50}}},"block_order":["promotion-1","promotion-2","promotion-3","promotion-4"],"disabled":true,"settings":{"title":"","section_height":"small","text_alignment":"top-left","maintain_aspect_ratio":true,"compress_blocks":false}},"dynamic_featured_collection":{"type":"dynamic-featured-collection","blocks":{"view-all-card":{"type":"view_all_card","settings":{"image":"shopify:\/\/shop_images\/makeup-products.jpg","text_alignment":"center-center","pre_heading":"View all","heading":"Collection","text_color":"#ffffff","overlay_color":"#000000","overlay_opacity":39}}},"block_order":["view-all-card"],"settings":{"title":"Best Seller","layout":"slideshow","collection":"lipstick","product_count":9,"cta_label":"","cta_button_style":"primary"}},"dynamic_promo_grid-3":{"type":"dynamic-promo-grid","blocks":{"promotion-1":{"type":"promotion","settings":{"image":"shopify:\/\/shop_images\/2_03.jpg","title":"Grid","text":"Use this section to welcome customers to your store, say a bit about your brand, or share news.","color":"#1e1e1e","block_link":"","button_text":"","button_style":"primary","show_overlay":false,"background":"","opacity":50}},"18c3f36f-b6c1-462d-8be2-7d2f2ff2e893":{"type":"promotion","settings":{"image":"shopify:\/\/shop_images\/2_03.jpg","title":"Grid","text":"Use this section to welcome customers to your store, say a bit about your brand, or share news.","color":"#4d4d4d","block_link":"","button_text":"","button_style":"primary","show_overlay":false,"background":"","opacity":52}}},"block_order":["promotion-1","18c3f36f-b6c1-462d-8be2-7d2f2ff2e893"],"disabled":true,"settings":{"title":"","section_height":"medium","section_columns":2,"text_alignment":"center-left"}},"dynamic_featured_product":{"type":"dynamic-featured-product","blocks":{"title":{"type":"title","settings":{}},"price":{"type":"price","settings":{}},"view-product-link":{"type":"view-product-link","settings":{"text":"View full details"}}},"block_order":["title","price","view-product-link"],"disabled":true,"settings":{"product":"","gallery_aspect_ratio":"natural","gallery_image_crop":false,"gallery_thumbnail_position":"left","gallery_video_autoplay":false,"gallery_video_looping":true,"gallery_hover_zoom":"replace"}},"dynamic_collection_list":{"type":"dynamic-collection-list","blocks":{"collection-1":{"type":"collection","settings":{"collection":"mascara","image":"shopify:\/\/shop_images\/mascara.jpg","title":""}},"collection-2":{"type":"collection","settings":{"collection":"freckle","image":"shopify:\/\/shop_images\/FRECKLE-BEAUTY.jpg","title":""}},"collection-3":{"type":"collection","settings":{"collection":"liquid-lipstick","image":"shopify:\/\/shop_images\/liquid-lipstick.jpg","title":""}},"collection-5":{"type":"collection","settings":{"collection":"lipstick","image":"shopify:\/\/shop_images\/lipstick.jpg","title":""}},"collection-6":{"type":"collection","settings":{"collection":"eyebrow","image":"shopify:\/\/shop_images\/eyebrow-pencil_c6613b74-db7b-4a97-9be4-194dc604f3f9.jpg","title":""}},"collection-4":{"type":"collection","disabled":true,"settings":{"collection":"","title":""}}},"block_order":["collection-1","collection-2","collection-3","collection-5","collection-6","collection-4"],"settings":{"title":"Featured Collections","thumbnail_columns_desktop":5,"thumbnail_columns_mobile":3,"image-crop":"original","cta_label":"View All","cta_link":"shopify:\/\/collections","cta_button_style":"primary"}},"dynamic_shoppable_image":{"type":"dynamic-shoppable-image","blocks":{"hotspot-1":{"type":"hotspot","disabled":true,"settings":{"product":"","x_axis":24,"y_axis":79}},"hotspot-2":{"type":"hotspot","disabled":true,"settings":{"product":"","x_axis":64,"y_axis":67}},"hotspot-3":{"type":"hotspot","disabled":true,"settings":{"product":"","x_axis":61,"y_axis":5}},"hotspot-4":{"type":"hotspot","disabled":true,"settings":{"product":"","x_axis":15,"y_axis":19}},"hotspot-5":{"type":"hotspot","disabled":true,"settings":{"product":"","x_axis":87,"y_axis":48}}},"block_order":["hotspot-1","hotspot-2","hotspot-3","hotspot-4","hotspot-5"],"settings":{"title":"","image":"shopify:\/\/shop_images\/lips-banner.jpg","image_width":"two-thirds","link_text":"View product","textbox_title":"Shop The Look","textbox_subheading":"","textbox_button_label":"Shop Now","textbox_button_link":"shopify:\/\/products\/matte-liquid-lipstick","textbox_button_style":"primary","textbox_text_alignment":"center","textbox_text_position":"left"}},"dynamic_featured_collection-2":{"type":"dynamic-featured-collection","settings":{"title":"All Faces","layout":"slideshow","collection":"face","product_count":7,"cta_label":"","cta_button_style":"primary"}},"2a038adc-e70d-482b-83a4-4d7822b4cb99":{"type":"dynamic-slideshow","blocks":{"template--20693454618941__2a038adc-e70d-482b-83a4-4d7822b4cb99-slide-1":{"type":"slide","settings":{"background_image":"shopify:\/\/shop_images\/mid-banner_da743ce7-6cf7-44c6-acab-0ce2c402c97e.jpg","mobile_background_image":"shopify:\/\/shop_images\/M3_f9449280-7f45-491d-944a-6549a66c0da9.jpg","title":"","text":"","color":"#ffffff","link":"shopify:\/\/collections\/lips","text_alignment":"center","button_one_label":"","button_one_link":"","button_one_style":"primary","button_two_label":"","button_two_link":"","button_two_style":"primary","show_overlay":false,"overlay_color":"#000000","overlay_opacity":50}}},"block_order":["template--20693454618941__2a038adc-e70d-482b-83a4-4d7822b4cb99-slide-1"],"settings":{"enable_autoplay":false,"autoplay_duration":8,"slideshow_width":"full","slideshow_height":"original","slideshow_height_mobile":"adapt","slideshow_text_below_image":true}},"4172b332-35cb-4b67-9785-2e6865ffcf5f":{"type":"dynamic-featured-collection","settings":{"title":"All Eyes","layout":"slideshow","collection":"eyes","product_count":5,"cta_label":"","cta_button_style":"primary"}},"dynamic_promo_grid-2":{"type":"dynamic-promo-grid","blocks":{"promotion-1":{"type":"promotion","settings":{"title":"Grid","text":"Use this section to welcome customers to your store, say a bit about your brand, or share news.","color":"#ffffff","block_link":"","button_text":"","button_style":"secondary","show_overlay":false,"background":"rgba(0,0,0,0)","opacity":50}}},"block_order":["promotion-1"],"disabled":true,"settings":{"title":"","section_height":"small","section_columns":1,"text_alignment":"center-left"}},"dynamic_testimonials":{"type":"dynamic-testimonials","blocks":{"testimonial-1":{"type":"testimonial","settings":{"star_rating":"4.5","text":"<p>Add customer reviews and testimonials to showcase your store's happy customers.<\/p>","author":"<p>Author's name<\/p>"}},"testimonial-2":{"type":"testimonial","settings":{"star_rating":"4.5","text":"<p>Add customer reviews and testimonials to showcase your store's happy customers.<\/p>","author":"<p>Author's name<\/p>"}},"testimonial-3":{"type":"testimonial","settings":{"star_rating":"4.5","text":"<p>Add customer reviews and testimonials to showcase your store's happy customers.<\/p>","author":"<p>Author's name<\/p>"}},"testimonial-4":{"type":"testimonial","settings":{"star_rating":"4.5","text":"<p>Add customer reviews and testimonials to showcase your store's happy customers.<\/p>","author":"<p>Author's name<\/p>"}},"testimonial-5":{"type":"testimonial","settings":{"star_rating":"4.5","text":"<p>Add customer reviews and testimonials to showcase your store's happy customers.<\/p>","author":"<p>Author's name<\/p>"}},"testimonial-6":{"type":"testimonial","settings":{"star_rating":"4.5","text":"<p>Add customer reviews and testimonials to showcase your store's happy customers.<\/p>","author":"<p>Author's name<\/p>"}}},"block_order":["testimonial-1","testimonial-2","testimonial-3","testimonial-4","testimonial-5","testimonial-6"],"disabled":true,"settings":{"title":"Testimonials","image_crop":"circle","text_size":"large"}},"dynamic_blog_posts":{"type":"dynamic-blog-posts","disabled":true,"settings":{"title":"Blog posts","blog":"","show_date":true,"show_author":false,"show_excerpt":true}},"dynamic_search":{"type":"dynamic-search","disabled":true,"settings":{"title":"Search","text":"Use this section to help customers find the products they're looking for.","placeholder":"What are you looking for?","filter_search_by":"disabled","enable_live_search":true,"enable_live_search_images":false,"show-overlay":false,"color":"#ffffff","background":"#000000","opacity":50}}},"order":["dynamic_slideshow","dynamic_highlights_banner","dynamic_promo_grid","dynamic_promo_mosaic","dynamic_featured_collection","dynamic_promo_grid-3","dynamic_featured_product","dynamic_collection_list","dynamic_shoppable_image","dynamic_featured_collection-2","2a038adc-e70d-482b-83a4-4d7822b4cb99","4172b332-35cb-4b67-9785-2e6865ffcf5f","dynamic_promo_grid-2","dynamic_testimonials","dynamic_blog_posts","dynamic_search"]}