{"sections":{"main":{"type":"page","settings":{}},"307ecbd4-79dd-4e19-b718-68fd32e9c962":{"type":"dynamic-image-with-text","disabled":true,"settings":{"section_heading":"","desktop_height":"600px","mobile_height":"400px","desktop_image_alignment":"right","mobile_image_alignment":"top","heading":"About Us","subheading":"<p>Pair large text with an image to give focus to your chosen product, collection, or blog post. Add details on availability, style, or even provide a review. Pair large text with an image to give focus to your chosen product, collection, or blog post. Add details on availability, style, or even provide a review. Pair large text with an image to give focus to your chosen product, collection, or blog post. Add details on availability, style, or even provide a review. Pair large text with an image to give focus to your chosen product, collection, or blog post. Add details on availability, style, or even provide a review. Pair large text with an image to give focus to your chosen product, collection, or blog post. Add details on availability, style, or even provide a review. Pair large text with an image to give focus to your chosen product, collection, or blog post. Add details on availability, style, or even provide a review. Pair large text with an image to give focus to your chosen product, collection, or blog post. Add details on availability, style, or even provide a review. <\/p>","text_alignment":"left","button_label":"Button","button_link":""}}},"order":["main","307ecbd4-79dd-4e19-b718-68fd32e9c962"]}