{"sections":{"main":{"type":"static-product","blocks":{"title":{"type":"title","settings":{}},"vendor":{"type":"vendor","disabled":true,"settings":{}},"a32b0321-03a6-4a90-ba6d-081b5c043e08":{"type":"shopify:\/\/apps\/product-reviews\/blocks\/star_rating\/bae150af-8da8-48b2-9867-398188115e5f","disabled":true,"settings":{"stars_fill_color":"#000000","star_size":15,"text_align":"flex-start","product":"{{product}}","stars_text_empty":"No reviews"}},"rating":{"type":"rating","disabled":true,"settings":{}},"price":{"type":"price","settings":{}},"description":{"type":"description","settings":{}},"form":{"type":"form","settings":{"enable_local_pickup":true,"show_gift_card_recipient_form":false}},"share":{"type":"share","settings":{}}},"block_order":["title","vendor","a32b0321-03a6-4a90-ba6d-081b5c043e08","rating","price","description","form","share"],"settings":{"gallery_aspect_ratio":"natural","gallery_image_crop":false,"gallery_thumbnail_position":"below","gallery_video_autoplay":true,"gallery_video_looping":true,"gallery_hover_zoom":"disabled","gallery_click_to_zoom":"always"}},"recommendations":{"type":"static-product-recommendations","settings":{"show_product_recommendations":true,"product_recommendations_heading":"You may also like"}},"recently-viewed":{"type":"static-recently-viewed","disabled":true,"settings":{"enable_recently_viewed_products":true}}},"order":["main","recommendations","recently-viewed"]}