{"current":{"show_announcement_bar":false,"show_popup":false,"show_fixed_message":false,"header_layout":"centered","footer_layout":"classic","product_layout":"classic","image_loading_style":"fade-in","logo_mobile":"","mobile_logo_width":200,"logo_mobile_position":"center","logo_menu_position":"left","show_search_icon_mobile":true,"show_locale_selector":true,"show_currency_selector":true,"mobile_sidebar_position":"below","mobile_menu_background_color":"rgba(0,0,0,0)","mobile_menu_opacity":100,"mobile_menu_link_color":"rgba(0,0,0,0)","mobile_menu_link_hover_color":"rgba(0,0,0,0)","button_primary_padding":"regular","button_primary_bg_color":"#000000","button_primary_bg_color_transparency":100,"button_primary_border_color":"rgba(0,0,0,0)","button_primary_text_color":"#ffffff","button_primary_bg_color--highlight":"#606060","button_primary_bg_color_transparency--highlight":100,"button_primary_border_color--highlight":"rgba(0,0,0,0)","button_primary_text_color--highlight":"#ffffff","button_primary_border_radius":0,"button_secondary_padding":"regular","button_secondary_bg_color":"rgba(0,0,0,0)","button_secondary_bg_color_transparency":0,"button_secondary_border_color":"#000000","button_secondary_text_color":"#000000","button_secondary_bg_color--highlight":"#000000","button_secondary_bg_color_transparency--highlight":100,"button_secondary_border_color--highlight":"#000000","button_secondary_text_color--highlight":"#ffffff","button_secondary_border_radius":0,"button_link_padding":"regular","button_link_text_color":"#000000","button_link_text_color--highlight":"#ccc","button_link_underline_style":"solid","button_link_underline_thickness":1,"button_cart_padding":"regular","button_cart_bg_color":"#458441","button_cart_bg_color--highlight":"#22691d","button_cart_border_color":"rgba(0,0,0,0)","button_cart_border_color--highlight":"rgba(0,0,0,0)","button_cart_text_color":"#fff","button_cart_text_color--highlight":"#fff","button_cart_icon":"","button_cart_icon_position":"left","button_cart_border_radius":2,"icon":"icon_outline","toggle_icon_style":"carets","social_media_share_style":"squared","breadcrumb_capitalization":"none","breadcrumb_separator":"caret","breadcrumb_size":"regular","dropdown_style":"vertical","dropdown_position":"below-parent","dropdown_link_spacing":"medium","use_placeholders":false,"form_button_style":"button--primary","display_heading_divider":true,"heading_divider_animation":"fadeInDown","heading_divider_style":"short","heading_divider_width":2,"toggle_sidebar":false,"tab_style":"outline","table_styles_enabled":true,"qty_box_style":"box","qty_border_radius":0,"tag_style":"solid","mega_menu_1":false,"mega_menu_2":false,"mega_menu_3":false,"mega_menu_4":false,"mega_menu_5":false,"mega_menu_6":false,"mega_menu_7":false,"mega_menu_8":false,"mega_menu_9":false,"mega_menu_10":false,"shop_bg_color":"#ffffff","border_color":"#565656","regular_color":"#000000","link_color":"#000000","link_hover_color":"#000000","heading_color":"#000000","banner_heading_color":"#ffffff","divider_color":"#000000","logo_text":"#ffffff","header_background":"#ffffff","header_link_color":"#6f6f6f","header_link_hover_color":"#000000","header_cart_badge_color":"#ae3333","cart_background_color":"#fff","show_dropdown_shadow":true,"dropdown_background":"#fff","dropdown_background_opacity":100,"dropdown_link_color":"#8b8b8b","dropdown_link_hover_color":"#000000","footer_background":"#ffffff","footer_border":"#ededed","footer_link_color":"#6f6f6f","footer_link_hover_color":"#000000","footer_text_color":"#000000","sale_color":"#000000","was_price_color":"#606060","product_hover_text_color":"#000000","product_hover_bg_color":"#ffffff","banner_bestseller":"#222222","banner_comingsoon":"#222222","banner_new":"#222222","banner_preorder":"#222222","banner_sale":"#222222","banner_staffpick":"#222222","qty_icon_color":"#fff","qty_icon_hover_color":"#ddd","qty_background_color":"#000","qty_background_hover_color":"#222","regular__font":"optima_nova_n4","regular_font_size":15,"logo__font":"monotype_bodoni_n4","logo_font_size":20,"logo_font_style":"none","nav__font":"optima_nova_n4","nav_font_size":13,"nav_letter_spacing":1,"nav_font_style":"uppercase","dropdown_heading_font_size":16,"dropdown_font_size":14,"dropdown_letter_spacing":0,"dropdown_font_style":"none","button__font":"open_sans_n4","button_letter_spacing":0,"button_font_style":"none","heading__font":"monotype_bodoni_n4","heading_size":24,"heading_letter_spacing":0,"heading_font_style":"none","preheading_font":"optima_nova_n4","preheading_size":15,"preheading_style":"uppercase","subheading_font":"optima_nova_n4","subheading_size":16,"subheading_style":"none","banner_heading__font":"monotype_bodoni_n4","banner_heading_size":33,"banner_heading_style":"none","banner_text__font":"optima_nova_n4","banner_text_size":16,"banner_text_letter_spacing":0,"footer_heading_font_size":17,"footer_font_size":14,"search_option":"product,page,article","search_title":"Rechercher dans nos collections","search_placeholder":"Que cherchez-vous ?","search_heading_color":"#897358","search_display_style":"overlay","search_popup_bg":"#fff","search_menu":"","enable_autocomplete":true,"search_to_display":5,"show_secondary_image":false,"display_vendor":false,"thumbnail_hover_enabled":true,"thumbnail_text_alignment":"center","stickers_enabled":false,"sticker_shape":"square","sticker_position":"left","collection_swatches":false,"collection_swatches_shape":"square","enable_shopify_review_comments":false,"enable_shopify_collection_badges":false,"display_product_quantity":false,"limit_quantity":false,"display_inventory_left":false,"inventory_threshold":10,"free_price_text":"Gratuit","product_form_style":"swatches","swatch_style":"rounded","notify_me_form":true,"notify_me_description":"<p>Notifiez-moi lorsque ce produit est disponible :<\/p>","size_chart":"","enable_quickshop":true,"quickshop_button_style":"button--2","quickshop_show_vendor":false,"quickshop_show_price_savings":true,"show_dynamic_checkout_button":true,"quickshop_truncate_words":true,"quickshop_truncate_words_limit":20,"qs_popup_color":"#fff","show_product_gallery_thumbnails":true,"quickshop_arrows":true,"quickshop_magnify_images":true,"quickshop_speed":0,"quickshop_gallery_transition_styles":"slide","quickshop_thumbnail_position":"bottom-thumbnails","enable_thumbnail_slider":true,"quickshop_gallery_position":"left","video_looping":false,"cart_action":"drawer","show_lock_icon":true,"cart_icon":"bag","display_special_instructions":false,"display_tos_checkbox":false,"tos_page":"","display_savings":false,"display_ajax_quantity_box":false,"cart_message":"","go_to_checkout":true,"enable_shipping_calculator":false,"shipping_calculator_default_country":"United States","currency_format":"money_with_currency_format","show_multiple_currencies":false,"supported_currencies":"USD CAD INR GBP AUD EUR JPY","default_currency":"USD","disqus_enabled":false,"disqus_shortname":"","twitter_link":"","facebook_link":"","youtube_link":"","vimeo_link":"","pinterest_link":"https:\/\/www.pinterest.fr\/clefdoree\/","tumblr_link":"","instagram_link":"https:\/\/www.instagram.com\/clefdoree\/","snapchat_link":"","houzz_link":"","linkedin_link":"","dribbble_link":"","behance_link":"","flickr_link":"","email_link":"","favicon":"shopify:\/\/shop_images\/Favicon1.png","checkout_header_image":"shopify:\/\/shop_images\/checkout_1.jpg","checkout_logo_image":"shopify:\/\/shop_images\/Logo_Packaging_Blanc.png","checkout_logo_position":"right","checkout_logo_size":"large","checkout_body_background_image":"","checkout_body_background_color":"#ededed","checkout_input_background_color_mode":"white","checkout_sidebar_background_image":"","checkout_sidebar_background_color":"#ededed","checkout_heading_font":"-apple-system, BlinkMacSystemFont, 'Segoe UI', Roboto, Helvetica, Arial, sans-serif, 'Apple Color Emoji', 'Segoe UI Emoji', 'Segoe UI Symbol'","checkout_body_font":"-apple-system, BlinkMacSystemFont, 'Segoe UI', Roboto, Helvetica, Arial, sans-serif, 'Apple Color Emoji', 'Segoe UI Emoji', 'Segoe UI Symbol'","checkout_accent_color":"#000000","checkout_button_color":"#458441","checkout_error_color":"#e32c2b","icon_style":"icons","og_image_fallback":"shopify:\/\/shop_images\/luxe-social-share-image.jpg","show_labels":false,"quikckshop_show_price_savings":false,"logo_width":200,"field_input_style":"square","btn1_font_size":16,"btn1_border_radius":0,"btn1_block":false,"btn1_bg_color":"#897358","btn1_border_color":"rgba(0,0,0,0)","btn1_text_color":"#ffffff","btn1_bg_color--highlight":"#000000","btn1_border_color--highlight":"rgba(0,0,0,0)","btn1_text_color--highlight":"#ffffff","btn2_font_size":14,"btn2_border_radius":0,"btn2_block":false,"btn2_bg_color":"#000000","btn2_border_color":"rgba(0,0,0,0)","btn2_text_color":"#ffffff","btn2_bg_color--highlight":"#897358","btn2_border_color--highlight":"rgba(0,0,0,0)","btn2_text_color--highlight":"#ffffff","btn3_font_size":16,"btn3_border_radius":2,"btn3_bg_color":"#000","btn3_bg_color_transparency":100,"btn3_bg_color--highlight":"#fff","btn3_bg_color_transparency--highlight":100,"btn3_border_color":"#000","btn3_border_color--highlight":"#000","btn3_text_color":"#fff","btn3_text_color--highlight":"#000","btn3_icon":"","btn3_icon_position":"left","btn3_animation":"checkmark","text_alignment":"center","sections":{"announcement-bar":{"type":"announcement-bar","settings":{"icon_label":"tag","text":"<p>Draw attention to promos + sales!<\/p>","alignment":"center","size":"regular","button_label":"","link":"","button_style":"button--1","background":"#000000","text_color":"#ffffff","width":"wide","homepage_only":false,"enable_sticky":false,"show_close_icon":true,"css_class":"","custom_css":""}},"header__top-bar":{"type":"header__top-bar","blocks":{"header__top-bar-0":{"type":"text","settings":{"text":"123 Main Street, Pleasantville USA"}},"header__top-bar-1":{"type":"social_media","settings":{}}},"block_order":["header__top-bar-0","header__top-bar-1"],"settings":{"show_top_bar":true,"font":"open_sans_n4","font_style":"none","font_size":14,"letter_spacing":0,"show_locale_selector":true,"show_currency_selector":true,"background":"rgba(0,0,0,0)","link_color":"rgba(0,0,0,0)","link_hover_color":"rgba(0,0,0,0)","text_color":"rgba(0,0,0,0)","width":"standard","css_class":"","custom_css":""}},"header-classic":{"type":"header-classic","settings":{"logo":"","logo_width":160,"main_linklist":"main-menu","menu_alignment":"center","dropdown_click":false,"display_search":true,"icon_style":"icons","enable_overlay":false,"show_text_shadow":false,"overlay_link_color":"rgba(0,0,0,0)","overlay_link_hover_color":"rgba(0,0,0,0)","overlay_background":"rgba(0,0,0,0)","overlay_background_opacity":0,"overlay_logo":"","overlay_logo_width":80,"enable_sticky":false,"sticky_background_opacity":50,"scroll_logo_width":80,"width":"standard","vertical_alignment":"center","css_class":"","custom_css":""}},"mega-menu-1":{"type":"mega-menu-1","blocks":{"1877e34d-a997-4347-b784-a38934a53a74":{"type":"menu","settings":{"menu_1":"bracelets","menu_1_link":""}}},"block_order":["1877e34d-a997-4347-b784-a38934a53a74"],"settings":{"parent_link":"NOTRE MARQUE","enable_mega_menu_border":false,"mega_menu_background_color":"#ffffff","mega_menu_text_color":"#000000","show_mega_bottom_bar":false,"mega_bottom_bar_icon":"","mega_bottom_bar_text":"Add your deal, information or promotional text","mega_bottom_bar_link":"","size":"regular","bottom_banner_bg":"#000000","bottom_banner_text":"#efefef","css_class":"","custom_css":""}},"footer__icon-bar":{"type":"footer__icon-bar","blocks":{"footer__icon-bar-3":{"type":"text","settings":{"icon":"gem","text":"PIERRES NATURELLES","link":""}},"footer__icon-bar-0":{"type":"text","settings":{"icon":"heart","text":"FAIT À LA MAIN AVEC AMOUR","link":""}},"footer__icon-bar-1":{"type":"text","settings":{"icon":"box","text":"ENVOI OFFERT DES 5o€","link":""}},"footer__icon-bar-2":{"type":"text","settings":{"icon":"chat","text":"DES QUESTIONS ? DÎTES-NOUS !","link":""}}},"block_order":["footer__icon-bar-3","footer__icon-bar-0","footer__icon-bar-1","footer__icon-bar-2"],"settings":{"show_icon_bar":true,"alignment":"center","icon_position":"column","size":"medium","background":"#000000","link_color":"#ffffff","link_hover_color":"#000000","text_color":"#ffffff","width":"standard","css_class":"","custom_css":""}},"footer-classic":{"type":"footer-classic","blocks":{"footer-classic-0":{"type":"logo","settings":{"logo":"shopify:\/\/shop_images\/LOGO_FOOTER.png","size":"medium","text":"<p>ZA MONT DE COCAGNE<\/p><p>62330 - ISBERGUES<\/p><p>☎️+590690809608<\/p><p><\/p><p>contact@clefdoree.com<\/p><p>Du contenu différent sur tous nos réseaux ! <\/p><p>Suis-nous !<\/p>","social_icons_footer":true}},"54fe7f35-9a7e-4dc8-b96b-4f3b06249b1e":{"type":"text","settings":{"title":"Nos Garanties","content":"<p>Livraison Offerte Dès 50€ d'Achat<\/p><p>21J - Satisfait ou Remboursé<\/p><p>Retour Simplifié<\/p><p>Paiement 100% Sécurisé<\/p>","social_icons_footer":false}},"1562706968599":{"type":"link_list","settings":{"menu":"footer","social_icons_footer":false}},"1562706841433":{"type":"link_list","settings":{"menu":"nos-produits-et-vous","social_icons_footer":false}},"6d6e4866-7e87-46da-8775-bd7b305df322":{"type":"newsletter","settings":{"newsletter_title":"S'abonner","newsletter_richtext":"<p>Inscris-toi pour recevoir les dernières nouvelles, offres et styles.<\/p>","display_first_name":false,"display_last_name":false}}},"block_order":["footer-classic-0","54fe7f35-9a7e-4dc8-b96b-4f3b06249b1e","1562706968599","1562706841433","6d6e4866-7e87-46da-8775-bd7b305df322"],"settings":{"copyright_text":"","display_designed_by":false,"display_shopify":false,"display_payment_methods":true,"show_locale_selector":true,"show_currency_selector":true,"css_class":"","custom_css":""}},"header-centered__top-bar":{"type":"header-centered__top-bar","blocks":{"block_ikz9kt":{"type":"block","settings":{"text":"<p>4 CRÉATIONS CHOISIES = 1 OFFERTE ! AVEC CODE : 4FOUR3<\/p>"}},"block_7VVm6n":{"type":"block","settings":{"text":"<p><strong>Free Shipping<\/strong><\/p>"}}},"block_order":["block_ikz9kt","block_7VVm6n"],"settings":{"show_social_icons":false,"text":"<p><strong>4 CRÉATIONS CHOISIES = 1 OFFERTE ! AVEC LE CODE: 4POUR3<\/strong><\/p>","show_locale_selector":true,"show_currency_selector":true,"font":"optima_nova_n4","font_style":"none","font_size":14,"letter_spacing":0,"top_bar_background":"#f3f3f3","top_bar_link":"#6f6f6f","top_bar_link_hover":"#000000","top_bar_text":"rgba(0,0,0,0)","display_search":true,"icon_style":"icons","cart_button_background":"#ffffff","cart_button_text":"#6f6f6f","css_class":"","custom_css":""}},"header-centered":{"type":"header-centered","settings":{"logo":"shopify:\/\/shop_images\/HEADER_NOIR.png","logo_width":200,"logo_position":"above","main_linklist":"main-menu","menu_spacing":"default","dropdown_click":true,"enable_overlay":false,"show_text_shadow":false,"overlay_background":"#000000","overlay_background_opacity":80,"overlay_link_color":"rgba(0,0,0,0)","overlay_link_hover_color":"rgba(0,0,0,0)","overlay_logo_width":80,"enable_sticky":true,"display_search":true,"sticky_background_opacity":100,"scroll_logo_width":200,"width":"standard","css_class":"","custom_css":""}},"collection__banner":{"type":"collection__banner","settings":{"show_banner":false,"image_darken":false,"subtitle":"Subheading","width":"wide","banner_height":"medium","padding_top":0,"padding_bottom":0,"css_class":"","custom_css":""}},"collection__sidebar":{"type":"collection__sidebar","blocks":{"1558478535933":{"type":"menu","settings":{"menu":""}}},"block_order":["1558478535933"],"settings":{"show_sidebar":false,"css_class":"","custom_css":""}},"collection__main":{"type":"collection__main","settings":{"collection_breadcrumb":true,"collection_tags":false,"collection_sort":true,"show_promo_banner":false,"image_darken":false,"promo_title":"Tie the knot in style","promo_text":"<p>Limited edition Bridal Collection. Viewings by appointment only.<\/p>","banner_height":"small","align_height":false,"collection_height":200,"products_per_row":4,"mobile_products_per_row":"2","pagination_limit":12,"pagination_type":"basic_pagination","width":"standard","padding_top":40,"padding_bottom":40,"css_class":"","custom_css":""}},"footer-centered":{"type":"footer-centered","blocks":{"1558066998206":{"type":"logo","settings":{"size":"small"}},"footer-centered-3":{"type":"social","settings":{}}},"block_order":["1558066998206","footer-centered-3"],"settings":{"copyright_text":"","display_designed_by":true,"display_shopify":false,"display_payment_methods":true,"show_locale_selector":true,"show_currency_selector":true,"css_class":"","custom_css":""}},"1558069844372":{"type":"index__rich-text","settings":{"title":"Des Bijoux Artisanaux qui ont du Sens.","heading_font":"monotype_bodoni_n4","heading_color":"#000000","heading_alignment":"center","heading_size":33,"text":"<p>Fabriquées à la main avec amour par des artisanes passionnées et consciencieuses, les pièces de <strong>Clef Dorée<\/strong> sont connues pour leur artisanat de haute qualité et leurs matériaux uniques, soigneusement sélectionnés dans le monde entier.<\/p>","text_font":"optima_nova_n4","text_color":"rgba(0,0,0,0)","text_alignment":"center","text_size":16,"columns":1,"button_label":"","button_link":"","button_alignment":"center","button_style":"button--primary","background":"rgba(0,0,0,0)","gradient":"rgba(0,0,0,0)","gradient_rotation":180,"width":"wide","padding_top":0,"padding_bottom":35,"padding_left":0,"padding_right":0,"animation":"fadeInDown","css_class":"","custom_css":""}},"mega-menu-2":{"type":"mega-menu-2","blocks":{"97c30b95-8a7c-4ba7-aa02-fcaeb7bb8b86":{"type":"menu","settings":{"menu_1":"wraps-smart-watch","menu_1_link":""}}},"block_order":["97c30b95-8a7c-4ba7-aa02-fcaeb7bb8b86"],"settings":{"parent_link":"BRACELETS","enable_mega_menu_border":false,"mega_menu_background_color":"#ffffff","mega_menu_text_color":"#404040","show_mega_bottom_bar":false,"mega_bottom_bar_icon":"","mega_bottom_bar_text":"Add your deal, information or promotional text","mega_bottom_bar_link":"","size":"regular","bottom_banner_bg":"#007ace","bottom_banner_text":"#efefef","css_class":"","custom_css":""}},"mega-menu-3":{"type":"mega-menu-3","blocks":{"005c953b-d478-42fd-a950-1c13dec341a1":{"type":"menu","settings":{"menu_1":"g-ode","menu_1_link":""}}},"block_order":["005c953b-d478-42fd-a950-1c13dec341a1"],"settings":{"parent_link":"ESPACE PRO","enable_mega_menu_border":false,"mega_menu_background_color":"#ffffff","mega_menu_text_color":"#404040","show_mega_bottom_bar":false,"mega_bottom_bar_icon":"gem","mega_bottom_bar_text":"Add your deal, information or promotional text","mega_bottom_bar_link":"shopify:\/\/products\/atiena","size":"regular","bottom_banner_bg":"#897358","bottom_banner_text":"#efefef","css_class":"","custom_css":""}},"mega-menu-4":{"type":"mega-menu-4","blocks":{"f118969a-ce50-4a06-8b2e-f89ef80354a1":{"type":"menu","settings":{"menu_1":"bienfaits-et-vertus","menu_1_link":""}}},"block_order":["f118969a-ce50-4a06-8b2e-f89ef80354a1"],"settings":{"parent_link":"The House","enable_mega_menu_border":false,"mega_menu_background_color":"#ffffff","mega_menu_text_color":"#404040","show_mega_bottom_bar":false,"mega_bottom_bar_icon":"","mega_bottom_bar_text":"Add your deal, information or promotional text","mega_bottom_bar_link":"","size":"regular","bottom_banner_bg":"#007ace","bottom_banner_text":"#efefef","css_class":"","custom_css":""}},"mega-menu-5":{"type":"mega-menu-5","blocks":{"mega-menu-5-0":{"type":"menu","settings":{"menu_1":"bilan-lithoth-rapie","menu_1_link":""}}},"block_order":["mega-menu-5-0"],"settings":{"parent_link":"Stores","enable_mega_menu_border":false,"mega_menu_background_color":"#ffffff","mega_menu_text_color":"#404040","show_mega_bottom_bar":false,"mega_bottom_bar_icon":"","mega_bottom_bar_text":"Add your deal, information or promotional text","mega_bottom_bar_link":"","size":"regular","bottom_banner_bg":"#007ace","bottom_banner_text":"#efefef","css_class":"","custom_css":""}},"list-collections__main":{"type":"list-collections__main","settings":{"collections_per_row":4,"pagination_limit":48,"pagination_type":"basic_pagination","align_height":false,"collection_height":400,"button_style":"button--secondary","overlay_background":"#939393","overlay_background_opacity":0,"overlay_text":"#000000","collection_title_below_image":false,"width":"standard","padding_top":40,"padding_bottom":40,"css_class":"","custom_css":""}},"password__main":{"type":"password__main","settings":{"pagework_page_bg_stretched":true,"copyright_text":"","display_designed_by":true,"display_shopify":true,"social_media":false,"password_page_background_color":"#ffffff","password_page_text_color":"#000000","newsletter_title":"Abonnez-vous !","newsletter_richtext":"<p>Inscrivez-vous pour recevoir les dernières informations sur les ventes, les nouveautés et bien plus encore ...<\/p>","show_signup_form":true,"display_first_name":false,"display_last_name":false,"padding_top":40,"padding_bottom":40,"css_class":"","custom_css":""}},"product__sidebar":{"type":"product__sidebar","blocks":{"product__sidebar-0":{"type":"featured_promo","settings":{"promo_background":"#eeeeee","promo_text":"#000000","richtext":"<p>Use this area for promotional information.<\/p>","promo_link":"","button_label":"Shop now","button_style":"button--primary"}},"product__sidebar-1":{"type":"menu","settings":{"menu":""}},"product__sidebar-2":{"type":"text","settings":{"title":"Heading","text":"<p>Text area can be used for details about blog authors or general information.<\/p>"}}},"block_order":["product__sidebar-0","product__sidebar-1","product__sidebar-2"],"settings":{"show_sidebar":false,"css_class":"","custom_css":""}},"product__main":{"type":"product__main","blocks":{"1558464808295":{"type":"rich_text","settings":{"title":"Sois l'Energie que tu veux Attirer","heading_font":"playball_n4","heading_color":"rgba(0,0,0,0)","heading_alignment":"center","heading_size":30,"text":"<p>Nous apportons une sélection minitieuse à chacune des pierres qui servent à la confection de nos pièces. Fondamentales pour notre bien-être et notre paix intérieure, les pierres apportent également confiance en soi. Elles permettent de rééquilibrer nos énergies physiques et psychiques, nous font rayonner, soignent nos petits maux et nous apaisent dans nos relations sociales.<\/p>","text_font":"optima_nova_n4","text_color":"rgba(0,0,0,0)","text_alignment":"center","text_size":16,"columns":1,"button_label":"","button_link":"","button_alignment":"center","button_style":"button--primary","background":"#f8f8f8","gradient":"rgba(0,0,0,0)","gradient_rotation":0,"width":"standard","padding_top":31,"padding_bottom":32,"padding_left":0,"padding_right":0,"animation":"none"}},"35dbdc1c-e16b-4359-8e82-bf1e353b8fe1":{"type":"featured_collection","settings":{"title":"Vos Coups de Coeur","collection":"vos-coups-de-coeur","products_per":5,"mobile_products_per_row":"2","products_limit":10,"align_height":false,"collection_height":200,"collection_style":"grid","width":"standard","show_gutter":true,"padding_top":20,"padding_bottom":20,"animation":"none"}}},"block_order":["1558464808295","35dbdc1c-e16b-4359-8e82-bf1e353b8fe1"],"settings":{"product_breadcrumb":true,"display_thumbnails":true,"gallery_arrows":true,"enable_zoom":true,"enable_product_lightbox":true,"slideshow_speed":4,"slideshow_transition":"slide","thumbnail_position":"bottom-thumbnails","enable_thumbnail_slider":true,"display_vendor":false,"display_sku":false,"enable_shopify_product_badges":false,"display_savings":false,"display_collections":true,"display_type":false,"display_tags":false,"display_social_buttons":false,"product_description_position":"bottom","show_payment_button":true,"product_images_position":"left","set_product_height":false,"product_height":500,"video_looping":false,"width":"standard","padding_top":20,"padding_bottom":20,"animation":"none","css_class":"","custom_css":"","logo1":"shopify:\/\/shop_images\/Assured-Product.png","logo_text1":"Produit assuré","logo2":"shopify:\/\/shop_images\/Safe-Payment_1.png","logo_text2":"Paiement sécurisé","logo3":"shopify:\/\/shop_images\/Quality-Checked.png","logo_text3":"Contrôle qualité"}},"search__banner":{"type":"search__banner","settings":{"show_banner":false,"image_darken":false,"width":"standard","banner_height":"medium","padding_top":0,"padding_bottom":0,"css_class":"","custom_css":""}},"search__sidebar":{"type":"search__sidebar","settings":{"show_sidebar":true,"css_class":"","custom_css":""}},"search__main":{"type":"search__main","settings":{"search_breadcrumb":true,"text":"<p>Trouvez ce que vous cherchez.<\/p>","products_per_row":3,"mobile_products_per_row":"2","pagination_limit":48,"pagination_type":"basic_pagination","align_height":false,"collection_height":200,"blog_author":false,"blog_date":true,"width":"standard","padding_top":40,"padding_bottom":40,"css_class":"","custom_css":""}},"product-image-scroll__main":{"type":"product-image-scroll__main","settings":{"product_breadcrumb":false,"enable_zoom":true,"enable_product_lightbox":true,"display_thumbnails":true,"slideshow_speed":3,"slideshow_transition":"slide","enable_thumbnail_slider":true,"display_vendor":false,"display_sku":false,"enable_shopify_product_badges":false,"display_savings":true,"display_collections":false,"display_type":false,"display_tags":false,"display_social_buttons":true,"product_description_position":"top","show_payment_button":true,"product_images_position":"left","set_product_height":false,"product_height":500,"video_looping":false,"width":"standard","padding_top":20,"padding_bottom":0,"css_class":"","custom_css":""}},"blog__banner":{"type":"blog__banner","settings":{"show_banner":false,"image_darken":false,"subtitle":"","width":"standard","banner_height":"medium","padding_top":0,"padding_bottom":0,"css_class":"","custom_css":""}},"blog__sidebar":{"type":"blog__sidebar","blocks":{"1562614769071":{"type":"search","settings":{"title":"Recherche","search_results":"search_everything"}},"1562614728291":{"type":"post_tags","settings":{"title":"Categories","blog":"news"}},"1562614916848":{"type":"recent_posts","settings":{"title":"Recent posts","blog":"news","blog_post_count":5}},"blog__sidebar-1":{"type":"menu","settings":{"menu":"main-menu"}}},"block_order":["1562614769071","1562614728291","1562614916848","blog__sidebar-1"],"settings":{"show_sidebar":true,"sidebar_position":"right","css_class":"","custom_css":""}},"blog__main":{"type":"blog__main","settings":{"blog_tags":false,"blog_posts_per_row":2,"blog_posts_per_page":12,"pagination_type":"basic_pagination","blog_author":true,"blog_date":true,"read_time":true,"blog_comment_count":false,"blog_show_tags":false,"blog_show_excerpt":true,"show_border":false,"button_label":"Read more","button_type":"none","width":"standard","padding_top":40,"padding_bottom":40,"animation":"none","css_class":"","custom_css":""}},"article__banner":{"type":"article__banner","settings":{"show_banner":true,"image_darken":true,"width":"standard","banner_height":"medium","padding_top":0,"padding_bottom":0,"css_class":"","custom_css":""}},"article__sidebar":{"type":"article__sidebar","blocks":{"article__sidebar-0":{"type":"featured_promo","settings":{"promo_background":"#eeeeee","promo_text":"#000000","richtext":"<p>Use this area for promotional information.<\/p>","promo_link":"","button_label":"Shop now","button_style":"button--1"}},"article__sidebar-1":{"type":"menu","settings":{"menu":""}},"article__sidebar-2":{"type":"text","settings":{"title":"Heading","text":"<p>Text area can be used for details about blog authors or general information.<\/p>"}}},"block_order":["article__sidebar-0","article__sidebar-1","article__sidebar-2"],"settings":{"show_sidebar":false,"sidebar_position":"left","css_class":"","custom_css":""}},"article__main":{"type":"article__main","blocks":{"1562611065656":{"type":"author_share","settings":{"blog_author":false,"display_social_buttons":true}},"1562611085941":{"type":"related_posts","settings":{"show_border":true,"blog_show_excerpt":false,"blog_show_tags":true,"blog_author":true,"blog_date":true,"read_time":true,"blog_comment_count":true,"button_label":"Read more","button_type":"none"}}},"block_order":["1562611065656","1562611085941"],"settings":{"show_breadcrumb":true,"blog_author":true,"blog_date":true,"read_time":true,"blog_comment_count":true,"show_tags":false,"show_featured_image":false,"width":"standard","padding_top":40,"padding_bottom":40,"css_class":"","custom_css":""}},"cart__banner":{"type":"cart__banner","settings":{"show_banner":false,"image_darken":false,"subtitle":"","width":"standard","banner_height":"medium","padding_top":20,"padding_bottom":20,"css_class":"","custom_css":""}},"cart__main":{"type":"cart__main","blocks":{"1563913802592":{"type":"featured_collection","settings":{"title":"Découvrez les Coups de Coeurs !","collection":"vos-coups-de-coeur","products_per":5,"mobile_products_per_row":"2","products_limit":14,"align_height":false,"collection_height":200,"collection_style":"grid","width":"standard","show_gutter":true,"padding_top":30,"padding_bottom":20,"animation":"none"}}},"block_order":["1563913802592"],"settings":{"display_product_quantity_cart":true,"display_savings":true,"cart_message":"","width":"standard","padding_top":40,"padding_bottom":42,"css_class":"","custom_css":"","enable_upsell":true,"heading":"Great Choice! Check Out These too!"}},"popup":{"type":"popup","settings":{"show_close_icon":true,"show_popup_on_mobile":true,"display_border":true,"border_color":"#cccccc","border_width":5,"newsletter_title":"20% de réduction sur votre première commande !","newsletter_text":"<p>Vous serez de plus  les premiers à être informé des nouveaux arrivages, des remises exclusives et de bien d'autres choses encore. <br\/><\/p>","newsletter_section_text_align":"center","text_color":"#000000","background_color":"#ffffff","show_signup_form":true,"display_first_name":true,"display_last_name":false,"image":"shopify:\/\/shop_images\/POPUP.png","image_cropping":"left","image_position":"right","overlay_color":"#000000","overlay_background_opacity":60,"popup_delay":14,"popup_days_to_hide":"0","animation":"fadeInDown","css_class":"","custom_css":""}},"1562260433037":{"type":"index__featured-collection","settings":{"title":"Vos Coups de Coeur","collection":"vos-coups-de-coeur","products_per":4,"mobile_products_per_row":"1","products_limit":12,"align_height":false,"collection_height":200,"collection_style":"slider","width":"wide","show_gutter":false,"padding_top":20,"padding_bottom":20,"animation":"none","css_class":"","custom_css":""}},"page-details__main":{"type":"page-details__main","blocks":{"page-details__main-0":{"type":"image_with_overlay","settings":{"link":"","pretext":"","title":"Luxurious & Timeless","subtitle":"<p>Our classic style and powerful craftsmanship<\/p>","pretext_color":"#000000","heading_color":"#ba9b75","subheading_color":"#ffffff","text_alignment":"center","text_horizontal_position":"center","text_vertical_position":"middle","background_color":"#303030","background_opacity":91,"border_color":"rgba(0,0,0,0)","border_width":2,"text_width":40,"button_1":"","button_1_link":"","button_1_style":"button--secondary","button_2":"","button_2_link":"","button_2_style":"button--secondary","mobile_image_crop":"center","mobile_text_below_image":false,"pretext_color_mobile":"rgba(0,0,0,0)","heading_color_mobile":"rgba(0,0,0,0)","subheading_color_mobile":"rgba(0,0,0,0)","width":"standard","padding_top":0,"padding_bottom":0,"padding_left":0,"padding_right":0,"animation":"none"}},"page-details__main-1":{"type":"featured_collection","settings":{"title":"","collection":"rings","products_per":5,"mobile_products_per_row":"1","products_limit":10,"align_height":true,"collection_height":200,"collection_style":"grid","width":"standard","show_gutter":true,"padding_top":0,"padding_bottom":20,"animation":"none"}},"page-details__main-2":{"type":"rich_text","settings":{"title":"The long and winding road","heading_font":"optima_nova_n4","heading_color":"rgba(0,0,0,0)","heading_alignment":"center","heading_size":30,"text":"<p>As long as we can remember, we&#x27;ve always been drawn to simplicity, beautiful designs and creating things. Our collections always draw inspiration from this, and the natural beauty in this world. We both come from a design-focused background; jewelry and accessories were always just a hobby. Once we knew that this is what we were passionate about, we realized that this is what we would dedicate our lives to – and we wanted to share it with the world. After several years of hard-work, our dream became a reality and we were able to finally put ourselves and our company out there. Our pieces are meant to be unique and timeless, something that you&#x27;ll never want to take off and that you can wear your whole life. <\/p>","text_font":"optima_nova_n4","text_color":"rgba(0,0,0,0)","text_alignment":"center","text_size":14,"columns":1,"button_label":"View our namesake collection","button_link":"shopify:\/\/collections\/engagement-rings","button_alignment":"center","button_style":"button--primary","background":"#ffffff","gradient":"#ededed","gradient_rotation":180,"width":"wide","padding_top":20,"padding_bottom":0,"padding_left":0,"padding_right":0,"animation":"none"}},"1563910322653":{"type":"featured_video","settings":{"aspect_ratio":"16:9","autoplay":false,"autoloop":true,"mute_video":false,"controls":true,"iframe_video":"https:\/\/www.youtube.com\/watch?v=z8uNmQaZgMY","html5_video":"","pretext":"","title":"Our process","subtitle":"Creating our engagement rings","pretext_color":"#000000","heading_color":"#aa8961","subheading_color":"#ffffff","horizontal_text_position":"center","vertical_text_position":"center","text_align":"right","button_label":"Play video","button_style":"button--primary","overlay_style":"text_only","video_overlay_color":"#ffffff","gradient":"rgba(0,0,0,0)","gradient_rotation":180,"background_opacity":0,"text_width":70,"mobile_text_below_video":false,"pretext_color_mobile":"rgba(0,0,0,0)","heading_color_mobile":"rgba(0,0,0,0)","subheading_color_mobile":"rgba(0,0,0,0)","width":"wide","padding_top":0,"padding_bottom":0,"padding_left":0,"padding_right":0,"animation":"none"}}},"block_order":["page-details__main-0","page-details__main-1","page-details__main-2","1563910322653"],"settings":{"css_class":"","custom_css":""}},"page__main":{"type":"page__main","settings":{"width":"standard","padding_top":40,"padding_bottom":40,"css_class":"","custom_css":""}},"page-gallery__main":{"type":"page-gallery__main","blocks":{"page-gallery__main-1":{"type":"image","settings":{"link":"shopify:\/\/collections\/watches"}},"page-gallery__main-2":{"type":"image","settings":{"link":""}},"page-gallery__main-3":{"type":"image","settings":{"link":""}},"page-gallery__main-5":{"type":"image","settings":{"link":""}},"page-gallery__main-6":{"type":"image","settings":{"link":""}},"page-gallery__main-7":{"type":"image","settings":{"link":""}}},"block_order":["page-gallery__main-1","page-gallery__main-2","page-gallery__main-3","page-gallery__main-5","page-gallery__main-6","page-gallery__main-7"],"settings":{"gallery_type":"classic","crop_images":false,"images_per_row":3,"enable_lightbox":true,"animation":"none","overlay_color":"#000000","link_color":"#ffffff","width":"wide","show_gutter":true,"padding_top":20,"padding_bottom":20,"css_class":"","custom_css":""}},"404__banner":{"type":"404__banner","settings":{"show_banner":false,"image_darken":false,"width":"standard","banner_height":"medium","padding_top":0,"padding_bottom":0,"css_class":"","custom_css":""}},"404__main":{"type":"404__main","settings":{"not_found_text":"<p>Désolé ! Nous n'avons pas trouvé ce que vous cherchez. <\/p><p>Essayez de trouver en faisant une recherche ou <a href=\"\/collections\/toutes-les-collections\" title=\"Toutes les collections\"><em><strong>visiter la boutique.<\/strong><\/em><\/a><\/p>","display_search_field":true,"width":"standard","padding_top":40,"padding_bottom":40,"css_class":"","custom_css":""}},"footer-promotional":{"type":"footer-promotional","blocks":{"1562269496112":{"type":"newsletter","settings":{"newsletter_title":"Subscribe","newsletter_richtext":"<p>Sign up to get the latest on sales, new releases and more …<\/p>","display_first_name":false,"display_last_name":false}},"1562269505146":{"type":"link_list","settings":{"menu_1":"footer","menu_2":"","menu_3":""}}},"block_order":["1562269496112","1562269505146"],"settings":{"copyright_text":"","display_designed_by":true,"display_shopify":true,"display_payment_methods":true,"show_locale_selector":true,"show_currency_selector":true,"enable_promo":false,"promo_background":"#ffffff","promo_text":"#000000","promo_position":"row-reverse","richtext":"","promo_link":"","button_label":"","button_style":"button--1","css_class":"","custom_css":""}},"fixed-message":{"type":"fixed-message","settings":{"text":"<p>We use cookies on our website to give you the best shopping experience. By using this site, you agree to its use of cookies. <\/p>","button_label":"I agree","button_style":"button--secondary","background":"#ffffff","background_opacity":93,"text_color":"#606060","width":"wide","css_class":"","custom_css":""}},"page-faq__banner":{"type":"page-faq__banner","settings":{"show_banner":false,"image_darken":false,"subtitle":"","width":"wide","banner_height":"medium","padding_top":0,"padding_bottom":0,"css_class":"","custom_css":""}},"page-faq__main":{"type":"page-faq__main","settings":{"width":"standard","padding_top":40,"padding_bottom":40,"css_class":"","custom_css":""}},"page-faq__column1":{"type":"page-faq__column1","blocks":{"page-faq__column1-0":{"type":"heading","settings":{"title":"COMMANDE"}},"page-faq__column1-1":{"type":"content","settings":{"title":"Que se passe-t-il si l'article que j'ai commandé n'est plus en stock ?","answer":"<p>Bien que notre système soit conçu pour assurer une représentation exacte des niveaux de stock ainsi que de la disponibilité des produits commandés, une erreur peut parfois se produire, et dans ce cas-là, nous faisons notre possible pour garantir que cela ne se reproduise pas. Si cela s'est produit avec votre commande, nous nous en excusons, et nous vous contacterons par e-mail pour vous faire connaître vos options et savoir ce que vous souhaitez faire.<\/p>"}},"page-faq__column1-2":{"type":"content","settings":{"title":"Vais-je recevoir la confirmation de ma commande ?","answer":"<p>Une fois votre commande passée, nous vous enverrons un e-mail de confirmation contenant tous les détails de votre commande.<\/p>"}},"page-faq__column1-3":{"type":"content","settings":{"title":"Je n'ai reçu aucun e-mail de confirmation pour ma commande.","answer":"<p>Même si cela est dur à imaginer, votre boite e-mail peut considérer notre e-mail comme un courrier indésirable qui sera redirigé vers votre fichier \"courrier indésirable\" ou \"spam\". Allez donc jeter un coup d'œil pour voir si nos e-mails n'ont pas été stockés là, et ajoutez nous à votre liste d'expéditeurs sécurisés afin que cela ne se reproduise plus. Vérifiez également que votre adresse e-mail est bien correcte. Vous pouvez également nous poser la question directement via la rubrique \"Contact\".<\/p>"}},"page-faq__column1-5":{"type":"content","settings":{"title":"Je n'arrive pas à passer ma commande. Que faire ?","answer":"<p>Nous sommes désolés d'apprendre que vous ayez du mal à passer votre commande. Aucun problème, nous sommes là pour vous aider. Il vous suffit de suivre ces trois étapes faciles. Vérifiez tout d'abord que l'adresse de facturation correspond à l'adresse d'inscription de votre carte (l'adresse indiquée sur vos relevés bancaires) ainsi que le nom et prénom de la carte. Vérifiez ensuite que le numéro de carte de crédit a été saisi sans espace ni ponctuation. Enfin, si après avoir effectué les deux premières étapes, vous continuez toutefois à avoir des problèmes pour passer votre commande, contactez-nous alors via la rubrique \"<a href=\"https:\/\/clefdoree.com\/pages\/contact\" title=\"https:\/\/clefdoree.com\/pages\/contact\">contact<\/a>\".<\/p>"}},"page-faq__column1-7":{"type":"content","settings":{"title":"Puis-je modifier ou annuler ma commande ?","answer":"<p>Malheureusement, une fois que la commande est validée. Elle est aussitôt transmise au service logistique pour être expédiée le plus tôt possible. Ceci est totalement automatisé et ne peut être annulé. <br\/>Nous n'avons donc plus la main pour la modifier.<br\/>Cependant vous avez 21 jours pour nous retourner le produit à réception de celui-ci, contre un échange ou un remboursement. <\/p>"}},"page-faq__column1-4":{"type":"heading","settings":{"title":"LIVRAISON"}},"page-faq__column1-6":{"type":"content","settings":{"title":"Quels sont les délais de livraison?","answer":"<p>Les commandes sont expédiées sous 24 heures ouvrées, et livrées en 24 à 48 heures. Vous êtes donc livrés à domicile de 48 à 72 heures ouvrées à compter du parfait encaissement du prix de la commande. Prévoyez 3 jours minimum pour les destinations vers l'Europe et 5 jours vers le reste du monde.<\/p>"}},"06536174-f9f2-41d1-b29b-8ff1a7034af1":{"type":"content","settings":{"title":"Comment puis-je suivre ma commande ?","answer":"<p>Nous vous enverrons un e-mail avec toutes les informations nécessaires pour effectuer le suivi de votre commande. Assurez vous donc que vous l'ayez bien reçu!<\/p>"}},"62129c81-359d-4635-87a2-e388edd8572e":{"type":"content","settings":{"title":"Vers quels pays livrez-vous ?","answer":"<p>Nous livrons dans le monde entier mais nos envois sont suivis et assurés pour les destinations suivantes : France (Métropolitaine + DOM TOM), tous les pays de l'union Européenne, Suisse, Saint-Martin, Saint-Barthélémy, Monaco, Saint-Pierre-et-Miquelon, Mayotte, Nouvelle-Calédonie, Polynésie Française, Canada, Malaisie, Nouvelle-Zélande, Singapour, Etats-Unis.<\/p>"}},"40f191bb-41b4-4090-97ca-bb54d389068d":{"type":"content","settings":{"title":"Mon colis a disparu - Que faire?","answer":"<p>Si vous n'avez pas encore reçu votre colis, nous sommes désolés. Consultez tout d'abord vos voisins pour voir s'ils ont signé pour la réception de votre colis. Pour toute commande livrée à un voisin, une carte de visite est déposée à votre porte pour vous prévenir du nom ou du numéro de la propriété à laquelle le colis a été livré. Si vous ne parvenez toujours pas à localiser votre colis, ne vous inquiètez pas, vous pouvez nous contacter via la rubrique \"<a href=\"https:\/\/clefdoree.com\/pages\/contact\" title=\"https:\/\/clefdoree.com\/pages\/contact\">Contact<\/a>\" et nous vous aiderons dans vos démarches.<\/p>"}},"e5cc1d99-b385-46c7-862f-ab1fc43d8d87":{"type":"content","settings":{"title":"Mon numéro de suivi est inactif alors que je viens de recevoir la confirmation d'expédition.","answer":"<p>Ne vous inquiétez pas, la poste active les numéros de suivis sous 24 à 48h. Cependant, il arrive parfois que la poste oubli de flasher certains colis. Si vous ne l'avez pas reçu au bout de 5 jours, contactez-nous via la rubrique \"<a href=\"https:\/\/clefdoree.com\/pages\/contact\" title=\"https:\/\/clefdoree.com\/pages\/contact\">Contact<\/a>\" et nous vous aiderons dans vos démarches et prendrons le relais si nécessaire.<\/p>"}},"fa5114a7-8190-45b9-a8b1-c556ca3ef21f":{"type":"content","settings":{"title":"Pouvez-vous livrer vers une adresse autre que mon adresse de facturation?","answer":"<p>Oui, mais n'oubliez pas que votre adresse de facturation doit correspondre à l'adresse d'inscription de votre carte de paiement.<\/p>"}},"152029fd-427f-4c07-88da-f8168d2ea409":{"type":"heading","settings":{"title":"PAIEMENT"}},"22d14301-289e-4d60-88bb-dc14eb53ed17":{"type":"content","settings":{"title":"Comment puis-je payer ?","answer":"<p>Nous acceptons la quasi-totalité des cartes bleues existantes dans le monde. <\/p>"}},"9cc2e97b-5f84-4420-9322-dd8a80825bcf":{"type":"content","settings":{"title":"Votre processus de paiement en ligne est-il sécurisé ?","answer":"<p>Notre procédure de paiement est ultra sécurisé. Nous ne stockons pas les informations concernant votre carte de crédit. Notre solution de paiement vérifie simplement que l'adresse du détenteur de la carte correspond à la carte utilisée, et travaille avec Mastercard Secure Code ou Verified by Visa afin d'effectuer des tests de sécurité plus personnalisé. Notre solution de paiement utilise la dernière technologie aux normes de cryptage SSL, le logiciel de sécurité le plus avancé disponible pour les transactions en ligne.<\/p>"}},"8ebc4824-d551-4a10-86e8-0d48523e296d":{"type":"heading","settings":{"title":"RETOUR"}},"f72715cb-13ec-4bfa-bb8a-a62ea728cf13":{"type":"content","settings":{"title":"Comment retourner un article ?","answer":"<p>Nous faisons notre possible pour vous proposer des produits qui vous donnerons satisfaction. Mais si vous souhaitez retourner un article, rien de plus simple : cliquez <strong>ici<\/strong> et suivez les instructions ou envoyez nous un mail à <strong>contact@clefdoree.com<\/strong>.<\/p>"}},"2fe7e5ce-0008-4f92-ba96-c6bfd82a27e7":{"type":"content","settings":{"title":"Comment fonctionne le portail de retour ?","answer":"<p>Le portail est très intuitif, renseignez votre code postal de livraison ainsi que votre numéro de suivi ou votre numéro de commande (commentant par \"A-....\" et laissez vous guider par les étapes.<\/p>"}},"bf53b89c-9556-402d-aa6a-a00722d5d7fe":{"type":"content","settings":{"title":"Quand recevrai-je mon remboursement ?","answer":"<p>Une fois votre colis reçu, nous vous rembourserons votre commande sous 72 heures ouvrées. À cela se rajoute le temps de traitement bancaire propre à chaque banque pouvant aller jusqu'à 7-10 jours.<\/p>"}},"a1e8433d-45da-4968-a7b3-2433e680ee52":{"type":"content","settings":{"title":"Vous avez reçu un article défectueux, ou le mauvais article ?","answer":"<p>Nous sommes désolés que vous ayez reçu un article défectueux dans votre commande. Ne vous inquiètez pas, vous pouvez nous contacter en envoyant une photo de ce que vous avez reçu via la rubrique \"<a href=\"https:\/\/clefdoree.com\/pages\/contact\" title=\"https:\/\/clefdoree.com\/pages\/contact\">Contact<\/a>\". Le service client sera aux petits soins et un nouvel article sera à nouveau dans votre boîte aux lettres avant même que vous ayez eu le temps de vous en rendre compte.<\/p>"}},"02baa362-15b2-41fa-bef1-4662701d7206":{"type":"content","settings":{"title":"Sous combien de jours puis-je retourner ma commande ?","answer":"<p>Votre retour doit nous parvenir dans les 21 jours suivant la date de réception de votre commande. Si nous recevons votre retour après cette date, nous nous réservons le droit de ne pas procéder à l'échange ou à votre remboursement.<\/p>"}}},"block_order":["page-faq__column1-0","page-faq__column1-1","page-faq__column1-2","page-faq__column1-3","page-faq__column1-5","page-faq__column1-7","page-faq__column1-4","page-faq__column1-6","06536174-f9f2-41d1-b29b-8ff1a7034af1","62129c81-359d-4635-87a2-e388edd8572e","40f191bb-41b4-4090-97ca-bb54d389068d","e5cc1d99-b385-46c7-862f-ab1fc43d8d87","fa5114a7-8190-45b9-a8b1-c556ca3ef21f","152029fd-427f-4c07-88da-f8168d2ea409","22d14301-289e-4d60-88bb-dc14eb53ed17","9cc2e97b-5f84-4420-9322-dd8a80825bcf","8ebc4824-d551-4a10-86e8-0d48523e296d","f72715cb-13ec-4bfa-bb8a-a62ea728cf13","2fe7e5ce-0008-4f92-ba96-c6bfd82a27e7","bf53b89c-9556-402d-aa6a-a00722d5d7fe","a1e8433d-45da-4968-a7b3-2433e680ee52","02baa362-15b2-41fa-bef1-4662701d7206"],"settings":{"padding_top":0,"padding_bottom":0,"css_class":"","custom_css":""}},"page-faq__column2":{"type":"page-faq__column2","settings":{"padding_top":0,"padding_bottom":0,"css_class":"","custom_css":""}},"product__recommendations":{"type":"product__recommendations","settings":{"show_product_recommendations":true,"product_recommendations_style":"grid","product_recommendations_heading":"Not the perfect style for you? Try these instead:","products_per":4,"recommended_products_limit":4,"align_height":false,"collection_height":200,"width":"wide","padding_top":20,"padding_bottom":0,"padding_left":0,"padding_right":0,"animation":"none","css_class":"","custom_css":""}},"page-contact__banner":{"type":"page-contact__banner","settings":{"show_banner":false,"image":"shopify:\/\/shop_images\/5_0f232d92-87b2-4798-9d0e-21b25ddc8cda.png","image_darken":true,"subtitle":"","width":"wide","banner_height":"medium","padding_top":0,"padding_bottom":0,"css_class":"","custom_css":""}},"page-contact__main":{"type":"page-contact__main","blocks":{"1564158099049":{"type":"paragraph","settings":{"text":"<p>Nous faisons tous les efforts possibles pour fournir le meilleur service à la clientèle, pour toute question ou suggestion vous pouvez nous contacter par mail ou par le chat en ligne sur le site. Nous répondons rapidement à tout message et nous serons très heureux de vous aider.<\/p>"}},"page-contact__main-0":{"type":"textfield","settings":{"label":"Nom","required":true}},"page-contact__main-1":{"type":"email","settings":{"label":"Email"}},"1564158167599":{"type":"dropdown","settings":{"label":"Objet","required":true,"options_1":"Information sur votre commande","options_2":"Questions sur nos produits","options_3":"Taille, Caractéristiques","options_4":"Retours + Échanges","options_5":"Partenariat","options_6":"Cadeaux","options_7":"Autre","options_8":"","options_9":"","options_10":""}},"page-contact__main-2":{"type":"textarea","settings":{"label":"Message","required":true}}},"block_order":["1564158099049","page-contact__main-0","page-contact__main-1","1564158167599","page-contact__main-2"],"settings":{"title":"Comment pouvons-nous vous aider ?","content_text":"<p><strong>Courriel : <\/strong><a href=\"mailto:contact@clefdoree.com\" target=\"_blank\" title=\"mailto:contact@clefdoree.com\">contact@clefdoree.com<\/a><br\/><br\/><strong>Adresse :  <\/strong>Allée Primavera, 74370 Annecy, France<br\/><br\/><strong>Téléphone :  <\/strong><a href=\"tel:+590690809608\" target=\"_blank\" title=\"tel:+590690809608\">+590690809608<\/a><\/p>","social_enable":false,"text_alignment":"left","background":"#e5e5e5","text_color":"#000000","form_position":"right","width":"standard","padding_top":40,"padding_bottom":40,"css_class":"","custom_css":""}},"page-contact__sections":{"type":"page-contact__sections","blocks":{"d7e1e961-8b41-473c-bbac-1d1bc5ce6110":{"type":"map","settings":{"map_address":"62330 - ISBERGUES","map_height":370,"zoom_level":6,"api_key":"","show_pin":true,"map_style":"default","width":"wide","padding_top":0,"padding_bottom":0,"padding_left":0,"padding_right":0,"animation":"none"}},"94cdbc56-2603-4d28-98ac-93d83ca02015":{"type":"rich_text","settings":{"title":"","heading_font":"open_sans_n4","heading_color":"rgba(0,0,0,0)","heading_alignment":"center","heading_size":30,"text":"<p>Service client disponible 5 jours sur 7.<\/p><p>Réponse sous 24-48h ouvrées du lundi au vendredi.<\/p>","text_font":"open_sans_n4","text_color":"#ffffff","text_alignment":"left","text_size":14,"columns":2,"button_label":"","button_link":"","button_alignment":"center","button_style":"button--primary","background":"#000000","gradient":"#c0c0c0","gradient_rotation":180,"width":"wide","padding_top":0,"padding_bottom":0,"padding_left":0,"padding_right":0,"animation":"none"}}},"block_order":["d7e1e961-8b41-473c-bbac-1d1bc5ce6110","94cdbc56-2603-4d28-98ac-93d83ca02015"],"settings":{}},"1569425826481":{"type":"index__slideshow-classic","blocks":{"1569425826481-1":{"type":"image","settings":{"link":"","image":"shopify:\/\/shop_images\/1_OK.png","pretext":"","title":"Sois l'énergie que tu veux attirer.","subtitle":"<p>Notre mission est de rendre le monde meilleur en diffusant de l'énergie positive grâce à nos bijoux magnifiquement conçus. Nos clients portent un rappel quotidien de positivité fait de pierres naturelles et rempli d'énergie positive, qui les aide à se concentrer sur les bonnes choses de la vie. Parce que lorsque vous vous concentrez sur les bonnes choses, les bonnes choses s'améliorent.<\/p>","pretext_color":"#ffffff","heading_color":"#000000","subheading_color":"#000000","text_alignment":"center","text_horizontal_position":"left","background_color":"#ffffff","background_opacity":84,"border_color":"#ffffff","border_width":0,"text_width":40,"button_1":"EN SAVOIR PLUS","button_1_link":"shopify:\/\/pages\/notre-histoire","button_1_style":"button--secondary","button_2":"","button_2_link":"","button_2_style":"button--secondary","mobile_image_crop":"none","pretext_color_mobile":"#000000","heading_color_mobile":"#000000","subheading_color_mobile":"#000000"}}},"block_order":["1569425826481-1"],"settings":{"image_transition":"fade","image_slideshow_speed":3,"show_arrows":false,"show_nav_buttons":true,"mobile_text_below_image":true,"width":"wide","padding_top":0,"padding_bottom":0,"animation":"none","css_class":"","custom_css":""}},"page-gallery__banner":{"type":"page-gallery__banner","settings":{"show_banner":false,"image_darken":false,"subtitle":"Subheading","width":"wide","banner_height":"medium","padding_top":0,"padding_bottom":0,"css_class":"","custom_css":""}},"1a213845-5a5b-46ee-b7c8-fdfdf65a34ca":{"type":"index__image-with-text-overlay","settings":{"link":"","image":"shopify:\/\/shop_images\/HOMEPAGE_Bracelet_1.png","pretext":"<p>DÉCOUVRIR LES BIJOUX<br\/><\/p>","title":"Aussi Uniques Que Vous","subtitle":"","pretext_color":"#000000","heading_color":"#000000","subheading_color":"#000000","text_alignment":"center","text_horizontal_position":"center","text_vertical_position":"middle","background_color":"#ffffff","background_opacity":50,"border_color":"#ffffff","border_width":0,"text_width":40,"button_1":"Wraps Apple Watch","button_1_link":"shopify:\/\/collections\/bracelets-apple-watch","button_1_style":"button--secondary","button_2":"Bracelets et Gemmes","button_2_link":"shopify:\/\/collections\/bracelets-1","button_2_style":"button--secondary","mobile_image_crop":"none","mobile_text_below_image":true,"pretext_color_mobile":"rgba(0,0,0,0)","heading_color_mobile":"rgba(0,0,0,0)","subheading_color_mobile":"rgba(0,0,0,0)","width":"wide","padding_top":0,"padding_bottom":0,"padding_left":0,"padding_right":0,"animation":"fadeIn","css_class":"","custom_css":""}},"92611bef-f9cf-4142-9a15-606473750db9":{"type":"index__collection-list","blocks":{"92611bef-f9cf-4142-9a15-606473750db9-16751203657ea44a26-0":{"type":"collection","settings":{"feature_collection":"bracelets-1","image":"shopify:\/\/shop_images\/Capture_d_ecran_2023-01-26_204002.png","title":"Bracelets","button_label":""}},"92611bef-f9cf-4142-9a15-606473750db9-16751203657ea44a26-1":{"type":"collection","settings":{"feature_collection":"bracelets-apple-watch","image":"shopify:\/\/shop_images\/Bracelet_Apple-Watch-rose.png","title":"Wraps Apple Watch","button_label":""}},"92611bef-f9cf-4142-9a15-606473750db9-16751203657ea44a26-2":{"type":"collection","settings":{"feature_collection":"boucles-doreilles","image":"shopify:\/\/shop_images\/Earrings_homepage_1_47cad88e-6821-4014-a877-719ffc01b207.png","title":"Boucles d'oreilles","button_label":""}},"collection_tHFka3":{"type":"collection","settings":{"feature_collection":"nos-colliers","image":"shopify:\/\/shop_images\/collierfemmeenlapis.jpg","title":"","button_label":""}},"collection_38Bn8E":{"type":"collection","settings":{"feature_collection":"bagues","image":"shopify:\/\/shop_images\/baguelapislazuli_75b8d468-feba-49ce-9a20-5a6548b4d05c.png","title":"","button_label":""}}},"block_order":["92611bef-f9cf-4142-9a15-606473750db9-16751203657ea44a26-0","92611bef-f9cf-4142-9a15-606473750db9-16751203657ea44a26-1","92611bef-f9cf-4142-9a15-606473750db9-16751203657ea44a26-2","collection_tHFka3","collection_38Bn8E"],"settings":{"collections_per_row":5,"align_height":false,"collection_height":400,"button_style":"button--primary","overlay_background":"#939393","overlay_background_opacity":0,"overlay_text":"#ffffff","collection_title_below_image":true,"width":"standard","show_gutter":true,"padding_top":20,"padding_bottom":20,"animation":"none","css_class":"","custom_css":""}},"e776ee8a-a4b6-43ee-a882-fc6bcd2c5f75":{"type":"index__featured-collection","settings":{"title":"Découvrez les Wraps Apple Watch","collection":"bracelets-apple-watch","products_per":4,"mobile_products_per_row":"1","products_limit":20,"align_height":false,"collection_height":200,"collection_style":"slider","width":"wide","show_gutter":true,"padding_top":20,"padding_bottom":20,"animation":"none","css_class":"","custom_css":""}},"page__banner":{"type":"page__banner","settings":{"image_darken":false,"width":"wide","banner_height":"medium","padding_top":0,"padding_bottom":0,"css_class":"","custom_css":""}},"135a05c3-707c-4319-8f61-a453977a889a":{"type":"index__testimonial","blocks":{"135a05c3-707c-4319-8f61-a453977a889a-16781231920397498d-0":{"type":"image","settings":{"image":"shopify:\/\/shop_images\/15.png","quote":"<p>\"Sourire à la vie prend tout son sens! L'énergie positive que me procure ces bijoux me met de bonne humeur toute la journée!\"<\/p>","text":"<p><strong>Julie F.<\/strong><\/p><p>⭐⭐⭐⭐⭐<\/p>","info_text":"rgba(0,0,0,0)","info_background":"rgba(0,0,0,0)"}},"135a05c3-707c-4319-8f61-a453977a889a-16781231920397498d-1":{"type":"image","settings":{"image":"shopify:\/\/shop_images\/3.png","quote":"<p>\"J'ai acheté plusieurs bracelets pour mes amies et chacune a choisi celui qui lui correspondait le mieux. Je les ai contaminé avec mon addiction à Clef Dorée du coup :P\"<\/p>","text":"<p><strong>Cécile D.<\/strong><\/p><p>⭐⭐⭐⭐⭐<\/p>","info_text":"rgba(0,0,0,0)","info_background":"rgba(0,0,0,0)"}},"e2070fd7-e2be-48b4-87a3-ca2ee1a64899":{"type":"image","settings":{"image":"shopify:\/\/shop_images\/12.png","quote":"<p>\"Mon bracelet en topaze me porte chance partout, il ne me quitte jamais et il me rend extrêmement confiante dans mes choix.\"<\/p>","text":"<p>Christelle O.<\/p><p>⭐⭐⭐⭐⭐<\/p>","info_text":"rgba(0,0,0,0)","info_background":"rgba(0,0,0,0)"}},"135a05c3-707c-4319-8f61-a453977a889a-16781231920397498d-2":{"type":"image","settings":{"image":"shopify:\/\/shop_images\/5_a3a41505-78c0-4aa4-8de4-57e0059aa90c.png","quote":"<p>\"Je kiffe comment mes bracelets s'accordent avec plusieurs de mes outfits!\"<\/p>","text":"<p><strong>Jenny T.<\/strong><\/p><p>⭐⭐⭐⭐⭐<\/p>","info_text":"rgba(0,0,0,0)","info_background":"rgba(0,0,0,0)"}},"f78d547d-8aa5-43ce-b924-c702c4d8799b":{"type":"image","settings":{"image":"shopify:\/\/shop_images\/30.png","quote":"<p>\"Les pierres m'ont aidé à combattre ma timidité, c'est tout ce que j'espérais. Peu importe où je vais, j'attire les regards et ça me donne confiance en moi &lt;3\"<\/p>","text":"<p><strong>Cecilia F.<\/strong><\/p><p>⭐⭐⭐⭐⭐<\/p>","info_text":"rgba(0,0,0,0)","info_background":"rgba(0,0,0,0)"}},"5fa046ba-8962-4115-8cff-77c9c749ff7a":{"type":"image","disabled":true,"settings":{"image":"shopify:\/\/shop_images\/24.png","quote":"<p>\"Je vois clairement la différence entre comment j'étais avant mes bracelets et comment je suis aujourd'hui. Merci à vous!\"<\/p>","text":"<p><strong>Pam D.<\/strong><\/p><p>⭐⭐⭐⭐⭐<\/p>","info_text":"rgba(0,0,0,0)","info_background":"rgba(0,0,0,0)"}},"bf5e90c2-ca45-418b-b6c3-a8861c71e5f6":{"type":"image","disabled":true,"settings":{"image":"shopify:\/\/shop_images\/23.png","quote":"<p>\"MERCIII!!!! :D <\/p><p>Mon premier bracelet date de 2019, maintenant j'en ai une dizaine et en plus de leur bienfaits, ils s'accordent avec toutes mes tenues\"<\/p>","text":"<p><strong>Clara T.<\/strong><\/p><p>⭐⭐⭐⭐⭐<\/p>","info_text":"rgba(0,0,0,0)","info_background":"rgba(0,0,0,0)"}},"a1591cc9-896c-403f-b935-d2654f6378ed":{"type":"image","disabled":true,"settings":{"image":"shopify:\/\/shop_images\/31.png","quote":"<p>\"J'adore mon bracelet! Ma mère l'a également offert à ma sœur et à ma grand-mère. Elle en a un pour elle. Je porte le mien souvent. <\/p><p>Merci maman!🥰\"<\/p>","text":"<p><strong>Lola H.<\/strong><\/p><p>⭐⭐⭐⭐⭐<\/p>","info_text":"rgba(0,0,0,0)","info_background":"rgba(0,0,0,0)"}},"8fb3af22-5297-4994-b2df-036f2119e537":{"type":"image","disabled":true,"settings":{"image":"shopify:\/\/shop_images\/10.png","quote":"<p>\"J'attire tout ce qui me permet de devenir la meilleure version de moi-même, et j'adore méditer avec mes bijoux sur moi.\"<\/p>","text":"<p><strong>Caroline S.<\/strong><\/p><p>⭐⭐⭐⭐⭐<\/p>","info_text":"rgba(0,0,0,0)","info_background":"rgba(0,0,0,0)"}},"9e611ac5-02d5-41e8-9cd9-6e35707fbb19":{"type":"image","disabled":true,"settings":{"image":"shopify:\/\/shop_images\/17.png","quote":"<p>\"Les bracelets sont légers, confortables et stylés, et les boucles d'oreilles sont très jolies et vont avec beaucoup de vêtements de printemps et d'été. <\/p><p>Elles sont bien faites, j'adore! \"<\/p>","text":"<p><strong>Sarah C.<\/strong><\/p><p>⭐⭐⭐⭐⭐<\/p>","info_text":"rgba(0,0,0,0)","info_background":"rgba(0,0,0,0)"}},"39d85869-fa8c-4c81-a307-9d69ef0543f2":{"type":"image","disabled":true,"settings":{"image":"shopify:\/\/shop_images\/27.png","quote":"<p>\"JE SUIS IN LOVE!!!! Ca a dépassé mes attentes et la qualité est juste exceptionnelle!!!!🥰\"<\/p>","text":"<p><strong>Maude B.<\/strong><\/p><p>⭐⭐⭐⭐⭐<\/p>","info_text":"rgba(0,0,0,0)","info_background":"rgba(0,0,0,0)"}}},"block_order":["135a05c3-707c-4319-8f61-a453977a889a-16781231920397498d-0","135a05c3-707c-4319-8f61-a453977a889a-16781231920397498d-1","e2070fd7-e2be-48b4-87a3-ca2ee1a64899","135a05c3-707c-4319-8f61-a453977a889a-16781231920397498d-2","f78d547d-8aa5-43ce-b924-c702c4d8799b","5fa046ba-8962-4115-8cff-77c9c749ff7a","bf5e90c2-ca45-418b-b6c3-a8861c71e5f6","a1591cc9-896c-403f-b935-d2654f6378ed","8fb3af22-5297-4994-b2df-036f2119e537","9e611ac5-02d5-41e8-9cd9-6e35707fbb19","39d85869-fa8c-4c81-a307-9d69ef0543f2"],"disabled":true,"settings":{"show_border":true,"enable_images":true,"crop_shape":"circle","card_alignment":"center","card_text":"rgba(0,0,0,0)","card_background":"rgba(0,0,0,0)","width":"standard","padding_top":20,"padding_bottom":20,"animation":"none","css_class":"","custom_css":""}},"mega-menu-6":{"type":"mega-menu-6","blocks":{"mega-menu-6-0":{"type":"menu","settings":{"menu_1":"notre-marque","menu_1_link":""}}},"block_order":["mega-menu-6-0"],"settings":{"parent_link":"","enable_mega_menu_border":false,"mega_menu_background_color":"#f6f6f6","mega_menu_text_color":"#404040","show_mega_bottom_bar":true,"mega_bottom_bar_icon":"","mega_bottom_bar_text":"Add your deal, information or promotional text","mega_bottom_bar_link":"","size":"regular","bottom_banner_bg":"#007ace","bottom_banner_text":"#efefef","css_class":"","custom_css":""}},"mega-menu-7":{"type":"mega-menu-7","blocks":{"mega-menu-7-0":{"type":"menu","settings":{"menu_1":"espace-pro","menu_1_link":""}}},"block_order":["mega-menu-7-0"],"settings":{"parent_link":"","enable_mega_menu_border":false,"mega_menu_background_color":"#f6f6f6","mega_menu_text_color":"#404040","show_mega_bottom_bar":true,"mega_bottom_bar_icon":"","mega_bottom_bar_text":"Add your deal, information or promotional text","mega_bottom_bar_link":"","size":"regular","bottom_banner_bg":"#007ace","bottom_banner_text":"#efefef","css_class":"","custom_css":""}},"mega-menu-8":{"type":"mega-menu-8","blocks":{"mega-menu-8-0":{"type":"menu","settings":{"menu_1":"blog","menu_1_link":""}}},"block_order":["mega-menu-8-0"],"settings":{"parent_link":"","enable_mega_menu_border":false,"mega_menu_background_color":"#f6f6f6","mega_menu_text_color":"#404040","show_mega_bottom_bar":true,"mega_bottom_bar_icon":"","mega_bottom_bar_text":"Add your deal, information or promotional text","mega_bottom_bar_link":"","size":"regular","bottom_banner_bg":"#007ace","bottom_banner_text":"#efefef","css_class":"","custom_css":""}},"index_logo_list_Bb3rPC":{"type":"index__logo-list","blocks":{"logo_image_b4dmNQ":{"type":"logo_image","settings":{"link":""}},"logo_image_iL8jJL":{"type":"logo_image","settings":{"link":""}},"logo_image_73fzdw":{"type":"logo_image","settings":{"link":""}},"logo_image_khBK4t":{"type":"logo_image","settings":{"link":""}},"logo_image_tJXFyP":{"type":"logo_image","settings":{"link":""}}},"block_order":["logo_image_b4dmNQ","logo_image_iL8jJL","logo_image_73fzdw","logo_image_khBK4t","logo_image_tJXFyP"],"disabled":true,"settings":{"logos_per_row":5,"logo_size":"medium","background":"rgba(0,0,0,0)","gradient":"rgba(0,0,0,0)","gradient_rotation":0,"width":"standard","padding_top":20,"padding_bottom":0,"padding_left":0,"padding_right":0,"animation":"none","css_class":"","custom_css":""}},"index_featured_collection_tzL8pd":{"type":"index__featured-collection","disabled":true,"settings":{"title":"Best Seller","collection":"homme","products_per":4,"mobile_products_per_row":"1","products_limit":10,"align_height":false,"collection_height":200,"collection_style":"slider","width":"wide","show_gutter":true,"padding_top":20,"padding_bottom":20,"animation":"none","css_class":"","custom_css":""}}},"content_for_index":["1a213845-5a5b-46ee-b7c8-fdfdf65a34ca","1562260433037","index_featured_collection_tzL8pd","1558069844372","92611bef-f9cf-4142-9a15-606473750db9","e776ee8a-a4b6-43ee-a882-fc6bcd2c5f75","135a05c3-707c-4319-8f61-a453977a889a","1569425826481","index_logo_list_Bb3rPC"],"blocks":{"855628211100114053":{"type":"shopify:\/\/apps\/klaviyo-email-marketing-sms\/blocks\/klaviyo-onsite-embed\/2632fe16-c075-4321-a88b-50b567f42507","disabled":false,"settings":{}},"3824936769257688723":{"type":"shopify:\/\/apps\/sami-product-labels-badges\/blocks\/app-embed-block\/b9b44663-5d51-4be1-8104-faedd68da8c5","disabled":false,"settings":{}},"14060646107696862457":{"type":"shopify:\/\/apps\/judge-me-reviews\/blocks\/judgeme_core\/61ccd3b1-a9f2-4160-9fe9-4fec8413e5d8","disabled":false,"settings":{}},"776302416715791028":{"type":"shopify:\/\/apps\/bucks-currency-converter-pro\/blocks\/app-embed\/4f0a9b06-9da4-4a49-b378-2de9d23a3af3","disabled":false,"settings":{}}}}}