{"name":"t:sections.footer.name","type":"footer","sections":{"b28a560c-c954-4a08-838a-059b8eb32744":{"type":"newsletter","blocks":{"sections--21100524667173__b28a560c-c954-4a08-838a-059b8eb32744-heading-1":{"type":"heading","settings":{"heading":"Let's Stay in Touch","heading_size":"h1"}},"sections--21100524667173__b28a560c-c954-4a08-838a-059b8eb32744-paragraph-1":{"type":"paragraph","settings":{"text":"<p>Be the first to know about new collections and exclusive offers.<\/p>"}},"sections--21100524667173__b28a560c-c954-4a08-838a-059b8eb32744-email_form-1":{"type":"email_form","settings":{}}},"block_order":["sections--21100524667173__b28a560c-c954-4a08-838a-059b8eb32744-heading-1","sections--21100524667173__b28a560c-c954-4a08-838a-059b8eb32744-paragraph-1","sections--21100524667173__b28a560c-c954-4a08-838a-059b8eb32744-email_form-1"],"settings":{"color_scheme":"","bg_image":"shopify:\/\/shop_images\/Newsletter-Banner-image-aw.jpg","full_width":true,"padding_top":40,"padding_bottom":40}},"footer":{"type":"footer","blocks":{"07eea479-239f-4418-a308-f368f82c174d":{"type":"text","settings":{"heading":"","footer_logo":"shopify:\/\/shop_images\/Adie-Jewelry-_-Clothing---V-White.png","subtext":"<p><strong>Business Details:<br\/>Email Us: <\/strong><a href=\"mailto:adiejewelry@gmail.com\" target=\"_blank\" title=\"mailto:adiejewelry@gmail.com\"><strong>adiejewelry@gmail.com<\/strong><\/a><strong> <\/strong><\/p>"}},"5ea11621-821d-4ca3-95ec-22ee548ef50a":{"type":"link_list","settings":{"heading":"<strong>Legal Information<\/strong>","menu":"legal-information"}},"31fe2bbc-e159-40fe-9e77-93f8890b2d67":{"type":"link_list","settings":{"heading":"<strong>Quick Links<\/strong>","menu":"quicklinks"}},"6af9f055-5694-4a17-a7c6-80d6a9f69d15":{"type":"link_list","settings":{"heading":"<strong>Our Collections<\/strong>","menu":"our-categories"}}},"block_order":["07eea479-239f-4418-a308-f368f82c174d","5ea11621-821d-4ca3-95ec-22ee548ef50a","31fe2bbc-e159-40fe-9e77-93f8890b2d67","6af9f055-5694-4a17-a7c6-80d6a9f69d15"],"settings":{"color_scheme":"accent-1","newsletter_enable":false,"newsletter_heading":"Subscribe to our emails","enable_follow_on_shop":false,"show_social":true,"enable_country_selector":true,"enable_language_selector":true,"payment_enable":true,"show_policy":false,"margin_top":0,"padding_top":36,"padding_bottom":0}}},"order":["b28a560c-c954-4a08-838a-059b8eb32744","footer"]}