{"name":"t:sections.footer.name","type":"footer","sections":{"footer":{"type":"footer","blocks":{"07eea479-239f-4418-a308-f368f82c174d":{"type":"text","settings":{"heading":"Honi Marketplace","subtext":"<p>We're your go-to source for trendy women's fashion and accessories, delivered with care.A team of fashion enthusiasts committed to helping you express your unique style effortlessly.<\/p>"}},"5ea11621-821d-4ca3-95ec-22ee548ef50a":{"type":"link_list","settings":{"heading":"Company","menu":"footer-menu1"}},"31fe2bbc-e159-40fe-9e77-93f8890b2d67":{"type":"link_list","settings":{"heading":"Policies","menu":"footer"}},"3a3f369a-cd9a-4efb-b1a5-a43583fcd880":{"type":"news_latter","settings":{}}},"block_order":["07eea479-239f-4418-a308-f368f82c174d","5ea11621-821d-4ca3-95ec-22ee548ef50a","31fe2bbc-e159-40fe-9e77-93f8890b2d67","3a3f369a-cd9a-4efb-b1a5-a43583fcd880"],"settings":{"color_scheme":"background-1","newsletter_enable":false,"newsletter_heading":"Subscribe to our emails","enable_follow_on_shop":false,"show_social":true,"enable_country_selector":true,"enable_language_selector":true,"payment_enable":true,"show_policy":false,"margin_top":28,"padding_top":36,"padding_bottom":36}}},"order":["footer"]}