{"name":"t:sections.header.name","type":"header","sections":{"announcement-bar":{"type":"announcement-bar","blocks":{"announcement-bar-0":{"type":"announcement","settings":{"text":"Welcome to our store","link":""}}},"block_order":["announcement-bar-0"],"settings":{"color_scheme":"accent-1","show_line_separator":true,"show_social":false,"auto_rotate":false,"change_slides_speed":5,"enable_country_selector":false,"enable_language_selector":false}},"header":{"type":"header","blocks":{"36ac45c0-508b-11ee-8c3f-43f691317ff4":{"type":"shopify:\/\/apps\/wishlist-hero\/blocks\/header-icon\/a9a5079b-59e8-47cb-b659-ecf1c60b9b72","settings":{"customThemeName":"~","useCustomHeaderColor":false,"customHeaderColor":"","useCustomHeaderSize":false,"customHeaderIconSize":22,"additionalIconCssClassNames":"","additionalIconStyle":"","additionalContainerClasses":"","additionalContainerStyle":"","replaceExistingClasses":false}}},"block_order":["36ac45c0-508b-11ee-8c3f-43f691317ff4"],"settings":{"logo_position":"top-center","menu":"main-menu","menu_type_desktop":"dropdown","sticky_header_type":"on-scroll-up","show_line_separator":true,"color_scheme":"background-1","menu_color_scheme":"background-1","enable_country_selector":true,"enable_language_selector":true,"mobile_logo_position":"center","margin_bottom":0,"padding_top":8,"padding_bottom":8}}},"order":["announcement-bar","header"]}