{"type":"footer","name":"t:sections.footer-group.name","sections":{"footer-promotions":{"type":"footer-promotions","blocks":{"footer-promotions-0":{"type":"promotion","settings":{"enable_image":true,"image_mask":"none","title":"Site-wide promotion","text":"<p>Use this section to promote content throughout every page of your site. Add images for further impact.<\/p>","button_label":"Optional button","button_link":""}},"footer-promotions-1":{"type":"promotion","settings":{"enable_image":true,"image_mask":"none","title":"Site-wide promotion","text":"<p>Use this section to promote content throughout every page of your site. Add images for further impact.<\/p>","button_label":"Optional button","button_link":""}},"footer-promotions-2":{"type":"promotion","settings":{"enable_image":true,"image_mask":"none","title":"Site-wide promotion","text":"<p>Use this section to promote content throughout every page of your site. Add images for further impact.<\/p>","button_label":"Optional button","button_link":""}}},"block_order":["footer-promotions-0","footer-promotions-1","footer-promotions-2"],"disabled":true,"settings":{"hide_homepage":false,"image_size":"wide"}},"footer":{"type":"footer","blocks":{"82d0d95b-2e25-443e-ae37-e4143b69e7a8":{"type":"custom","settings":{"show_footer_title":true,"title":"Business Details","image":"shopify:\/\/shop_images\/main_logo-01_350x_2x_de807d14-aa0f-4b99-a87e-3e756f12f32b.png","text":"<p><\/p><p>1100 N Chicago Ave Suite A3 Goshen IN 46528   phone : 260-350-5238<\/p>","container_width":25}},"footer-1":{"type":"menu","settings":{"show_footer_title":true,"menu":"our-collections","container_width":25}},"f866d964-78c4-48c7-9c20-7a55e98535c9":{"type":"menu","settings":{"show_footer_title":true,"menu":"policies","container_width":25}},"footer2":{"type":"newsletter","settings":{"show_footer_title":true,"title":"Sign up and save","text":"<p>New Arrival, Product Showcase, Back in Stock, Promotions and more!<\/p>","container_width":25}}},"block_order":["82d0d95b-2e25-443e-ae37-e4143b69e7a8","footer-1","f866d964-78c4-48c7-9c20-7a55e98535c9","footer2"],"settings":{"show_locale_selector":true,"show_currency_selector":true,"show_currency_flags":true,"show_payment_icons":true,"show_copyright":true,"copyright_text":"All rights Reserved."}}},"order":["footer-promotions","footer"]}