{"type":"header","name":"t:sections.header-group.name","sections":{"announcement":{"type":"announcement","blocks":{"announcement-0":{"type":"announcement","settings":{"text":"Free shipping","link_text":"On all orders over $150","link":""}},"announcement-1":{"type":"announcement","disabled":true,"settings":{"text":"Hassle-free returns","link_text":"30-day postage paid returns","link":""}}},"block_order":["announcement-0","announcement-1"],"settings":{"announcement_compact":true}},"header":{"type":"header","blocks":{"header-0":{"type":"logo","settings":{"logo":"shopify:\/\/shop_images\/main_logo-01_350x_2x_de807d14-aa0f-4b99-a87e-3e756f12f32b.png","desktop_logo_width":200,"mobile_logo_width":110}}},"block_order":["header-0"],"settings":{"main_menu_link_list":"main-menu","hover_menu":true,"mega_menu_images":false,"main_menu_alignment":"center","header_style":"sticky","sticky_index":false,"sticky_collection":false,"toolbar_menu":"","toolbar_social":true,"show_locale_selector":true,"show_currency_selector":true,"show_currency_flags":true}}},"order":["announcement","header"]}