{"sections":{"c86c205b-2969-4180-b6af-11c63119498e":{"type":"slideshow","blocks":{"4727142a-f5e5-441e-bfba-f319d57f7851":{"type":"slide","settings":{"image":"shopify:\/\/shop_images\/Banner-1_70cb4718-cfc6-4337-b454-c244216e7791.png","mobile_image":"shopify:\/\/shop_images\/Mobile-view-banner.jpg","heading":"","heading_size":"h0","subheading":"","button_label":"","link":"shopify:\/\/collections","banner_link":"shopify:\/\/collections\/all","button_style_secondary":false,"box_align":"middle-left","show_text_box":false,"text_alignment":"left","image_overlay_opacity":0,"color_scheme":"background-1","text_alignment_mobile":"center"}}},"block_order":["4727142a-f5e5-441e-bfba-f319d57f7851"],"settings":{"layout":"full_bleed","slide_height":"adapt_image","slider_visual":"dots","auto_rotate":false,"change_slides_speed":3,"image_behavior":"none","show_text_below":true,"accessibility_info":"Slideshow about our brand"}},"0da79038-9b94-4df4-9ec3-fe6d9e63b63b":{"type":"rich-text","blocks":{"template--21457666244917__0da79038-9b94-4df4-9ec3-fe6d9e63b63b-heading-1":{"type":"heading","disabled":true,"settings":{"heading":"Talk about your brand","heading_size":"h1"}},"template--21457666244917__0da79038-9b94-4df4-9ec3-fe6d9e63b63b-text-1":{"type":"text","settings":{"text":"<h2><strong>Established with a vision to redefine urban fashion, Atelier & co was born from a love for contemporary styles that seamlessly blend comfort with trendsetting designs. At Atelier & co, we believe in the power of style to elevate confidence and express individuality.<\/strong><\/h2>"}},"4434995f-b326-43c7-a16d-8551cf634348":{"type":"text","settings":{"text":"<p><em> We take pride in delivering not just fashion but an experience.  In every fabric's touch.<\/em><\/p>"}}},"block_order":["template--21457666244917__0da79038-9b94-4df4-9ec3-fe6d9e63b63b-heading-1","template--21457666244917__0da79038-9b94-4df4-9ec3-fe6d9e63b63b-text-1","4434995f-b326-43c7-a16d-8551cf634348"],"disabled":true,"settings":{"desktop_content_position":"left","content_alignment":"left","color_scheme":"scheme-c1ce8f06-56af-41e9-b4e2-37750d435e0c","full_width":true,"text_justify":false,"padding_top":40,"padding_bottom":52}},"f94fa083-7b57-4b12-a659-dc95c997a1ea":{"type":"custom-collection-gallery","blocks":{"71a9c2ea-5a08-4228-afdb-c111b1d22018":{"type":"heading","settings":{"desktop_image":"shopify:\/\/shop_images\/tops.png","mobile_image":"shopify:\/\/shop_images\/1.png","heading_text":"<strong>Tops<\/strong>","heading_size":"h1","description_text":"","button_text":"","button_link":"shopify:\/\/collections\/tops"}},"b72c20a2-e379-4721-8503-975cfc112d4c":{"type":"heading","settings":{"desktop_image":"shopify:\/\/shop_images\/jacket.png","mobile_image":"shopify:\/\/shop_images\/2.png","heading_text":"<strong>Jackets<\/strong>","heading_size":"h1","description_text":"","button_text":"","button_link":"shopify:\/\/collections\/jacket-outerwear"}},"bfa1f026-d5fe-4014-87dd-4fb6d7a374a6":{"type":"heading","settings":{"desktop_image":"shopify:\/\/shop_images\/Swar-heart.png","mobile_image":"shopify:\/\/shop_images\/3.png","heading_text":"<strong>Sweaters & Knits<\/strong>","heading_size":"h1","description_text":"","button_text":"","button_link":"shopify:\/\/collections\/sweaters-knits"}},"157db0d9-a4d8-484a-a969-6357c29237ba":{"type":"heading","settings":{"desktop_image":"shopify:\/\/shop_images\/Jumper.png","mobile_image":"shopify:\/\/shop_images\/4.png","heading_text":"<strong>Rompers & Jumpsuits<\/strong>","heading_size":"h1","description_text":"","button_text":"","button_link":"shopify:\/\/collections\/rompers-jumpsuits"}}},"block_order":["71a9c2ea-5a08-4228-afdb-c111b1d22018","b72c20a2-e379-4721-8503-975cfc112d4c","bfa1f026-d5fe-4014-87dd-4fb6d7a374a6","157db0d9-a4d8-484a-a969-6357c29237ba"],"settings":{"inline":"my <em>inline<\/em> <strong>text<\/strong>","button_link":"","button_text":"Button","column_alignment":"left","background_color":"#ffffff","padding_top":60,"padding_bottom":80}},"3288818d-6bfe-4530-b2ab-2c247c22399f":{"type":"splide-stripe","blocks":{"6acfa7b7-c985-4443-bf92-1820ea753349":{"type":"stripe","settings":{"text":"<h3><strong>Return Policy<\/strong><\/h3><p>We have 30 Days Return & Refund  Policy<\/p>"}},"362bcc34-9eea-4642-ba8e-e0876e40a585":{"type":"stripe","settings":{"text":"<h3><strong>Support <\/strong><\/h3><p>24 x 7 Support<\/p>"}},"bb87f75a-0dc0-4664-943e-a0019dddda4f":{"type":"stripe","settings":{"text":"<h3><strong>Quality Product <\/strong><\/h3><p>Free Shipping on all us order on order above 500usd <\/p>"}},"d515cacf-72bc-46ee-9200-086385ca3954":{"type":"stripe","settings":{"text":"<h3><strong>Secure Checkout <\/strong><\/h3><p>Safe and secure payment during Checkout<\/p>"}}},"block_order":["6acfa7b7-c985-4443-bf92-1820ea753349","362bcc34-9eea-4642-ba8e-e0876e40a585","bb87f75a-0dc0-4664-943e-a0019dddda4f","d515cacf-72bc-46ee-9200-086385ca3954"],"disabled":true,"settings":{"inline":"my <em>inline<\/em> <strong>text<\/strong>","text_alignment":"left","body_text":"#efefef","padding_top":40,"padding_bottom":40}},"45559f5e-d9b8-4a12-a19f-a08f0a0ce132":{"type":"multicolumn","blocks":{"template--20872885174551__45559f5e-d9b8-4a12-a19f-a08f0a0ce132-column-1":{"type":"column","settings":{"image":"shopify:\/\/shop_images\/1_915c55c2-8bb3-446a-94ef-3a1c9c4ba12f.svg","title":"<strong>30 Day Return Policy<\/strong>","text":"<p>We accept returns within 30 days of purchase of unworn, unwashed, undamaged or defective merchandise<\/p>","link_label":"","link":"","show_review_star":false,"icon":"5-stars"}},"template--20872885174551__45559f5e-d9b8-4a12-a19f-a08f0a0ce132-column-2":{"type":"column","settings":{"image":"shopify:\/\/shop_images\/2_68208e66-d6cd-45cd-b2f1-a27a6cc3c075.svg","title":"<strong>Shipping Policy<\/strong>","text":"<p>We offer free shipping for orders above $150<\/p>","link_label":"","link":"","show_review_star":false,"icon":"5-stars"}},"template--20872885174551__45559f5e-d9b8-4a12-a19f-a08f0a0ce132-column-3":{"type":"column","settings":{"image":"shopify:\/\/shop_images\/3.svg","title":"<strong>Secure Checkout<\/strong>","text":"<p>Our checkout process is secure and protected<\/p>","link_label":"","link":"","show_review_star":false,"icon":"5-stars"}}},"block_order":["template--20872885174551__45559f5e-d9b8-4a12-a19f-a08f0a0ce132-column-1","template--20872885174551__45559f5e-d9b8-4a12-a19f-a08f0a0ce132-column-2","template--20872885174551__45559f5e-d9b8-4a12-a19f-a08f0a0ce132-column-3"],"settings":{"title":"","heading_size":"h1","image_width":"half","image_ratio":"adapt","columns_desktop":3,"column_alignment":"center","background_style":"none","button_label":"","button_link":"","color_scheme":"scheme-c1ce8f06-56af-41e9-b4e2-37750d435e0c","columns_mobile":"2","swipe_on_mobile":true,"padding_top":36,"padding_bottom":56,"quote_color":"#eadf16"}},"53f06c09-65b2-4813-b55a-163a2418fbd2":{"type":"splide-product","disabled":true,"settings":{"inline":"<strong>Our Collections<\/strong>","button_link":"","button_text":"Button","collection_list":["rings","jewelry","earring-1","bracelets","necklaces"],"column_alignment":"center","background_color":"#f5f5f5","padding_top":52,"padding_bottom":36}},"featured_collection":{"type":"featured-collection","settings":{"title":"<strong>Trending Products<\/strong>","heading_size":"h1","description":"","show_description":false,"description_style":"body","collection":"sweaters-knits","products_to_show":8,"columns_desktop":4,"full_width":false,"show_view_all":true,"view_all_style":"solid","enable_desktop_slider":true,"color_scheme":"background-1","image_ratio":"portrait","image_shape":"default","show_secondary_image":true,"show_vendor":false,"show_rating":false,"enable_quick_add":true,"columns_mobile":"2","swipe_on_mobile":true,"padding_top":48,"padding_bottom":56}},"image_banner":{"type":"image-banner","blocks":{"heading":{"type":"heading","settings":{"heading":"<strong>New Arrivals<\/strong>","heading_size":"h0"}},"2ea4e653-fe3a-4239-9b0e-cf2ea1f35144":{"type":"text","disabled":true,"settings":{"text":"Step into the latest urban trends with our chic fashion collection from everyday chic to special occasions,.","text_style":"body"}},"button":{"type":"buttons","settings":{"button_label_1":"Shop New Arrivals","button_link_1":"shopify:\/\/collections\/all","button_style_secondary_1":false,"button_label_2":"","button_link_2":"","button_style_secondary_2":false}}},"block_order":["heading","2ea4e653-fe3a-4239-9b0e-cf2ea1f35144","button"],"disabled":true,"settings":{"image":"shopify:\/\/shop_images\/Banner-new-2.png","image_2":"shopify:\/\/shop_images\/M-Image-2.jpg","image_overlay_opacity":0,"image_height":"adapt","desktop_content_position":"middle-left","show_text_box":false,"desktop_content_alignment":"left","color_scheme":"background-2","image_behavior":"none","mobile_content_alignment":"center","stack_images_on_mobile":false,"show_text_below":true}},"07b25a75-40c8-412e-bd74-75a041c87dad":{"type":"custom-image-multicolumn","settings":{"first_image":"shopify:\/\/shop_images\/Section-1_2b62f083-ccdb-4a45-86f4-cee2034e99f1.png","second_image":"shopify:\/\/shop_images\/Section-2_57169a1a-6934-408e-8d72-3ab064a6b1a0.png","color_scheme":"scheme-b7c6b382-afd2-4239-a89b-f504c4aab974","text":"<h1><strong>New Arrivals<\/strong><\/h1>","text_second":"<h1><strong>Shop Sweaters and Knits<\/strong><\/h1>","button_text":"","button_text_second":"","button_link":"shopify:\/\/collections\/new-arrival","button_link_second":"shopify:\/\/collections\/sweaters-knits","set_square_size":true,"box_align":"bottom-left","text_alignment":"center","box_align2":"bottom-left","text_alignment2":"center","padding_top":60,"padding_bottom":60}},"0daa073c-06fb-44de-88f4-d45cded84662":{"type":"custom-image-multicolumn","settings":{"first_image":"shopify:\/\/shop_images\/Tezza-9026.jpg","second_image":"shopify:\/\/shop_images\/Tezza-1210_1.jpg","color_scheme":"scheme-ec41d869-22b9-4e9f-b142-38d2949d20ff","text":"<h1><strong>Sweetheart Sweater<\/strong><\/h1>","text_second":"<h1><strong>Bordeaux Jacket<\/strong><\/h1>","button_text":"","button_text_second":"","button_link":"shopify:\/\/collections\/sweaters-knits","button_link_second":"shopify:\/\/collections\/jacket-outerwear","set_square_size":false,"box_align":"middle-center","text_alignment":"center","box_align2":"middle-center","text_alignment2":"center","padding_top":60,"padding_bottom":60}},"174e7d6d-aeb8-48ae-9283-8cc912321300":{"type":"featured-collection","settings":{"title":"<strong>Shop Similar Items<\/strong>","heading_size":"h1","description":"","show_description":false,"description_style":"body","collection":"all","products_to_show":8,"columns_desktop":4,"full_width":false,"show_view_all":true,"view_all_style":"solid","enable_desktop_slider":true,"color_scheme":"scheme-c1ce8f06-56af-41e9-b4e2-37750d435e0c","image_ratio":"portrait","image_shape":"default","show_secondary_image":true,"show_vendor":false,"show_rating":false,"enable_quick_add":true,"columns_mobile":"2","swipe_on_mobile":true,"padding_top":48,"padding_bottom":56}},"c4b3e4a7-f8d0-4e0c-ae87-e99f333084f7":{"type":"splide-marquee","blocks":{"569db409-e6cf-4b36-93f0-610c458547ff":{"type":"heading","disabled":true,"settings":{"marquee_logo":"shopify:\/\/shop_images\/Christian-Dior-Logo_1_large_3f7f2108-133a-46d5-83be-cbd316783c43.webp","heading_text":"","heading_size":"h1"}},"5a3e0983-036a-4bfa-b2ae-6fdbf0d456c5":{"type":"heading","disabled":true,"settings":{"marquee_logo":"shopify:\/\/shop_images\/marquee1.webp","heading_text":"","heading_size":"h1"}},"d8a32cbb-02a1-46f6-88db-e4f11cf2837c":{"type":"heading","disabled":true,"settings":{"marquee_logo":"shopify:\/\/shop_images\/logo-gucci_1_large_8dd5dfdc-3b3d-4100-a359-e22f11abae33.webp","heading_text":"","heading_size":"h1"}},"92c0216e-3d09-4512-9394-217975609198":{"type":"heading","disabled":true,"settings":{"marquee_logo":"shopify:\/\/shop_images\/Christian-Dior-Logo_1_large_3f7f2108-133a-46d5-83be-cbd316783c43.webp","heading_text":"","heading_size":"h1"}},"25800426-c46b-490b-b2c0-a9fc3573b84d":{"type":"heading","disabled":true,"settings":{"marquee_logo":"shopify:\/\/shop_images\/Christian-Dior-Logo_1_large_3f7f2108-133a-46d5-83be-cbd316783c43.webp","heading_text":"","heading_size":"h1"}},"4cddb972-8bf7-448e-83e8-22c83879098c":{"type":"heading","disabled":true,"settings":{"marquee_logo":"shopify:\/\/shop_images\/marquee1.webp","heading_text":"","heading_size":"h1"}},"b75e7484-a802-4fec-9956-d8d946afd2d5":{"type":"heading","disabled":true,"settings":{"marquee_logo":"shopify:\/\/shop_images\/Christian-Dior-Logo_1_large_3f7f2108-133a-46d5-83be-cbd316783c43.webp","heading_text":"","heading_size":"h1"}},"54d92526-b413-4dc5-a307-2784baf5e63f":{"type":"heading","settings":{"marquee_logo":"shopify:\/\/shop_images\/logo-gucci_1_large_8dd5dfdc-3b3d-4100-a359-e22f11abae33.webp","heading_text":"","heading_size":"h1"}},"fcfc0f7d-7a0a-4a59-b71e-72d31fa575ee":{"type":"heading","settings":{"marquee_logo":"shopify:\/\/shop_images\/logo-gucci_1_large_8dd5dfdc-3b3d-4100-a359-e22f11abae33.webp","heading_text":"","heading_size":"h1"}},"5dadb938-bd0d-4a16-9817-ac7319abf4d7":{"type":"heading","settings":{"marquee_logo":"shopify:\/\/shop_images\/logo-gucci_1_large_8dd5dfdc-3b3d-4100-a359-e22f11abae33.webp","heading_text":"","heading_size":"h1"}},"0e58bd60-7783-46ed-8746-b9cbedf70e23":{"type":"heading","settings":{"marquee_logo":"shopify:\/\/shop_images\/logo-gucci_1_large_8dd5dfdc-3b3d-4100-a359-e22f11abae33.webp","heading_text":"","heading_size":"h1"}}},"block_order":["569db409-e6cf-4b36-93f0-610c458547ff","5a3e0983-036a-4bfa-b2ae-6fdbf0d456c5","d8a32cbb-02a1-46f6-88db-e4f11cf2837c","92c0216e-3d09-4512-9394-217975609198","25800426-c46b-490b-b2c0-a9fc3573b84d","4cddb972-8bf7-448e-83e8-22c83879098c","b75e7484-a802-4fec-9956-d8d946afd2d5","54d92526-b413-4dc5-a307-2784baf5e63f","fcfc0f7d-7a0a-4a59-b71e-72d31fa575ee","5dadb938-bd0d-4a16-9817-ac7319abf4d7","0e58bd60-7783-46ed-8746-b9cbedf70e23"],"disabled":true,"settings":{"background_color":"#ffffff","padding_top":36,"padding_bottom":36}},"7a1487e8-336b-4fa9-9ab1-ce38de543af9":{"type":"custom-testimonial","blocks":{"184a246b-26f5-461b-8f92-7cce73c2d7ce":{"type":"Testimonial","settings":{"image":"shopify:\/\/shop_images\/images_4.jpg","reviewer_name":"<p><strong>Mary Johnson<\/strong><\/p>","review_message":"<p>It’s so comfy, soft, just the right amount of oversized fit.. it’s warm but not heavy… it’s my favorite<\/p>","content_text_alignment":"center"}},"a66eedb6-9361-4852-959f-238ef09e4082":{"type":"Testimonial","settings":{"image":"shopify:\/\/shop_images\/images_2.jpg","reviewer_name":"<p><strong>Thomas Garcia<\/strong><\/p>","review_message":"<p>I like the comfort fit of the pair. It’s blue color is also very soothing. Size is on the <em>larger <\/em>size <em><strong>which <\/strong><\/em>gives additional comfort. It is 100% cotton.<\/p>","content_text_alignment":"center"}},"e43110e3-3532-4600-b8ad-419e8e4b4703":{"type":"Testimonial","settings":{"image":"shopify:\/\/shop_images\/images_4.jpg","reviewer_name":"<p><strong>Mary Johnson<\/strong><\/p>","review_message":"<p>It’s so comfy, soft, just the right amount of oversized fit.. it’s warm but not heavy… it’s my favorite<\/p>","content_text_alignment":"center"}},"ecea7e17-77f5-4687-8bb3-6c8278de8be9":{"type":"Testimonial","settings":{"image":"shopify:\/\/shop_images\/images_1.jpg","reviewer_name":"<p><strong>Mary Johnson<\/strong><\/p>","review_message":"<p>It’s so comfy, soft, just the right amount of oversized fit.. it’s warm but not heavy… it’s my favorite<\/p>","content_text_alignment":"center"}},"eff51295-514e-43a0-82bc-f18e559b7cdd":{"type":"Testimonial","settings":{"image":"shopify:\/\/shop_images\/images_2.jpg","reviewer_name":"<p><strong>Thomas Garcia<\/strong><\/p>","review_message":"<p>I like the comfort fit of the pair. It’s blue color is also very soothing. Size is on the <em>larger <\/em>size <em><strong>which <\/strong><\/em>gives additional comfort. It is 100% cotton.<\/p>","content_text_alignment":"center"}},"2ee2bf0d-710b-4e1f-ad2e-76a8c2b51b4c":{"type":"Testimonial","settings":{"image":"shopify:\/\/shop_images\/images_3.jpg","reviewer_name":"<p><strong>Thomas Garcia<\/strong><\/p>","review_message":"<p>I like the comfort fit of the pair. It’s blue color is also very soothing. Size is on the <em>larger <\/em>size <em><strong>which <\/strong><\/em>gives additional comfort. It is 100% cotton.<\/p>","content_text_alignment":"center"}}},"block_order":["184a246b-26f5-461b-8f92-7cce73c2d7ce","a66eedb6-9361-4852-959f-238ef09e4082","e43110e3-3532-4600-b8ad-419e8e4b4703","ecea7e17-77f5-4687-8bb3-6c8278de8be9","eff51295-514e-43a0-82bc-f18e559b7cdd","2ee2bf0d-710b-4e1f-ad2e-76a8c2b51b4c"],"disabled":true,"settings":{"subheading":"<p><strong>Testimonial<\/strong><\/p>","heading":"<h1><strong>Customers Rave about Our Urbane Fashion Finds.<\/strong><\/h1>","text_alignment":"left","background_color":"#f5f5f5","subheading_color":"#121212","padding_top":60,"padding_bottom":60}},"39537248-3c40-4a5e-a864-52b703ffd037":{"type":"multicolumn","blocks":{"template--21457666244917__39537248-3c40-4a5e-a864-52b703ffd037-column-1":{"type":"column","settings":{"image":"shopify:\/\/shop_images\/Jumper.png","title":"","text":"","link_label":"","link":"","show_review_star":false,"icon":"5-stars"}},"template--21457666244917__39537248-3c40-4a5e-a864-52b703ffd037-column-2":{"type":"column","settings":{"image":"shopify:\/\/shop_images\/tops.png","title":"","text":"","link_label":"","link":"","show_review_star":false,"icon":"5-stars"}}},"block_order":["template--21457666244917__39537248-3c40-4a5e-a864-52b703ffd037-column-1","template--21457666244917__39537248-3c40-4a5e-a864-52b703ffd037-column-2"],"disabled":true,"settings":{"title":"","heading_size":"h1","image_width":"full","image_ratio":"portrait","columns_desktop":2,"column_alignment":"left","background_style":"none","button_label":"","button_link":"","color_scheme":"background-1","columns_mobile":"1","swipe_on_mobile":true,"padding_top":40,"padding_bottom":16,"quote_color":""}},"39387aa8-bfb2-4d44-8073-7a9592587299":{"type":"image-with-text","blocks":{"template--21457666244917__39387aa8-bfb2-4d44-8073-7a9592587299-heading-1":{"type":"heading","settings":{"heading":"<strong>Thank you for shopping Atelier & Co<\/strong>","heading_size":"h0"}},"template--21457666244917__39387aa8-bfb2-4d44-8073-7a9592587299-text-1":{"type":"text","settings":{"text":"<p>Atelier & Co is an online-only boutique for those looking to elevate their style and boost confidence. Created by owners and sisters, Hannah Rieker and Jadah Brandenburg have dreamt up this retail platform for all to shop for high quality, fashionable pieces that will not break the bank. As busy women, we know the struggle of picking out what to wear for an occasion and knowing just what you might be missing from your closet. This is why each piece in every collection has been uniquely hand-selected to make a statement in your wardrobe. <\/p>","text_style":"body"}},"template--21457666244917__39387aa8-bfb2-4d44-8073-7a9592587299-button-1":{"type":"button","settings":{"button_label":"Read More","button_link":"shopify:\/\/pages\/contact","button_style_secondary":false}}},"block_order":["template--21457666244917__39387aa8-bfb2-4d44-8073-7a9592587299-heading-1","template--21457666244917__39387aa8-bfb2-4d44-8073-7a9592587299-text-1","template--21457666244917__39387aa8-bfb2-4d44-8073-7a9592587299-button-1"],"settings":{"image":"shopify:\/\/shop_images\/IMG_6322.jpg","height":"adapt","desktop_image_width":"medium","layout":"image_first","desktop_content_position":"middle","desktop_content_alignment":"left","content_layout":"no-overlap","color_scheme":"","image_behavior":"none","mobile_content_alignment":"left","padding_top":60,"padding_bottom":36}},"1701843433a18b12ac":{"type":"apps","blocks":{"174cdea3-9c3b-490c-a785-1c71fb4ffebf":{"type":"shopify:\/\/apps\/instafeed\/blocks\/app-block\/c447db20-095d-4a10-9725-b5977662c9d5","settings":{"title_color":"","title_size":40,"alignment":"center","margin_top":0,"margin_bottom":40,"html_area":""}}},"block_order":["174cdea3-9c3b-490c-a785-1c71fb4ffebf"],"settings":{"include_margins":true}}},"order":["c86c205b-2969-4180-b6af-11c63119498e","0da79038-9b94-4df4-9ec3-fe6d9e63b63b","f94fa083-7b57-4b12-a659-dc95c997a1ea","3288818d-6bfe-4530-b2ab-2c247c22399f","45559f5e-d9b8-4a12-a19f-a08f0a0ce132","53f06c09-65b2-4813-b55a-163a2418fbd2","featured_collection","image_banner","07b25a75-40c8-412e-bd74-75a041c87dad","0daa073c-06fb-44de-88f4-d45cded84662","174e7d6d-aeb8-48ae-9283-8cc912321300","c4b3e4a7-f8d0-4e0c-ae87-e99f333084f7","7a1487e8-336b-4fa9-9ab1-ce38de543af9","39537248-3c40-4a5e-a864-52b703ffd037","39387aa8-bfb2-4d44-8073-7a9592587299","1701843433a18b12ac"]}