{"sections":{"46f6a555-8f2a-4d0c-bf3b-4d22d1a9231f":{"type":"rich-text","blocks":{"template--21457666310453__46f6a555-8f2a-4d0c-bf3b-4d22d1a9231f-heading-1":{"type":"heading","settings":{"heading":"Contact Us","heading_size":"h1"}},"template--21457666310453__46f6a555-8f2a-4d0c-bf3b-4d22d1a9231f-text-1":{"type":"text","settings":{"text":"<p>Our friendly team, headed by Hannah and Jadah, are always happy to help with any queries.<\/p><p><\/p><p><em><strong>By phone: <\/strong><\/em><a href=\"tel:8156711627\" title=\"tel:8156711627\"><em>8156711627<\/em><\/a><\/p><p><em><strong>Worldwide email : <\/strong><\/em><a href=\"mailto:shopatellerandco@gmail.com\" title=\"mailto:shopatellerandco@gmail.com\"><em>shopatellerandco@gmail.com<\/em><\/a><\/p>"}}},"block_order":["template--21457666310453__46f6a555-8f2a-4d0c-bf3b-4d22d1a9231f-heading-1","template--21457666310453__46f6a555-8f2a-4d0c-bf3b-4d22d1a9231f-text-1"],"disabled":true,"settings":{"desktop_content_position":"center","content_alignment":"center","color_scheme":"","full_width":true,"text_justify":false,"padding_top":40,"padding_bottom":52}},"76adabe8-915f-43d2-94d4-77c6495da4d6":{"type":"image-banner","disabled":true,"settings":{"image_overlay_opacity":0,"image_height":"medium","desktop_content_position":"middle-center","show_text_box":true,"desktop_content_alignment":"center","color_scheme":"","image_behavior":"none","mobile_content_alignment":"center","stack_images_on_mobile":true,"show_text_below":true}},"main":{"type":"main-page","settings":{"padding_top":36,"padding_bottom":0}},"form":{"type":"contact-form","settings":{"heading":"","heading_size":"h1","color_scheme":"background-1","padding_top":0,"padding_bottom":36}}},"order":["46f6a555-8f2a-4d0c-bf3b-4d22d1a9231f","76adabe8-915f-43d2-94d4-77c6495da4d6","main","form"]}