{"sections":{"main":{"type":"main-page","disabled":true,"settings":{"padding_top":40,"padding_bottom":0}},"a9c50e5d-8daf-4488-a717-c49e69762c7d":{"type":"rich-text","blocks":{"template--21632870973749__a9c50e5d-8daf-4488-a717-c49e69762c7d-heading-1":{"type":"heading","settings":{"heading":"","heading_size":"h0"}},"template--21632870973749__a9c50e5d-8daf-4488-a717-c49e69762c7d-text-1":{"type":"text","settings":{"text":"<p>Atelier & Co is an online-only boutique for those looking to elevate their style and boost confidence. Created by owners and sisters, Hannah Rieker and Jadah<br\/> Brandenburg have dreamt up this retail platform for all to shop for high quality, fashionable pieces that will not break the bank. As busy women, we know the struggle of picking out what to wear for an occasion and knowing just what you might be missing from your closet. This is why each piece in every collection has been uniquely hand-selected  to make a statement in your wardrobe. <\/p><p><\/p><p>Every item is hand picked by Hannah and Jadah; each and every item reflects their personal style: chic and elevated, yet comfortable. Hannah and Jadah are passionate<br\/> when it comes to making on trend fashion looks accessible to every budget. Atelier & Co strives to make dressing fashionable affordable, as everyone deserves to feel confident in their style!announcements, or welcome customers to your store.<\/p>"}}},"block_order":["template--21632870973749__a9c50e5d-8daf-4488-a717-c49e69762c7d-heading-1","template--21632870973749__a9c50e5d-8daf-4488-a717-c49e69762c7d-text-1"],"settings":{"desktop_content_position":"center","content_alignment":"center","color_scheme":"","full_width":true,"text_justify":true,"padding_top":28,"padding_bottom":28}},"3b7ccfda-38af-42d6-a014-ebeb22abd6e8":{"type":"image-with-text","blocks":{"template--21632870973749__3b7ccfda-38af-42d6-a014-ebeb22abd6e8-heading-1":{"type":"heading","settings":{"heading":"<strong>Meet Hannah, Atelier & Co-Owner + Buyer<\/strong>","heading_size":"h2"}},"template--21632870973749__3b7ccfda-38af-42d6-a014-ebeb22abd6e8-text-1":{"type":"text","settings":{"text":"<p>Hannah is a wife, dog mom, daughter, sister, and owner of Atelier & Co. She has a deep love for family, traveling and people. Hannah and her husband, Ben, got married in 2021. They have 3 dogs: Boston, Yogi, and Henry. Fashion has always been an outlet of Hannah’s as a hobby and a way to express herself. As a busy nurse working inpatient and in the aesthetic industry, Hannah launched Atelier & Co as a platform to share stylish, elevated collections that can be worn everyday that can also be found in her closet as well! <\/p>","text_style":"body"}}},"block_order":["template--21632870973749__3b7ccfda-38af-42d6-a014-ebeb22abd6e8-heading-1","template--21632870973749__3b7ccfda-38af-42d6-a014-ebeb22abd6e8-text-1"],"settings":{"image":"shopify:\/\/shop_images\/IMG_6322.jpg","height":"adapt","desktop_image_width":"medium","layout":"image_first","desktop_content_position":"middle","desktop_content_alignment":"justify","content_layout":"no-overlap","color_scheme":"","image_behavior":"none","mobile_content_alignment":"left","padding_top":36,"padding_bottom":36}},"f0ecd6b4-2f05-4e6e-b823-bff988c7b772":{"type":"image-with-text","blocks":{"template--21632870973749__f0ecd6b4-2f05-4e6e-b823-bff988c7b772-heading-1":{"type":"heading","settings":{"heading":"<strong>Meet Jadah, Atelier & Co-Owner + Buyer<\/strong>","heading_size":"h2"}},"template--21632870973749__f0ecd6b4-2f05-4e6e-b823-bff988c7b772-text-1":{"type":"text","settings":{"text":"<p>Jadah is a sister, daughter, spectacular auntie to her doggie nephews, and owner of Atelier & Co. Her dog Cooper has her heart! She has a deep interest in fashion and staying in the know on the latest trends. As a young woman in today’s busy world, she knows the difficulty of finding affordable pieces that can be styled together to create a comfortable and fashionable look. She is dedicated to bringing the highest quality items together to form the perfect curated look for all of you.<\/p>","text_style":"body"}}},"block_order":["template--21632870973749__f0ecd6b4-2f05-4e6e-b823-bff988c7b772-heading-1","template--21632870973749__f0ecd6b4-2f05-4e6e-b823-bff988c7b772-text-1"],"settings":{"image":"shopify:\/\/shop_images\/IMG_6321.jpg","height":"adapt","desktop_image_width":"medium","layout":"text_first","desktop_content_position":"middle","desktop_content_alignment":"justify","content_layout":"no-overlap","color_scheme":"","image_behavior":"none","mobile_content_alignment":"left","padding_top":36,"padding_bottom":36}}},"order":["main","a9c50e5d-8daf-4488-a717-c49e69762c7d","3b7ccfda-38af-42d6-a014-ebeb22abd6e8","f0ecd6b4-2f05-4e6e-b823-bff988c7b772"]}