{"sections":{"main":{"type":"main-product","blocks":{"vendor":{"type":"text","settings":{"text":"{{ product.vendor }}","text_style":"uppercase"}},"title":{"type":"title","settings":{}},"35f5f65a-6df5-4dda-b463-e67210bdc027":{"type":"shopify:\/\/apps\/judge-me-reviews\/blocks\/preview_badge\/61ccd3b1-a9f2-4160-9fe9-4fec8413e5d8","settings":{}},"price":{"type":"price","settings":{}},"variant_picker":{"type":"variant_picker","settings":{"picker_type":"button"}},"quantity_selector":{"type":"quantity_selector","settings":{}},"buy_buttons":{"type":"buy_buttons","settings":{"show_dynamic_checkout":true,"show_gift_card_recipient":true}},"93f31e9c-f3c1-41a7-a246-718ad7c66117":{"type":"icon-with-text","disabled":true,"settings":{"layout":"horizontal","icon_1":"heart","image_1":"shopify:\/\/shop_images\/rrrrr.webp","heading_1":"<strong>Free shipping<\/strong>","icon_2":"return","image_2":"shopify:\/\/shop_images\/rrrrr.webp","heading_2":"<strong>100% satisfaction<\/strong>","icon_3":"truck","image_3":"shopify:\/\/shop_images\/rrrrr.webp","heading_3":"<strong>Secure orrdering<\/strong>","icon_4":"washing","image_4":"shopify:\/\/shop_images\/rrrrr.webp","heading_4":"<strong>Wide selection<\/strong>"}},"description":{"type":"description","settings":{}},"share":{"type":"share","settings":{"share_label":"Share"}}},"block_order":["vendor","title","35f5f65a-6df5-4dda-b463-e67210bdc027","price","variant_picker","quantity_selector","buy_buttons","93f31e9c-f3c1-41a7-a246-718ad7c66117","description","share"],"settings":{"enable_sticky_info":true,"media_size":"medium","constrain_to_viewport":true,"media_fit":"contain","gallery_layout":"thumbnail_slider","media_position":"left","image_zoom":"lightbox","mobile_thumbnails":"hide","hide_variants":true,"enable_video_looping":false,"padding_top":36,"padding_bottom":12}},"1698815764fec93faf":{"type":"apps","blocks":{"3fca136f-ca82-4a4a-b330-c13b30162a92":{"type":"shopify:\/\/apps\/judge-me-reviews\/blocks\/review_widget\/61ccd3b1-a9f2-4160-9fe9-4fec8413e5d8","settings":{}}},"block_order":["3fca136f-ca82-4a4a-b330-c13b30162a92"],"settings":{"include_margins":true}},"related-products":{"type":"related-products","settings":{"enable_quick_add":true,"heading":"You may also like","heading_size":"h2","products_to_show":4,"columns_desktop":4,"color_scheme":"background-1","image_ratio":"square","image_shape":"default","show_secondary_image":true,"show_vendor":false,"show_rating":false,"columns_mobile":"2","padding_top":36,"padding_bottom":28}},"59c61389-533e-4935-b998-97ba38e6e16f":{"type":"featured-collection","settings":{"title":"Shop Similar","heading_size":"h1","description":"","show_description":false,"description_style":"body","collection":"all","products_to_show":4,"columns_desktop":4,"full_width":false,"show_view_all":true,"view_all_style":"solid","enable_desktop_slider":false,"color_scheme":"","image_ratio":"adapt","image_shape":"default","show_secondary_image":false,"show_vendor":false,"show_rating":false,"enable_quick_add":false,"columns_mobile":"2","swipe_on_mobile":false,"padding_top":36,"padding_bottom":36}}},"order":["main","1698815764fec93faf","related-products","59c61389-533e-4935-b998-97ba38e6e16f"]}