{"sections":{"e352a6c3-d53a-4772-955b-91f4b59bf346":{"type":"slideshow","blocks":{"79fc4ce3-3d94-4839-806e-7ca515fbbf60":{"type":"slide","settings":{"image":"shopify:\/\/shop_images\/Untitled-1.jpg","mobile_image":"shopify:\/\/shop_images\/i-heart-black-friday.jpg","heading":"FLASH SALE ON NOW","heading_size":"h1","subheading":"Score an extra 40% off marked prices applied at checkout - ends Sunday 19 November.","button_label":"","link":"","banner_link":"","button_style_secondary":false,"box_align":"middle-center","show_text_box":true,"text_alignment":"center","image_overlay_opacity":0,"color_scheme":"background-1","text_alignment_mobile":"center"}},"template--20850335908137__e352a6c3-d53a-4772-955b-91f4b59bf346-slide-1":{"type":"slide","settings":{"image":"shopify:\/\/shop_images\/Cart_Connect.2.png","mobile_image":"shopify:\/\/shop_images\/Mobile-Beauty_59b00cc1-1f4d-4353-b5ba-49b7dfeb8b78.jpg","heading":"Celebrate your value with self care essentials","heading_size":"h1","subheading":"Glow from Within, Discover Your Radiance Today!","button_label":"Shop Now","link":"shopify:\/\/collections\/bath-beauty","banner_link":"","button_style_secondary":false,"box_align":"middle-left","show_text_box":false,"text_alignment":"left","image_overlay_opacity":0,"color_scheme":"background-1","text_alignment_mobile":"center"}},"bc065bde-aa49-40ec-bfcb-81a58d423ed8":{"type":"slide","settings":{"image":"shopify:\/\/shop_images\/cart2_eb542486-e0b1-40a9-88ae-598015512b20.jpg","mobile_image":"shopify:\/\/shop_images\/Mobile-solar.jpg","heading":"Discover your home lifestyle options","heading_size":"h1","subheading":"","button_label":"Shop Now!","link":"shopify:\/\/collections\/home-improvement-1","banner_link":"","button_style_secondary":false,"box_align":"middle-left","show_text_box":false,"text_alignment":"left","image_overlay_opacity":0,"color_scheme":"background-1","text_alignment_mobile":"center"}}},"block_order":["79fc4ce3-3d94-4839-806e-7ca515fbbf60","template--20850335908137__e352a6c3-d53a-4772-955b-91f4b59bf346-slide-1","bc065bde-aa49-40ec-bfcb-81a58d423ed8"],"settings":{"layout":"full_bleed","slide_height":"adapt_image","slider_visual":"dots","auto_rotate":true,"change_slides_speed":5,"image_behavior":"none","show_text_below":true,"accessibility_info":"Slideshow about our brand"}},"80379e60-8afb-48a7-acc0-7847ef32d06a":{"type":"splide-stripe","blocks":{"6779390c-7d34-4be6-8d9e-88f4a43223f6":{"type":"stripe","settings":{"image":"shopify:\/\/shop_images\/free-shipping.png","text":"<p><strong>Free Shipping<\/strong><\/p>"}},"5da574ae-18f0-4527-a73f-b0da8dbf915a":{"type":"stripe","settings":{"image":"shopify:\/\/shop_images\/Secure-payment.png","text":"<p><strong>Secure Payment<\/strong><\/p>"}},"dacb9ca5-d464-4783-900b-31c74b979e11":{"type":"stripe","settings":{"image":"shopify:\/\/shop_images\/Guaranteed.png","text":"<p><strong>Money Back Guarantee<\/strong><\/p>"}},"7a7d2c62-1de5-4a78-8349-58f2756bf879":{"type":"stripe","settings":{"image":"shopify:\/\/shop_images\/RETURN.png","text":"<p><strong>Hassle Free Returns<\/strong><\/p>"}},"c839ea5e-8a73-4372-be08-a5735dfd0860":{"type":"stripe","settings":{"image":"shopify:\/\/shop_images\/All-Card-Accepted.png","text":"<p><strong>All Cards Are Accepted<\/strong><\/p>"}}},"block_order":["6779390c-7d34-4be6-8d9e-88f4a43223f6","5da574ae-18f0-4527-a73f-b0da8dbf915a","dacb9ca5-d464-4783-900b-31c74b979e11","7a7d2c62-1de5-4a78-8349-58f2756bf879","c839ea5e-8a73-4372-be08-a5735dfd0860"],"settings":{"inline":"my <em>inline<\/em> <strong>text<\/strong>","text_alignment":"left","body_text":"#fcfaf8","padding_top":36,"padding_bottom":36}},"fd443d08-f9d1-4a18-8cf2-27e86b01163e":{"type":"multicolumn","blocks":{"ba7dac13-4de8-47ab-a6e4-1cb4695c9451":{"type":"column","settings":{"image":"shopify:\/\/shop_images\/All_Card_Accepted.png","title":"","text":"<p>Pair text with an image to focus on your chosen product,<\/p>","link_label":"","link":""}},"cfb49db9-8422-4313-8b37-64cc38a172c2":{"type":"column","settings":{"image":"shopify:\/\/shop_images\/Easy_Return.png","title":"","text":"<p>Pair text with an image to focus on your chosen product,<\/p>","link_label":"","link":""}},"3f466cdf-e650-4c03-9913-e5393dd0fb7b":{"type":"column","settings":{"image":"shopify:\/\/shop_images\/Vector_2.png","title":"","text":"<p>Pair text with an image to focus on your chosen product,<\/p>","link_label":"","link":""}},"8b6be1d1-67d5-423a-925a-9adf6246762b":{"type":"column","settings":{"image":"shopify:\/\/shop_images\/Guaranteed_2.png","title":"","text":"<p>Pair text with an image to focus on your chosen product,<\/p>","link_label":"","link":""}},"878c8c61-4dfa-4beb-b7e5-3be53e4f88d7":{"type":"column","settings":{"image":"shopify:\/\/shop_images\/Secure_Payment.png","title":"","text":"<p>Pair text with an image to focus on your chosen product,<\/p>","link_label":"","link":""}}},"block_order":["ba7dac13-4de8-47ab-a6e4-1cb4695c9451","cfb49db9-8422-4313-8b37-64cc38a172c2","3f466cdf-e650-4c03-9913-e5393dd0fb7b","8b6be1d1-67d5-423a-925a-9adf6246762b","878c8c61-4dfa-4beb-b7e5-3be53e4f88d7"],"disabled":true,"settings":{"title":"","heading_size":"h1","image_width":"third","image_ratio":"adapt","columns_desktop":5,"column_alignment":"center","background_style":"none","button_label":"","button_link":"","color_scheme":"accent-2","columns_mobile":"1","swipe_on_mobile":true,"padding_top":32,"padding_bottom":36}},"cbc88642-647c-4c92-902a-cbb7cb9c8de1":{"type":"featured-collection","settings":{"title":"Best Sellers","heading_size":"h1","description":"","show_description":false,"description_style":"body","collection":"pets-1","products_to_show":10,"columns_desktop":4,"full_width":false,"show_view_all":true,"view_all_style":"link","enable_desktop_slider":true,"color_scheme":"","image_ratio":"square","image_shape":"default","show_secondary_image":true,"show_vendor":false,"show_rating":false,"enable_quick_add":false,"columns_mobile":"1","swipe_on_mobile":true,"padding_top":36,"padding_bottom":36}},"ffdcdb88-c2b4-41da-a137-becdb0f646d8":{"type":"splide-product","settings":{"inline":"<h1>Trending Collections<\/h1>","button_link":"","button_text":"View All","collection_list":["pets-1","pet-supplies","electronics","sports-outdoors","gifts","home-garden","home-kitchen-1"],"column_alignment":"center","background_color":"#ffffff","padding_top":16,"padding_bottom":44}},"75c605c7-8527-4718-a898-b4eef5c48277":{"type":"featured-collection","settings":{"title":"Featured Collection","heading_size":"h1","description":"","show_description":false,"description_style":"body","collection":"pets-1","products_to_show":4,"columns_desktop":4,"full_width":false,"show_view_all":true,"view_all_style":"link","enable_desktop_slider":false,"color_scheme":"background-1","image_ratio":"square","image_shape":"default","show_secondary_image":true,"show_vendor":false,"show_rating":true,"enable_quick_add":false,"columns_mobile":"1","swipe_on_mobile":true,"padding_top":36,"padding_bottom":36}},"fe81e3e5-c841-409b-bd7c-c3fa95a500ed":{"type":"rich-text","blocks":{"template--21410122531113__fe81e3e5-c841-409b-bd7c-c3fa95a500ed-heading-1":{"type":"heading","settings":{"heading":"Welcome to CartConnect","heading_size":"h1"}},"template--21410122531113__fe81e3e5-c841-409b-bd7c-c3fa95a500ed-text-1":{"type":"text","settings":{"text":"<p>We understand the intricate balance you strike daily, and that's why we're here to empower you. Our carefully curated selection of products and unwavering support are tailored to support the pressures you face. From household essentials to self-care needs, CartConnect strives to be your trusted partner in creating a harmonious home lifestyle, so you can take on the world with confidence. Let us help you reclaim your time and make every day feel like a well-deserved victory.<\/p>"}},"template--21410122531113__fe81e3e5-c841-409b-bd7c-c3fa95a500ed-button-1":{"type":"button","settings":{"button_label":"Learn More About Us","button_link":"shopify:\/\/pages\/about-us","button_style_secondary":false,"button_label_2":"","button_link_2":"","button_style_secondary_2":false}}},"block_order":["template--21410122531113__fe81e3e5-c841-409b-bd7c-c3fa95a500ed-heading-1","template--21410122531113__fe81e3e5-c841-409b-bd7c-c3fa95a500ed-text-1","template--21410122531113__fe81e3e5-c841-409b-bd7c-c3fa95a500ed-button-1"],"settings":{"desktop_content_position":"center","content_alignment":"center","color_scheme":"","full_width":true,"padding_top":40,"padding_bottom":52}}},"order":["e352a6c3-d53a-4772-955b-91f4b59bf346","80379e60-8afb-48a7-acc0-7847ef32d06a","fd443d08-f9d1-4a18-8cf2-27e86b01163e","cbc88642-647c-4c92-902a-cbb7cb9c8de1","ffdcdb88-c2b4-41da-a137-becdb0f646d8","75c605c7-8527-4718-a898-b4eef5c48277","fe81e3e5-c841-409b-bd7c-c3fa95a500ed"]}