{"sections":{"main":{"type":"main-page","disabled":true,"settings":{"padding_top":28,"padding_bottom":28}},"ac9cd3d0-483c-45e7-b232-5e45baa7bbab":{"type":"collapsible-content","blocks":{"template--21359526609193__ac9cd3d0-483c-45e7-b232-5e45baa7bbab-collapsible_row-1":{"type":"collapsible_row","settings":{"heading":"How do I place an order ?","icon":"chat_bubble","row_content":"<ul><li>Place an order by choosing the items you wish to purchase, adding them to your cart and then proceeding to checkout.<\/li><\/ul>","page":""}},"1057c371-0cfd-4217-aea3-647d9f99fe1b":{"type":"collapsible_row","settings":{"heading":"Are the products in stock?","icon":"chat_bubble","row_content":"<ul><li>Products are generally in stock if they are advertised in our store.<\/li><li>We will note products that are in limited or low stock, as soon as we are aware that there are stock shortages.<\/li><li>Sometimes, where products are suddenly very popular and many orders are received, or where other unexpected events occur, there may be an unavailability of stock. We will let you know if this applies to your order, but this is rare.<\/li><\/ul>","page":""}},"185e4b9d-9b46-4a2d-b41f-c079e432666d":{"type":"collapsible_row","settings":{"heading":"What is the shipping cost and delivery time?","icon":"chat_bubble","row_content":"<ul><li>Shipping times differ from location to location, but are specified when you purchase.<\/li><li>Costs are outlined when you checkout, unless we have advertised free shipping applicable.<\/li><li>It is our aim to have low shipping costs wherever possible, to extend value to our customers.<\/li><\/ul>","page":""}},"e6847630-4021-461a-ad2e-6723aa5ee650":{"type":"collapsible_row","settings":{"heading":"Do you offer international shipping?","icon":"chat_bubble","row_content":"<ul><li>We offer shipping worldwide, wherever major shipping channels exist. Please enter your address to confirm shipping is available to your location.<\/li><\/ul>","page":""}},"0d10a710-9ce6-4a11-8c4c-7ca3eafb33a8":{"type":"collapsible_row","settings":{"heading":"Can I track my order?","icon":"chat_bubble","row_content":"<ul><li>We send emails to advise of shipping details and status direct to the email address listed in the checkout, so you are kept up to date with all shipping information. <\/li><li>You can track using the information provided in these emails.<\/li><\/ul>","page":""}},"10ae0c0d-da8d-4de7-a38f-4d92b4c7be79":{"type":"collapsible_row","settings":{"heading":"What payment methods do you accept?","icon":"chat_bubble","row_content":"<ul><li>We accept all major credit and debit cards as well as shop-pay.<\/li><\/ul>","page":""}},"9a96ff3b-d864-4056-b4d7-146013f50e31":{"type":"collapsible_row","settings":{"heading":"Do you offer refunds or returns?","icon":"chat_bubble","row_content":"<ul><li>We offer a 30 days satisfaction guarantee, if you are not happy with your purchase - please contact us to make arrangements for the return and refund of the product.<\/li><\/ul>","page":""}},"7eb55fd4-ca6f-457a-827d-a0e37bde7a7b":{"type":"collapsible_row","settings":{"heading":"Can I cancel my order?","icon":"chat_bubble","row_content":"<ul><li>If you wish to cancel your order, please contact us by using our contact details so we can help you with this option.<\/li><li>Where we haven't yet processed and shipped your order, we may be able to assist with this cancellation. It is our aim to ensure that our customers are happy and enjoy their experience with us, we want you to come back time and time again.<\/li><\/ul>","page":""}},"f03e899c-d8fa-47d6-831f-59726b59d166":{"type":"collapsible_row","settings":{"heading":"What happens if my order is lost in transit?","icon":"chat_bubble","row_content":"<ul><li>We will be tracking your order along with you, so if it is lost in transit, we will work with you to reissue your order and ensure that you receive the product that you paid your hard-earned cash to receive. <\/li><li>It is important to us that you get what you pay for!<\/li><\/ul>","page":""}}},"block_order":["template--21359526609193__ac9cd3d0-483c-45e7-b232-5e45baa7bbab-collapsible_row-1","1057c371-0cfd-4217-aea3-647d9f99fe1b","185e4b9d-9b46-4a2d-b41f-c079e432666d","e6847630-4021-461a-ad2e-6723aa5ee650","0d10a710-9ce6-4a11-8c4c-7ca3eafb33a8","10ae0c0d-da8d-4de7-a38f-4d92b4c7be79","9a96ff3b-d864-4056-b4d7-146013f50e31","7eb55fd4-ca6f-457a-827d-a0e37bde7a7b","f03e899c-d8fa-47d6-831f-59726b59d166"],"settings":{"caption":"","heading":"Frequently Asked Questions","heading_size":"h1","heading_alignment":"center","layout":"none","color_scheme":"","container_color_scheme":"","open_first_collapsible_row":false,"image_ratio":"adapt","desktop_layout":"image_second","padding_top":36,"padding_bottom":36}}},"order":["main","ac9cd3d0-483c-45e7-b232-5e45baa7bbab"]}