{"sections":{"main":{"type":"main-product","blocks":{"vendor":{"type":"text","settings":{"text":"{{ product.vendor }}","text_style":"uppercase"}},"title":{"type":"title","settings":{}},"4d48ccf4-111f-42bb-984c-2dc259a8ac24":{"type":"shopify:\/\/apps\/judge-me-reviews\/blocks\/preview_badge\/61ccd3b1-a9f2-4160-9fe9-4fec8413e5d8","settings":{}},"b6223947-ba6f-40da-aef4-4c73867ece86":{"type":"text","settings":{"text":"FREE SHIPPING WORLDWIDE AND AN EXTRA 40% DISCOUNT AT CHECKOUT- ends 19 Nov","text_style":"body"}},"5df5b443-70d3-469e-b113-92b3ccada519":{"type":"text","settings":{"text":"Delivery within 10-14 days (est)","text_style":"body"}},"price":{"type":"price","settings":{}},"variant_picker":{"type":"variant_picker","settings":{"picker_type":"button"}},"quantity_selector":{"type":"quantity_selector","settings":{}},"buy_buttons":{"type":"buy_buttons","settings":{"show_dynamic_checkout":true,"show_gift_card_recipient":true}},"d4c88d4a-1dc4-49ec-9b62-f05012ef7bde":{"type":"icon-with-text","settings":{"layout":"horizontal","icon_1":"return","image_1":"shopify:\/\/shop_images\/Quality-360-x360.png","heading_1":"","icon_2":"price_tag","image_2":"shopify:\/\/shop_images\/100_--360-x360.png","heading_2":"","icon_3":"star","image_3":"shopify:\/\/shop_images\/Assured-Product--360-x360.png","heading_3":""}},"description":{"type":"description","settings":{}},"share":{"type":"share","settings":{"share_label":"Share"}}},"block_order":["vendor","title","4d48ccf4-111f-42bb-984c-2dc259a8ac24","b6223947-ba6f-40da-aef4-4c73867ece86","5df5b443-70d3-469e-b113-92b3ccada519","price","variant_picker","quantity_selector","buy_buttons","d4c88d4a-1dc4-49ec-9b62-f05012ef7bde","description","share"],"settings":{"enable_sticky_info":true,"media_size":"medium","constrain_to_viewport":true,"media_fit":"contain","gallery_layout":"thumbnail_slider","media_position":"left","image_zoom":"hover","mobile_thumbnails":"show","hide_variants":false,"enable_video_looping":false,"padding_top":32,"padding_bottom":32}},"c9a1ba8b-0ade-4922-bc52-5d1c1242e403":{"type":"rich-text","blocks":{"template--20850335973673__c9a1ba8b-0ade-4922-bc52-5d1c1242e403-heading-1":{"type":"heading","settings":{"heading":"See what our satisfied customers have to say","heading_size":"h2"}},"template--20850335973673__c9a1ba8b-0ade-4922-bc52-5d1c1242e403-text-1":{"type":"text","settings":{"text":"<p>We're all about our customers – finding the best products and helping with any problems you've got. Don't just take our word for it, though – check out what our happy customers have to say!<\/p>"}},"template--20850335973673__c9a1ba8b-0ade-4922-bc52-5d1c1242e403-button-1":{"type":"button","settings":{"button_label":"Customer Reviews","button_link":"shopify:\/\/pages\/reviews-what-our-customers-say","button_style_secondary":false,"button_label_2":"","button_link_2":"","button_style_secondary_2":false}}},"block_order":["template--20850335973673__c9a1ba8b-0ade-4922-bc52-5d1c1242e403-heading-1","template--20850335973673__c9a1ba8b-0ade-4922-bc52-5d1c1242e403-text-1","template--20850335973673__c9a1ba8b-0ade-4922-bc52-5d1c1242e403-button-1"],"disabled":true,"settings":{"desktop_content_position":"center","content_alignment":"center","color_scheme":"","full_width":true,"padding_top":40,"padding_bottom":52}},"16986487849696fb2f":{"type":"apps","blocks":{"6c47092f-3233-470f-889e-5010a885af18":{"type":"shopify:\/\/apps\/judge-me-reviews\/blocks\/review_widget\/61ccd3b1-a9f2-4160-9fe9-4fec8413e5d8","settings":{}}},"block_order":["6c47092f-3233-470f-889e-5010a885af18"],"settings":{"include_margins":true}},"related-products":{"type":"related-products","settings":{"heading":"<strong>You May Also Like<\/strong>","heading_size":"h1","products_to_show":4,"columns_desktop":4,"color_scheme":"background-1","image_ratio":"square","image_shape":"default","show_secondary_image":true,"show_vendor":false,"show_rating":true,"columns_mobile":"2","padding_top":36,"padding_bottom":28}}},"order":["main","c9a1ba8b-0ade-4922-bc52-5d1c1242e403","16986487849696fb2f","related-products"]}