{"sections":{"3e1b30ef-232a-4d2c-b097-a95a7c960496":{"type":"image-with-text","blocks":{"template--21100523716901__3e1b30ef-232a-4d2c-b097-a95a7c960496-heading-1":{"type":"heading","settings":{"heading":"Image with text","heading_size":"h1"}}},"block_order":["template--21100523716901__3e1b30ef-232a-4d2c-b097-a95a7c960496-heading-1"],"disabled":true,"settings":{"height":"adapt","desktop_image_width":"medium","layout":"text_first","desktop_content_position":"middle","desktop_content_alignment":"left","content_layout":"no-overlap","color_scheme":"","image_behavior":"none","mobile_content_alignment":"left","padding_top":36,"padding_bottom":36}},"banner":{"type":"main-collection-banner","disabled":true,"settings":{"show_collection_description":true,"show_collection_image":true,"color_scheme":"background-1"}},"product-grid":{"type":"main-collection-product-grid","settings":{"products_per_page":16,"columns_desktop":4,"image_ratio":"square","image_shape":"default","show_secondary_image":true,"show_vendor":true,"show_rating":true,"enable_quick_add":true,"enable_filtering":true,"filter_type":"horizontal","enable_sorting":true,"columns_mobile":"2","padding_top":0,"padding_bottom":36}}},"order":["3e1b30ef-232a-4d2c-b097-a95a7c960496","banner","product-grid"]}