{"sections":{"c86c205b-2969-4180-b6af-11c63119498e":{"type":"slideshow","blocks":{"4727142a-f5e5-441e-bfba-f319d57f7851":{"type":"slide","settings":{"image":"shopify:\/\/shop_images\/Banner--1_5d1085be-4871-4921-a606-9ae7f4daed60.jpg","mobile_image":"shopify:\/\/shop_images\/Untitled-1.png","heading":"<strong>Comfortable Lounge Sets for Women<\/strong>","heading_size":"h1","subheading":"These cozy yet fashionable ensembles consist of matching sweatshirts and sweatpants, offering comfort without sacrificing style.","button_label":"Buy Now","link":"https:\/\/serbanekastore.com\/collections\/womens-sweatsuits","banner_link":"","button_style_secondary":false,"box_align":"middle-center","show_text_box":false,"text_alignment":"center","image_overlay_opacity":0,"color_scheme":"background-2","text_alignment_mobile":"center"}},"823921d2-852b-458c-b8ec-e995784072fc":{"type":"slide","disabled":true,"settings":{"heading":"","heading_size":"h1","subheading":"","button_label":"","link":"","banner_link":"","button_style_secondary":false,"box_align":"middle-center","show_text_box":false,"text_alignment":"center","image_overlay_opacity":0,"color_scheme":"background-1","text_alignment_mobile":"center"}}},"block_order":["4727142a-f5e5-441e-bfba-f319d57f7851","823921d2-852b-458c-b8ec-e995784072fc"],"settings":{"layout":"full_bleed","slide_height":"adapt_image","slider_visual":"dots","auto_rotate":false,"change_slides_speed":3,"image_behavior":"none","show_text_below":true,"accessibility_info":"Slideshow about our brand"}},"22a4434b-3edd-40f5-ac7f-80c8e179fb71":{"type":"rounded-section","blocks":{"25659d11-4fd1-4283-b6a3-1ec6d143f561":{"type":"collections","settings":{"image_with_text_image":"shopify:\/\/shop_images\/women_a3014cc2-0d9e-41b2-ad02-7418ab04a8ed.jpg","collection_title":"<h2>Women Traveler<\/h2>","collection_url":"shopify:\/\/collections\/women-traveler"}},"6ddea9d0-fb0f-4141-b763-dda940ebb591":{"type":"collections","settings":{"image_with_text_image":"shopify:\/\/shop_images\/mens_63747820-4524-4189-9bb7-6c3e17e59e88.jpg","collection_title":"<h2>Men Traveler<\/h2>","collection_url":"shopify:\/\/collections\/men-traveler"}},"e2dab5a8-6b75-4cde-9f8a-9d57ea13fc8d":{"type":"collections","settings":{"image_with_text_image":"shopify:\/\/shop_images\/jacket.jpg","collection_title":"<h2>Jackets<\/h2>","collection_url":"shopify:\/\/collections\/womens-jackets"}},"49191f69-c035-4a87-b422-8c6ea6e0c8f0":{"type":"collections","settings":{"image_with_text_image":"shopify:\/\/shop_images\/backpack_a23c9542-9256-45da-853f-3cc0da49376e.jpg","collection_title":"<h2>Backpacks<\/h2>","collection_url":"shopify:\/\/collections\/backpacks"}},"7bdb36c6-135d-465e-8494-00dc5306e15f":{"type":"collections","settings":{"image_with_text_image":"shopify:\/\/shop_images\/men-tracksuit.jpg","collection_title":"<h2>Men's Work Attire<\/h2>","collection_url":"shopify:\/\/collections\/mens-work-overalls"}},"5c646d7b-1751-4d73-ac8d-7fae58e85b7f":{"type":"collections","disabled":true,"settings":{"image_with_text_image":"shopify:\/\/shop_images\/Kichen-Blender.jpg","collection_title":"<h2>Accessories<\/h2>","collection_url":""}}},"block_order":["25659d11-4fd1-4283-b6a3-1ec6d143f561","6ddea9d0-fb0f-4141-b763-dda940ebb591","e2dab5a8-6b75-4cde-9f8a-9d57ea13fc8d","49191f69-c035-4a87-b422-8c6ea6e0c8f0","7bdb36c6-135d-465e-8494-00dc5306e15f","5c646d7b-1751-4d73-ac8d-7fae58e85b7f"],"settings":{"collection_list_title":"<h1>Trending Collections<\/h1>","bg-color":"#000000","text_alignment":"left","url":"shopify:\/\/collections","padding_top":36,"padding_bottom":36}},"featured_collection":{"type":"featured-collection","settings":{"title":"<strong>Featured Products<\/strong>","heading_size":"h1","description":"","show_description":false,"description_style":"body","collection":"womens-tracksuits","products_to_show":8,"columns_desktop":4,"full_width":false,"show_view_all":true,"view_all_style":"link","enable_desktop_slider":true,"color_scheme":"accent-1","image_ratio":"portrait","image_shape":"default","show_secondary_image":true,"show_vendor":false,"show_rating":false,"enable_quick_add":true,"columns_mobile":"2","swipe_on_mobile":true,"padding_top":48,"padding_bottom":56}},"0984bc4c-283c-4d67-bfdd-976316d953d4":{"type":"collection-list","blocks":{"template--20872885174551__0984bc4c-283c-4d67-bfdd-976316d953d4-featured_collection-1":{"type":"featured_collection","settings":{"collection":"men-traveler"}},"template--20872885174551__0984bc4c-283c-4d67-bfdd-976316d953d4-featured_collection-2":{"type":"featured_collection","settings":{"collection":"mens-casuals"}},"template--20872885174551__0984bc4c-283c-4d67-bfdd-976316d953d4-featured_collection-3":{"type":"featured_collection","settings":{"collection":"women-traveler"}},"a0410dd4-6a7e-4dc6-85d0-ef6e14ab1ca9":{"type":"featured_collection","settings":{"collection":"womens-chores-outfits"}}},"block_order":["template--20872885174551__0984bc4c-283c-4d67-bfdd-976316d953d4-featured_collection-1","template--20872885174551__0984bc4c-283c-4d67-bfdd-976316d953d4-featured_collection-2","template--20872885174551__0984bc4c-283c-4d67-bfdd-976316d953d4-featured_collection-3","a0410dd4-6a7e-4dc6-85d0-ef6e14ab1ca9"],"disabled":true,"settings":{"title":"<strong>Trending Collections<\/strong>","heading_size":"h1","image_ratio":"portrait","columns_desktop":4,"color_scheme":"accent-1","show_view_all":true,"columns_mobile":"1","swipe_on_mobile":true,"padding_top":36,"padding_bottom":68}},"e76ddd66-e07a-4ab7-a9b0-62aeb2412479":{"type":"image-with-text","blocks":{"template--20872885174551__e76ddd66-e07a-4ab7-a9b0-62aeb2412479-heading-1":{"type":"heading","disabled":true,"settings":{"heading":"<strong>COMPLETE YOUR LOOK<\/strong>","heading_size":"h2"}},"template--20872885174551__e76ddd66-e07a-4ab7-a9b0-62aeb2412479-text-1":{"type":"text","settings":{"text":"<h5><strong>Wrap Yourself in Elegance<\/strong><\/h5><h1><strong>Serbaneka's Women's Jacket Selection<\/strong><\/h1><p>Embrace the chilly weather while staying cozy and chic in our carefully curated selection of jackets.<\/p>","text_style":"body"}},"6fb77da3-9e4c-4aa6-a6db-9f0acc29929c":{"type":"button","settings":{"button_label":"Buy Now","button_link":"shopify:\/\/collections\/womens-jackets","button_style_secondary":false}}},"block_order":["template--20872885174551__e76ddd66-e07a-4ab7-a9b0-62aeb2412479-heading-1","template--20872885174551__e76ddd66-e07a-4ab7-a9b0-62aeb2412479-text-1","6fb77da3-9e4c-4aa6-a6db-9f0acc29929c"],"settings":{"image":"shopify:\/\/shop_images\/Image-1.jpg","height":"adapt","desktop_image_width":"medium","layout":"image_first","desktop_content_position":"middle","desktop_content_alignment":"left","content_layout":"no-overlap","color_scheme":"background-2","image_behavior":"none","mobile_content_alignment":"left","padding_top":56,"padding_bottom":56}},"image_banner":{"type":"image-banner","blocks":{"af28a6c8-671b-45df-82ae-a98907151d8d":{"type":"heading","settings":{"heading":"<strong>Elevate Your Everyday Style<\/strong>","heading_size":"h1"}},"ef686e0c-192a-488c-a60e-bfec1335845e":{"type":"text","settings":{"text":"from our wide variety of collections.","text_style":"body"}},"5d7ce3fb-60d7-4607-b2f0-c57dce6fad82":{"type":"buttons","settings":{"button_label_1":"Shop Now","button_link_1":"shopify:\/\/collections\/mens-jackets","button_style_secondary_1":false,"button_label_2":"","button_link_2":"","button_style_secondary_2":false}}},"block_order":["af28a6c8-671b-45df-82ae-a98907151d8d","ef686e0c-192a-488c-a60e-bfec1335845e","5d7ce3fb-60d7-4607-b2f0-c57dce6fad82"],"settings":{"image":"shopify:\/\/shop_images\/Jacket-Banner_80aa50cc-f4fb-4865-ab1e-73ac9149394a.jpg","image_2":"shopify:\/\/shop_images\/Mobile_1.jpg","image_overlay_opacity":0,"image_height":"adapt","desktop_content_position":"middle-center","show_text_box":false,"desktop_content_alignment":"center","color_scheme":"background-1","image_behavior":"none","mobile_content_alignment":"center","stack_images_on_mobile":false,"show_text_below":true}},"181a0dc2-18c1-455b-b2b5-c55bd545fa7b":{"type":"multicolumn","blocks":{"template--21171788579112__181a0dc2-18c1-455b-b2b5-c55bd545fa7b-column-1":{"type":"column","settings":{"image":"shopify:\/\/shop_images\/Hooded.jpg","title":"Lynda kater","text":"<p>It’s so comfy, soft, just the right amount of oversized fit.. it’s warm but not heavy… it’s my favorite<\/p>","link_label":"","link":"","show_review_star":true,"icon":"5-stars"}},"template--21171788579112__181a0dc2-18c1-455b-b2b5-c55bd545fa7b-column-2":{"type":"column","settings":{"image":"shopify:\/\/shop_images\/Mens.jpg","title":"Ryan Tamir","text":"<p>I like the comfort fit of the pair. It’s blue color is also very soothing. Size is on the larger size which gives additional comfort. It is 100% cotton.<\/p>","link_label":"","link":"","show_review_star":true,"icon":"5-stars"}},"template--21171788579112__181a0dc2-18c1-455b-b2b5-c55bd545fa7b-column-3":{"type":"column","settings":{"image":"shopify:\/\/shop_images\/womens.jpg","title":"Rock Wiklz","text":"<p>Cotton tshirt, like the colours as shown in the app, worth the money. Good for summer casual look. Oversized, I chose xl. Loved it.<\/p>","link_label":"","link":"","show_review_star":true,"icon":"5-stars"}},"6be1a548-115c-436c-a604-370a0b8c6c72":{"type":"column","settings":{"image":"shopify:\/\/shop_images\/Hooded.jpg","title":"Rahul pagodia","text":"<p>Very comfortable at this price!!!!! Length is perfect, Looks cool to wear, you can pair it with anything indoors or outdoors<\/p>","link_label":"","link":"","show_review_star":true,"icon":"5-stars"}}},"block_order":["template--21171788579112__181a0dc2-18c1-455b-b2b5-c55bd545fa7b-column-1","template--21171788579112__181a0dc2-18c1-455b-b2b5-c55bd545fa7b-column-2","template--21171788579112__181a0dc2-18c1-455b-b2b5-c55bd545fa7b-column-3","6be1a548-115c-436c-a604-370a0b8c6c72"],"settings":{"title":"<strong>What Our Valued Customers Say<\/strong>","heading_size":"h1","image_width":"third","image_ratio":"circle","columns_desktop":4,"column_alignment":"center","background_style":"primary","button_label":"","button_link":"","color_scheme":"background-1","columns_mobile":"1","swipe_on_mobile":true,"padding_top":36,"padding_bottom":72,"quote_color":"#d4af37"}}},"order":["c86c205b-2969-4180-b6af-11c63119498e","22a4434b-3edd-40f5-ac7f-80c8e179fb71","featured_collection","0984bc4c-283c-4d67-bfdd-976316d953d4","e76ddd66-e07a-4ab7-a9b0-62aeb2412479","image_banner","181a0dc2-18c1-455b-b2b5-c55bd545fa7b"]}