{"sections":{"main":{"type":"main-page","disabled":true,"settings":{"padding_top":28,"padding_bottom":28}},"853daaf0-9b44-4db0-89d1-ada2dbc8dc54":{"type":"collapsible-content","blocks":{"template--21120385909029__853daaf0-9b44-4db0-89d1-ada2dbc8dc54-collapsible_row-1":{"type":"collapsible_row","settings":{"heading":"Collapsible row","icon":"check_mark","row_content":"","page":""}},"template--21120385909029__853daaf0-9b44-4db0-89d1-ada2dbc8dc54-collapsible_row-2":{"type":"collapsible_row","settings":{"heading":"Collapsible row","icon":"check_mark","row_content":"","page":""}},"template--21120385909029__853daaf0-9b44-4db0-89d1-ada2dbc8dc54-collapsible_row-3":{"type":"collapsible_row","settings":{"heading":"Collapsible row","icon":"check_mark","row_content":"","page":""}},"template--21120385909029__853daaf0-9b44-4db0-89d1-ada2dbc8dc54-collapsible_row-4":{"type":"collapsible_row","settings":{"heading":"Collapsible row","icon":"check_mark","row_content":"","page":""}}},"block_order":["template--21120385909029__853daaf0-9b44-4db0-89d1-ada2dbc8dc54-collapsible_row-1","template--21120385909029__853daaf0-9b44-4db0-89d1-ada2dbc8dc54-collapsible_row-2","template--21120385909029__853daaf0-9b44-4db0-89d1-ada2dbc8dc54-collapsible_row-3","template--21120385909029__853daaf0-9b44-4db0-89d1-ada2dbc8dc54-collapsible_row-4"],"settings":{"caption":"","heading":"Collapsible content","heading_size":"h1","heading_alignment":"center","layout":"none","color_scheme":"","container_color_scheme":"","open_first_collapsible_row":false,"image_ratio":"adapt","desktop_layout":"image_second","padding_top":36,"padding_bottom":36}}},"order":["main","853daaf0-9b44-4db0-89d1-ada2dbc8dc54"]}