{"sections":{"main":{"type":"main-login","settings":{"padding_top":36,"padding_bottom":36}},"featured_collection_9KarzG":{"type":"featured-collection","settings":{"title":"Picks For You","heading_size":"h1","description":"","show_description":false,"description_style":"body","collection":"new-arrivals","products_to_show":4,"columns_desktop":4,"full_width":false,"show_view_all":true,"view_all_style":"solid","enable_desktop_sliderassas":false,"color_scheme":"","image_ratio":"adapt","image_shape":"default","show_secondary_image":false,"show_vendor":false,"show_rating":false,"enable_quick_add":false,"columns_mobile":"2","swipe_on_mobile":false,"padding_top":36,"padding_bottom":36}}},"order":["main","featured_collection_9KarzG"]}