{"type":"footer","name":"Footer","sections":{"footer":{"type":"static-footer","blocks":{"7710d9f4-78df-4414-b9d1-52df049d5884":{"type":"rich_text","settings":{"title":"Invogue Plus","text":"<p>We are a one-stop, low-cost shopping store for anything and everything you might want to have. We are expanding our products categories.<br\/><\/p>","show_social":false}},"menu_3":{"type":"menu","settings":{"menu":"company"}},"menu":{"type":"menu","settings":{"menu":"policies"}},"c6eae993-f18d-402c-80c8-ecf1c7e39063":{"type":"newsletter","settings":{"title":"Subscribe","text":"<p>Subscribe to our newsletter program to avail benefits.<\/p>"}}},"block_order":["7710d9f4-78df-4414-b9d1-52df049d5884","menu_3","menu","c6eae993-f18d-402c-80c8-ecf1c7e39063"],"settings":{"show_follow_on_shop":true,"payment_icons":true,"show_locale_selector":false,"show_currency_selector":false,"additional_menu":"footer"}}},"order":["footer"]}