{"type":"header","name":"Header","sections":{"announcement-bar":{"type":"static-announcement","settings":{"show_announcement":true,"homepage_announcement":false,"announcement_text":"For all orders over $40 get one FREE gift","announcement_text_mobile":"","announcement_link":"","announcement_color":"#ffffff","announcement_background":"#1d1d1d"}},"utility-bar":{"type":"static-utility-bar","disabled":true,"settings":{"use_full_width":false,"background_color":"#1b175d","link_color":"#ffffff","link_hover_color":"#ffffff","border_color":"rgba(0,0,0,0)","menu":"","show_menu_mobile":true,"mobile_layout":"below","show_locale_selector":true,"show_currency_selector":true,"show_social_icons":true}},"header":{"type":"static-header","blocks":{"mega_menu":{"type":"meganav_images","disabled":true,"settings":{"meganav_trigger":"Lips","image_1":"shopify:\/\/shop_images\/20.jpg","text_1":"Lip Balm","link_1":"shopify:\/\/collections\/lip-balm","position_1":"first","size_1":"medium","text_2":"","link_2":"shopify:\/\/collections\/lip-gloss","position_2":"first","size_2":"medium"}},"mega_menu_2":{"type":"meganav_images","disabled":true,"settings":{"meganav_trigger":"Face","image_1":"shopify:\/\/shop_images\/06_ff3b2030-6d7e-4181-aae1-2c26a6cd29ef.jpg","text_1":"Face","link_1":"shopify:\/\/collections\/face","position_1":"first","size_1":"medium","text_2":"","link_2":"","position_2":"last","size_2":"medium"}},"8af7e71a-ca22-4551-b0a6-c8a76d21d5af":{"type":"meganav_images","disabled":true,"settings":{"meganav_trigger":"Eyes","image_1":"shopify:\/\/shop_images\/IMG_1756_20230807-115356.jpg","text_1":"Eyes","link_1":"shopify:\/\/collections\/eyes","position_1":"first","size_1":"medium","text_2":"","link_2":"","position_2":"last","size_2":"medium"}},"73cb29d6-a34a-4497-a707-8c2c46aaeb62":{"type":"meganav_images","disabled":true,"settings":{"meganav_trigger":"Body","image_1":"shopify:\/\/shop_images\/3963696645.png","text_1":"Body","link_1":"shopify:\/\/collections\/body","position_1":"first","size_1":"medium","text_2":"","link_2":"","position_2":"last","size_2":"medium"}}},"block_order":["mega_menu","mega_menu_2","8af7e71a-ca22-4551-b0a6-c8a76d21d5af","73cb29d6-a34a-4497-a707-8c2c46aaeb62"],"settings":{"sticky_header":true,"full_width_header":true,"logo":"shopify:\/\/shop_images\/website-logo.png","logo_height":65,"logo_width":188,"filter_search_by":"product_type","enable_live_search":true,"show_mobile_search_bar":false,"enable_live_search_images":true,"quick_links":"","menu":"main-menu","secondary_menu":"","small_promo_heading":"","small_promo_text":"","small_promo_text_mobile":"","small_promo_link":"","small_promo_icon":"none","cart_icon":"icon-cart"}}},"order":["announcement-bar","utility-bar","header"]}