{"sections":{"54557d3b-d2d4-4be4-957b-310143056966":{"type":"image-banner","disabled":true,"settings":{"image":"shopify:\/\/shop_images\/jewelerycollection-banner.jpg","image_overlay_opacity":0,"image_height":"adapt","desktop_content_position":"middle-center","show_text_box":true,"desktop_content_alignment":"center","color_scheme":"","image_behavior":"none","mobile_content_alignment":"center","stack_images_on_mobile":true,"show_text_below":true}},"cd54a6be-1086-4620-9955-32ddd8115260":{"type":"image-with-text","blocks":{"template--20872884715799__cd54a6be-1086-4620-9955-32ddd8115260-heading-1":{"type":"heading","settings":{"heading":"{{ collection.metafields.custom.collectionname.value }}","heading_size":"h1"}}},"block_order":["template--20872884715799__cd54a6be-1086-4620-9955-32ddd8115260-heading-1"],"settings":{"image":"{{ collection.metafields.custom.collectionimage.value }}","height":"adapt","desktop_image_width":"medium","layout":"text_first","desktop_content_position":"middle","desktop_content_alignment":"left","content_layout":"no-overlap","color_scheme":"","image_behavior":"none","mobile_content_alignment":"center","padding_top":36,"padding_bottom":16}},"banner":{"type":"main-collection-banner","disabled":true,"settings":{"show_collection_description":true,"show_collection_image":true,"color_scheme":"background-1"}},"product-grid":{"type":"main-collection-product-grid","settings":{"products_per_page":16,"columns_desktop":4,"image_ratio":"square","image_shape":"default","show_secondary_image":true,"show_vendor":true,"show_rating":true,"enable_quick_add":true,"enable_filtering":true,"filter_type":"horizontal","enable_sorting":true,"columns_mobile":"2","padding_top":0,"padding_bottom":36}}},"order":["54557d3b-d2d4-4be4-957b-310143056966","cd54a6be-1086-4620-9955-32ddd8115260","banner","product-grid"]}