{"sections":{"c86c205b-2969-4180-b6af-11c63119498e":{"type":"slideshow","blocks":{"4727142a-f5e5-441e-bfba-f319d57f7851":{"type":"slide","settings":{"image":"shopify:\/\/shop_images\/banner-2_db34c955-32c4-4f8e-91fd-b2293640fcfc.jpg","mobile_image":"shopify:\/\/shop_images\/mobile-banner-1.jpg","heading":"<strong>Your Ultimate Fashion Destination.<\/strong>","heading_size":"h1","subheading":"Unleash the Power of Fashion with Our Style Curation.","button_label":"Buy Now","link":"shopify:\/\/products\/1-carat-moissanite-925-sterling-silver-necklace","banner_link":"","button_style_secondary":false,"box_align":"middle-left","show_text_box":false,"text_alignment":"left","image_overlay_opacity":0,"color_scheme":"background-2","text_alignment_mobile":"center"}}},"block_order":["4727142a-f5e5-441e-bfba-f319d57f7851"],"settings":{"layout":"full_bleed","slide_height":"adapt_image","slider_visual":"dots","auto_rotate":false,"change_slides_speed":3,"image_behavior":"none","show_text_below":true,"accessibility_info":"Slideshow about our brand"}},"0984bc4c-283c-4d67-bfdd-976316d953d4":{"type":"collection-list","blocks":{"template--20872885174551__0984bc4c-283c-4d67-bfdd-976316d953d4-featured_collection-1":{"type":"featured_collection","settings":{"collection":"children"}},"template--20872885174551__0984bc4c-283c-4d67-bfdd-976316d953d4-featured_collection-2":{"type":"featured_collection","settings":{"collection":"accessories"}},"template--20872885174551__0984bc4c-283c-4d67-bfdd-976316d953d4-featured_collection-3":{"type":"featured_collection","settings":{"collection":"women"}}},"block_order":["template--20872885174551__0984bc4c-283c-4d67-bfdd-976316d953d4-featured_collection-1","template--20872885174551__0984bc4c-283c-4d67-bfdd-976316d953d4-featured_collection-2","template--20872885174551__0984bc4c-283c-4d67-bfdd-976316d953d4-featured_collection-3"],"settings":{"title":"<strong>Trending Collections<\/strong>","heading_size":"h1","image_ratio":"portrait","columns_desktop":3,"color_scheme":"accent-1","show_view_all":true,"columns_mobile":"2","swipe_on_mobile":true,"padding_top":36,"padding_bottom":68}},"e76ddd66-e07a-4ab7-a9b0-62aeb2412479":{"type":"image-with-text","blocks":{"template--20872885174551__e76ddd66-e07a-4ab7-a9b0-62aeb2412479-heading-1":{"type":"heading","disabled":true,"settings":{"heading":"<strong>COMPLETE YOUR LOOK<\/strong>","heading_size":"h2"}},"template--20872885174551__e76ddd66-e07a-4ab7-a9b0-62aeb2412479-text-1":{"type":"text","settings":{"text":"<h3><strong>The Heart and Soul of Our Fashion Story.<\/strong><\/h3><h1><strong>Who We Are<\/strong><\/h1><p>Pair text with an image to focus on your chosen product, collection, or blog post. Add details on availability, style, or even provide a review.<\/p>","text_style":"body"}},"6fb77da3-9e4c-4aa6-a6db-9f0acc29929c":{"type":"button","settings":{"button_label":"Buy Now","button_link":"shopify:\/\/products\/1-carat-moissanite-925-sterling-silver-necklace","button_style_secondary":false}}},"block_order":["template--20872885174551__e76ddd66-e07a-4ab7-a9b0-62aeb2412479-heading-1","template--20872885174551__e76ddd66-e07a-4ab7-a9b0-62aeb2412479-text-1","6fb77da3-9e4c-4aa6-a6db-9f0acc29929c"],"settings":{"image":"shopify:\/\/shop_images\/imaeg-with-text.jpg","height":"large","desktop_image_width":"medium","layout":"image_first","desktop_content_position":"middle","desktop_content_alignment":"left","content_layout":"no-overlap","color_scheme":"background-2","image_behavior":"none","mobile_content_alignment":"left","padding_top":56,"padding_bottom":56}},"featured_collection":{"type":"featured-collection","settings":{"title":"<strong>Featured products<\/strong>","heading_size":"h1","description":"","show_description":false,"description_style":"body","collection":"all","products_to_show":8,"columns_desktop":4,"full_width":false,"show_view_all":true,"view_all_style":"solid","enable_desktop_slider":true,"color_scheme":"accent-1","image_ratio":"portrait","image_shape":"default","show_secondary_image":true,"show_vendor":false,"show_rating":false,"enable_quick_add":true,"columns_mobile":"2","swipe_on_mobile":true,"padding_top":48,"padding_bottom":56}},"image_banner":{"type":"image-banner","blocks":{"heading":{"type":"heading","settings":{"heading":"<strong>Discover Your Dream Collection<\/strong>","heading_size":"h0"}},"button":{"type":"buttons","settings":{"button_label_1":"Buy Now","button_link_1":"shopify:\/\/collections\/accessories","button_style_secondary_1":false,"button_label_2":"","button_link_2":"","button_style_secondary_2":false}}},"block_order":["heading","button"],"settings":{"image":"shopify:\/\/shop_images\/banner-1_0b440150-d746-4e72-8446-0d2f49b085b7.jpg","image_2":"shopify:\/\/shop_images\/mobile-banner-2.jpg","image_overlay_opacity":0,"image_height":"adapt","desktop_content_position":"middle-left","show_text_box":false,"desktop_content_alignment":"left","color_scheme":"background-2","image_behavior":"none","mobile_content_alignment":"center","stack_images_on_mobile":false,"show_text_below":true}},"45559f5e-d9b8-4a12-a19f-a08f0a0ce132":{"type":"multicolumn","blocks":{"template--20872885174551__45559f5e-d9b8-4a12-a19f-a08f0a0ce132-column-1":{"type":"column","settings":{"image":"shopify:\/\/shop_images\/IMG_4036.jpg","title":"<strong>Olivia<\/strong>","text":"<p>I love shopping at this Honi fashion store. They have the trendiest styles for both me and my little ones. The quality is top-notch, and their customer service is fantastic.<\/p>","link_label":"","link":"","show_review_star":true,"icon":"5-stars"}},"template--20872885174551__45559f5e-d9b8-4a12-a19f-a08f0a0ce132-column-2":{"type":"column","settings":{"image":"shopify:\/\/shop_images\/moon-nite-quilted-quivers-button-down-sleepwear-dress-261127.jpg","title":"<strong>Isabella<\/strong>","text":"<p>I'm a busy mom, and this store is a lifesaver. I can find stylish outfits for myself and my kids all in one place. Plus, the prices are reasonable, and the staff is super helpful. <\/p>","link_label":"","link":"","show_review_star":true,"icon":"5-stars"}},"template--20872885174551__45559f5e-d9b8-4a12-a19f-a08f0a0ce132-column-3":{"type":"column","settings":{"image":"shopify:\/\/shop_images\/turtleneck-dropped-shoulder-sweater-541064.jpg","title":"<strong>Sophie<\/strong>","text":"<p>I'm thrilled to have discovered this store. They have a great selection of women's clothing that keeps me looking stylish and fashion-conscious.<\/p>","link_label":"","link":"","show_review_star":true,"icon":"5-stars"}},"70b5d38f-ae60-4142-9ba9-91201c5a06bd":{"type":"column","settings":{"image":"shopify:\/\/shop_images\/ribbed-dropped-shoulder-drawstring-hoodie-732303.jpg","title":"<strong>Elizabeth<\/strong>","text":"<p>I'm a repeat buyer from Honi fashion store. Their clothing is trendy and durable, which is essential for my active kids. It's a one-stop shop for all our fashion needs.<\/p>","link_label":"","link":"","show_review_star":true,"icon":"5-stars"}}},"block_order":["template--20872885174551__45559f5e-d9b8-4a12-a19f-a08f0a0ce132-column-1","template--20872885174551__45559f5e-d9b8-4a12-a19f-a08f0a0ce132-column-2","template--20872885174551__45559f5e-d9b8-4a12-a19f-a08f0a0ce132-column-3","70b5d38f-ae60-4142-9ba9-91201c5a06bd"],"settings":{"title":"<strong>We Love Our Customers <\/strong>","heading_size":"h1","image_width":"third","image_ratio":"circle","columns_desktop":4,"column_alignment":"center","background_style":"primary","button_label":"","button_link":"","color_scheme":"accent-1","columns_mobile":"2","swipe_on_mobile":true,"padding_top":36,"padding_bottom":56,"quote_color":"#eadf16"}}},"order":["c86c205b-2969-4180-b6af-11c63119498e","0984bc4c-283c-4d67-bfdd-976316d953d4","e76ddd66-e07a-4ab7-a9b0-62aeb2412479","featured_collection","image_banner","45559f5e-d9b8-4a12-a19f-a08f0a0ce132"]}