{"sections":{"main":{"type":"main-product","blocks":{"vendor":{"type":"text","settings":{"text":"{{ product.vendor }}","text_style":"uppercase"}},"title":{"type":"title","settings":{}},"price":{"type":"price","settings":{}},"variant_picker":{"type":"variant_picker","settings":{"picker_type":"button"}},"quantity_selector":{"type":"quantity_selector","settings":{}},"buy_buttons":{"type":"buy_buttons","settings":{"show_dynamic_checkout":true,"show_gift_card_recipient":true}},"description":{"type":"description","settings":{}},"share":{"type":"share","settings":{"share_label":"Share"}}},"block_order":["vendor","title","price","variant_picker","quantity_selector","buy_buttons","description","share"],"settings":{"enable_sticky_info":true,"media_size":"medium","constrain_to_viewport":true,"media_fit":"contain","gallery_layout":"thumbnail_slider","media_position":"left","image_zoom":"lightbox","mobile_thumbnails":"hide","hide_variants":true,"enable_video_looping":false,"padding_top":36,"padding_bottom":12}},"related-products":{"type":"related-products","settings":{"enable_quick_add":true,"heading":"<strong>You may also like<\/strong>","heading_size":"h1","products_to_show":4,"columns_desktop":4,"color_scheme":"background-1","image_ratio":"square","image_shape":"default","show_secondary_image":true,"show_vendor":false,"show_rating":false,"columns_mobile":"2","padding_top":36,"padding_bottom":28}},"9afc303f-ebb2-4260-b398-40a5e04dddca":{"type":"multicolumn","blocks":{"template--20872885469463__9afc303f-ebb2-4260-b398-40a5e04dddca-column-2":{"type":"column","settings":{"image":"shopify:\/\/shop_images\/orignial-product-badge-green.png","title":"<strong>Quality Assurance<\/strong>","text":"<p>We guarantee top-notch products with 20+ quality checks before it reaches customers.<\/p>","link_label":"","link":"","show_review_star":false,"icon":"5-stars"}},"template--20872885469463__9afc303f-ebb2-4260-b398-40a5e04dddca-column-3":{"type":"column","settings":{"image":"shopify:\/\/shop_images\/Quality-Badges-Green.png","title":"<strong>Customer Love<\/strong>","text":"<p>Thousands of satisfied shoppers have benefited and still enjoy our lovely products and reliable services.<\/p>","link_label":"","link":"","show_review_star":false,"icon":"5-stars"}},"48b0459e-9df9-4924-905e-07b1a92f7b5f":{"type":"column","settings":{"image":"shopify:\/\/shop_images\/safe-payment-badge-green.png","title":"<strong>Secure Payment<\/strong>","text":"<p>Protecting your financial information, with encrypted and certified payment system. Your valuable data is safe with us.<\/p>","link_label":"","link":"","show_review_star":false,"icon":"5-stars"}},"template--20872885469463__9afc303f-ebb2-4260-b398-40a5e04dddca-column-1":{"type":"column","settings":{"image":"shopify:\/\/shop_images\/easy-returns.png","title":"<strong>Hassle-Free Returns<\/strong>","text":"<p>Get Easy returns within 10 days, no questions asked.<\/p>","link_label":"","link":"","show_review_star":false,"icon":"5-stars"}}},"block_order":["template--20872885469463__9afc303f-ebb2-4260-b398-40a5e04dddca-column-2","template--20872885469463__9afc303f-ebb2-4260-b398-40a5e04dddca-column-3","48b0459e-9df9-4924-905e-07b1a92f7b5f","template--20872885469463__9afc303f-ebb2-4260-b398-40a5e04dddca-column-1"],"settings":{"title":"<strong>Quality of service<\/strong>","heading_size":"h1","image_width":"third","image_ratio":"adapt","columns_desktop":4,"column_alignment":"center","background_style":"primary","button_label":"","button_link":"","color_scheme":"background-2","columns_mobile":"2","swipe_on_mobile":true,"padding_top":36,"padding_bottom":36,"quote_color":""}}},"order":["main","related-products","9afc303f-ebb2-4260-b398-40a5e04dddca"]}