{"name":"t:sections.footer.name","type":"footer","sections":{"b28a560c-c954-4a08-838a-059b8eb32744":{"type":"newsletter","blocks":{"sections--21100524667173__b28a560c-c954-4a08-838a-059b8eb32744-heading-1":{"type":"heading","settings":{"heading":"Subscribe To Our Emails","heading_size":"h1"}},"sections--21100524667173__b28a560c-c954-4a08-838a-059b8eb32744-paragraph-1":{"type":"paragraph","settings":{"text":"<p>Be the first to know about new collections and exclusive offers.<\/p>"}},"sections--21100524667173__b28a560c-c954-4a08-838a-059b8eb32744-email_form-1":{"type":"email_form","settings":{}}},"block_order":["sections--21100524667173__b28a560c-c954-4a08-838a-059b8eb32744-heading-1","sections--21100524667173__b28a560c-c954-4a08-838a-059b8eb32744-paragraph-1","sections--21100524667173__b28a560c-c954-4a08-838a-059b8eb32744-email_form-1"],"settings":{"color_scheme":"accent-1","full_width":true,"padding_top":72,"padding_bottom":72}},"footer":{"type":"footer","blocks":{"fdde2d50-4a13-4207-ace4-83235e3b9758":{"type":"text","settings":{"heading":"<strong>Business Address:<\/strong>","subtext":"<p>D'Pandan Business Square Centre, Avenue 3, 02-08, 68000 Ampang, Selangor, Malaysia<\/p><p><strong>Email Us : <\/strong><\/p><p><a href=\"mailto:customer-support@serbanekastore.com\" target=\"_blank\" title=\"mailto:customer-support@serbanekastore.com\">customersupport@serbanekastore.com<\/a><\/p>"}},"5ea11621-821d-4ca3-95ec-22ee548ef50a":{"type":"link_list","settings":{"heading":"Legal Information","menu":"legal"}},"31fe2bbc-e159-40fe-9e77-93f8890b2d67":{"type":"link_list","settings":{"heading":"Quick Links","menu":"quicklinks"}},"6af9f055-5694-4a17-a7c6-80d6a9f69d15":{"type":"link_list","settings":{"heading":"Our Collections","menu":"our-categories"}}},"block_order":["fdde2d50-4a13-4207-ace4-83235e3b9758","5ea11621-821d-4ca3-95ec-22ee548ef50a","31fe2bbc-e159-40fe-9e77-93f8890b2d67","6af9f055-5694-4a17-a7c6-80d6a9f69d15"],"settings":{"color_scheme":"background-1","newsletter_enable":false,"newsletter_heading":"Subscribe to our emails","enable_follow_on_shop":false,"show_social":true,"enable_country_selector":false,"enable_language_selector":true,"payment_enable":true,"show_policy":false,"margin_top":0,"padding_top":36,"padding_bottom":0}}},"order":["b28a560c-c954-4a08-838a-059b8eb32744","footer"]}