{"name":"t:sections.header.name","type":"header","sections":{"announcement-bar":{"type":"announcement-bar","blocks":{"announcement-bar-0":{"type":"announcement","settings":{"text":"Welcome to our store","link":""}}},"block_order":["announcement-bar-0"],"settings":{"color_scheme":"scheme-a9bc8af0-f271-4032-a742-37ffa98c96a9","show_line_separator":true,"show_social":false,"auto_rotate":false,"change_slides_speed":5,"enable_country_selector":false,"enable_language_selector":false}},"header":{"type":"header","settings":{"logo_position":"middle-left","menu":"main-menu","menu_type_desktop":"dropdown","sticky_header_type":"always","show_line_separator":true,"color_scheme":"background-1","menu_color_scheme":"background-1","enable_country_selector":false,"enable_language_selector":true,"mobile_logo_position":"center","margin_bottom":0,"padding_top":4,"padding_bottom":4}}},"order":["announcement-bar","header"]}