{"name":"t:sections.footer.name","type":"footer","sections":{"footer":{"type":"footer","blocks":{"text_FUGDn3":{"type":"text","settings":{"heading":"","footer_logo":"shopify:\/\/shop_images\/IBest-Wines-Logo-White-3.png","payment_enable":true,"subtext":"<p><strong>Email: - <\/strong><a href=\"mailto:info@ibestwinegroup.com\" target=\"_blank\" title=\"mailto:info@ibestwinegroup.com\">info@ibestwinegroup.com<\/a><\/p>","heading_second":""}},"link_list_q4Khrq":{"type":"link_list","settings":{"heading":"SITE MAP","menu":"footer","heading_1":"","sub_text":""}},"link_list_yYbD4A":{"type":"link_list","settings":{"heading":"<strong>CONNECT<\/strong>","menu":"connect","heading_1":"","sub_text":""}},"text_jkVbkc":{"type":"text","disabled":true,"settings":{"heading":"<strong>CONTACT<\/strong>","payment_enable":false,"subtext":"","heading_second":""}},"newsletter_yM43mp":{"type":"newsletter","settings":{"heading":"MAILING LIST","newsdesc":""}}},"block_order":["text_FUGDn3","link_list_q4Khrq","link_list_yYbD4A","text_jkVbkc","newsletter_yM43mp"],"settings":{"color_scheme":"scheme-4","color_scheme_second":"scheme-4","newsletter_enable":false,"show_social_icon":true,"enable_follow_on_shop":true,"enable_country_selector":false,"enable_language_selector":false,"payment_enable":true,"show_policy":false,"footer_bootom_link":"","margin_top":32,"padding_top":0,"padding_bottom":0}}},"order":["footer"]}