{"sections":{"main":{"type":"main-404","disabled":true,"settings":{}},"rich_text_i84RAA":{"type":"rich-text","blocks":{"heading_i8QNan":{"type":"heading","settings":{"heading":"Page Not Found","heading_size":"h2"}},"text_VcwAUB":{"type":"text","settings":{"text":"<p>Unfortunately, it looks like there has been an error or the page you are looking for no longer exists.<\/p><p>Check the URL to make sure it's correct to continue exploring JimmyChoo.com by using the search bar or by visiting the below links<\/p>"}},"button_3nFXqK":{"type":"button","settings":{"button_label":"GO HOME","button_link":"\/","button_style_secondary":false,"button_label_2":"cONTINUE sHOPPING","button_link_2":"shopify:\/\/collections","button_style_secondary_2":false}}},"block_order":["heading_i8QNan","text_VcwAUB","button_3nFXqK"],"disabled":true,"settings":{"desktop_content_position":"center","content_alignment":"center","color_scheme":"","full_width":true,"padding_top":40,"padding_bottom":52}},"image_with_text_rRrr9T":{"type":"image-with-text","blocks":{"heading_gGYdHk":{"type":"heading","settings":{"heading":"Page Not Found","heading_size":"h2"}},"text_PkMCXg":{"type":"text","settings":{"text":"<p>Unfortunately, it looks like there has been an error or the page you are looking for no longer exists.<\/p><p>Check the URL to make sure it's correct to continue exploring JimmyChoo.com by using the search bar or by visiting the below links<\/p>","text_style":"body"}},"button_yLVeyt":{"type":"button","settings":{"button_label":"continue shopping","button_link":"shopify:\/\/collections","button_style_secondary":false}}},"block_order":["heading_gGYdHk","text_PkMCXg","button_yLVeyt"],"settings":{"image":"shopify:\/\/shop_images\/undraw_omega_-4-kob.svg","height":"adapt","desktop_image_width":"medium","layout":"image_first","desktop_content_position":"top","desktop_content_alignment":"left","content_layout":"no-overlap","section_color_scheme":"","color_scheme":"","image_behavior":"none","mobile_content_alignment":"left","padding_top":36,"padding_bottom":36}},"featured_collection_WqwkMR":{"type":"featured-collection","settings":{"title":"Our Trending Collections","heading_size":"h2","description":"","show_description":false,"description_style":"body","collection":"meet-yanga","products_to_show":8,"columns_desktop":4,"full_width":false,"show_view_all":false,"view_all_style":"solid","enable_desktop_sliderassas":false,"color_scheme":"","image_ratio":"adapt","image_shape":"default","show_secondary_image":false,"show_vendor":false,"show_rating":false,"enable_quick_add":false,"columns_mobile":"2","swipe_on_mobile":false,"padding_top":36,"padding_bottom":36}},"recently_viewed_eELQbL":{"type":"recently-viewed","settings":{"heading":""}}},"order":["main","rich_text_i84RAA","image_with_text_rRrr9T","featured_collection_WqwkMR","recently_viewed_eELQbL"]}