{"sections":{"main":{"type":"main-blog","settings":{"layout":"grid","show_image":true,"image_height":"medium","show_date":false,"show_author":false,"padding_top":0,"padding_bottom":0}},"custom_blog_kAKn7V":{"type":"custom-blog","blocks":{"article_PVD9Aq":{"type":"article","settings":{"article_image":"shopify:\/\/shop_images\/1_5c596939-c3ec-4c43-8099-ba06dd4d2ed0.jpg","article_title":"Summer  Refresh","publish_date":"","article_description":"The theme of  this collection is known as Mapenzi - The colors of Love inspired by the elements of art and craftsmanship , the visual components of colors, form, line, shape, space, texture and value.","article_url":"https:\/\/cdn.shopify.com\/s\/files\/1\/0233\/3438\/7776\/files\/Summer_Refresh-_Blog_Blurb.pdf?v=1716353630"}},"article_efrpFL":{"type":"article","settings":{"article_image":"shopify:\/\/shop_images\/2_adbb68d1-fd7a-41ff-87ef-3282408114f1.jpg","article_title":"She Lived Happily Ever After","publish_date":"","article_description":"Nalebe Footwear is made in one of the oldest houses known for quality footwear in Milan- Italy. We source the finest leathers and follow a strict responsible production process. Our Artisans in Milan bring decades of experience to our commitment to Craftmanship.","article_url":"https:\/\/cdn.shopify.com\/s\/files\/1\/0233\/3438\/7776\/files\/She_Lived_Happily_Ever_After.pdf?v=1716353624"}},"article_GXaNyg":{"type":"article","settings":{"article_image":"shopify:\/\/shop_images\/3_bda8467e-f313-43e7-8579-dcbefc5b8649.jpg","article_title":"Vacation ready","publish_date":"","article_description":"Vacation is for breathable shoes that arecomfortable to walk in and very stylish!Nalebe offers shoes in a hand woven raffiamaterial that is comfortable and lightweight, if the sun is shining you won’t burnwhile wearing them!","article_url":"https:\/\/cdn.shopify.com\/s\/files\/1\/0233\/3438\/7776\/files\/Vacation_Ready-_Blog_Post.pdf?v=1716353628"}},"article_JyW6tK":{"type":"article","settings":{"article_image":"shopify:\/\/shop_images\/4_274e6112-d31a-420a-b108-3de5ce40a943.jpg","article_title":"A woman empowering women","publish_date":"","article_description":"Every idea or strategy to improve starts with a problem. Our business idea was born out of a life-changing experience by Amina Means, who sprained her ankle while on a family trip. Means decided to take her infatuation with heels to the next level.","article_url":"https:\/\/cdn.shopify.com\/s\/files\/1\/0233\/3438\/7776\/files\/Woman_Owned_Brand-_Blog_Post.pdf?v=1716353624"}},"article_zpF67h":{"type":"article","settings":{"article_image":"shopify:\/\/shop_images\/7.jpg","article_title":"Wedding guest handbook","publish_date":"","article_description":"When being invitied to a wedding the first thought thatcomes to mind is, “what do I wear?” Nalebe has youcovered! Wearing the proper shoe to a wedding is crucial.","article_url":"https:\/\/cdn.shopify.com\/s\/files\/1\/0233\/3438\/7776\/files\/Wedding_Guest-_Blog.pdf?v=1716353626"}},"article_kif7yF":{"type":"article","settings":{"article_image":"shopify:\/\/shop_images\/8.jpg","article_title":"Choosing the best bridal party shoes","publish_date":"","article_description":"If you're a bridesmaid in an upcoming wedding, you willmost likely need to find your own shoes. Since you are abridesmaid, be sure to confirm any shoe preferences interms of color, style, and if the party will be matching","article_url":"https:\/\/cdn.shopify.com\/s\/files\/1\/0233\/3438\/7776\/files\/Bridal_Party-_Blog.pdf?v=1716353378"}},"article_PX3jK6":{"type":"article","settings":{"article_image":"shopify:\/\/shop_images\/6.jpg","article_title":"A pop of blue to say, I do the Bridalshop","publish_date":"","article_description":"The tradition of brides wearing somethingblue on their wedding day comes from theOld English rhyme: “Something old,something new, something borrowed,something blue, a sixpence in your shoe.” The\"something blue\" traditionally representspurity, love, and fidelity.","article_url":"https:\/\/cdn.shopify.com\/s\/files\/1\/0233\/3438\/7776\/files\/Something_Blue-_Blog.pdf?v=1716353630"}},"article_wDMnni":{"type":"article","settings":{"article_image":"shopify:\/\/shop_images\/10.jpg","article_title":"A nalebe bride","publish_date":"","article_description":"Nalebe’s custom crystals are artisan handmade in Milan,Italy. Each shoe’s crystals are placed delicately by hand andare made from Swarovski crystals. The mule is in a clearcrystal heel and clear crystal buckle.","article_url":"https:\/\/cdn.shopify.com\/s\/files\/1\/0233\/3438\/7776\/files\/A_Nalebe_Bride.pdf?v=1716353378"}},"article_dnBFFx":{"type":"article","settings":{"article_image":"shopify:\/\/shop_images\/9.jpg","article_title":"Amanda’s dream wedding wearing nalebe shoes","publish_date":"","article_description":"For the ceremony, Amandawore the timeless and iconic Stellar Pumpin iWhite Mesh paired with the stunning custom crystal buckle. TheStellar Pump includes a breatheable mesh with speckles of glitter ontop for an elegant touch!","article_url":"https:\/\/cdn.shopify.com\/s\/files\/1\/0233\/3438\/7776\/files\/Nalebe_Bride_Amanda_Blog_Post.pdf?v=1716353379"}},"article_K4iKVA":{"type":"article","settings":{"article_image":"shopify:\/\/shop_images\/11.jpg","article_title":"Envy in green","publish_date":"","article_description":"The trendy brides in today’s world are steppingout of the traditional bride look and areincorporating colors! Our recent Nalebe bridewore our mint green mules. The earthy weddingtheme was displayed even more with the mintgreen shoes","article_url":"https:\/\/cdn.shopify.com\/s\/files\/1\/0233\/3438\/7776\/files\/Envy_in_Green_Blog_Post.pdf?v=1716353868"}},"article_hCTVAD":{"type":"article","settings":{"article_image":"shopify:\/\/shop_images\/5_3c7f4de9-c1ad-476d-8561-3b6b94cbf1d8.jpg","article_title":"A brides guide to a destination wedding","publish_date":"","article_description":"Organizing a wedding can be challenging and adding in the logistical considerations of a destination wedding can make things even more complex.","article_url":"https:\/\/cdn.shopify.com\/s\/files\/1\/0233\/3438\/7776\/files\/Destination_Wedding-_Blog_Post.pdf?v=1716353628"}}},"block_order":["article_PVD9Aq","article_efrpFL","article_GXaNyg","article_JyW6tK","article_zpF67h","article_kif7yF","article_PX3jK6","article_wDMnni","article_dnBFFx","article_K4iKVA","article_hCTVAD"],"settings":{"layout":"grid","show_date":false,"padding_top":0,"padding_bottom":20}}},"order":["main","custom_blog_kAKn7V"]}