{"sections":{"cart-items":{"type":"main-cart-items","settings":{"color_scheme":"scheme-35149f58-51d8-43d4-93a2-09ef5d5e5482","padding_top":36,"padding_bottom":36}},"cart-footer":{"type":"main-cart-footer","blocks":{"subtotal":{"type":"subtotal","settings":{}},"buttons":{"type":"buttons","settings":{}}},"block_order":["subtotal","buttons"],"settings":{"color_scheme":"background-1","padding_top":20,"padding_bottom":40,"clear_cart":true}},"recently_viewed_4HDNVr":{"type":"recently-viewed","disabled":true,"settings":{"heading":"Recently Viewed"}}},"order":["cart-items","cart-footer","recently_viewed_4HDNVr"]}