{"sections":{"banner":{"type":"main-collection-banner","disabled":true,"settings":{"show_collection_description":true,"show_collection_image":false,"color_scheme":"background-1"}},"product-grid":{"type":"main-collection-product-grid","disabled":true,"settings":{"products_per_page":16,"columns_desktop":4,"color_scheme":"background-1","image_ratio":"adapt","image_shape":"default","show_secondary_image":false,"show_vendor":false,"show_rating":false,"enable_quick_add":false,"enable_filtering":true,"filter_type":"drawer","enable_sorting":true,"columns_mobile":"2","padding_top":36,"padding_bottom":36,"enable_infinite_scrolling":false}},"video_hero_fKaCgE":{"type":"video-hero","blocks":{"video_AyrjTC":{"type":"video","settings":{"video":"shopify:\/\/files\/videos\/BRIDAL_24_CRYSTAL_MIX_1920x800_CLEAN_NO_SOUND_13secs_znfj8b.webm","mobile_video":"shopify:\/\/files\/videos\/BRIDAL_24_CRYSTAL_MIX_600x800_CLEAN_NO_SOUND_13secs_rg0byp.webm","enable_video_looping":true,"heading":"The Bridal Boutique","heading_size":"h1","text":"<p>Whether you're the bride-to-be or the best-dressed guest, the beautifully-crafted pieces in our bridal collection will make a bold style statement.<\/p>","text_style":"body","menu":"bridal","button_label":"","button_link":"","button_style_secondary":false,"desktop_content_position":"middle","desktop_content_alignment":"center"}}},"block_order":["video_AyrjTC"],"settings":{"heading":"","heading_size":"h1","full_width":true,"color_scheme":"inverse","padding_top":0,"padding_bottom":0,"enable_desktop_slider":false,"slider_speed":3}},"multicolumn_BQbn7q":{"type":"multicolumn","blocks":{"column_EPgWfb":{"type":"column","settings":{"image":"shopify:\/\/shop_images\/d-bridal-lp-box2.jpg","img_link":"","title":"Bridal Shoes","text":"","text_shadow":true,"link_label":"SHOP NOW","link":"shopify:\/\/collections\/nyfw-ss24","button_style":"tertiary"}},"column_gryefJ":{"type":"column","settings":{"image":"shopify:\/\/shop_images\/d-bridal-lp-box2-bonbon.webp","img_link":"","title":"Bridal Bags","text":"","text_shadow":true,"link_label":"SHOP NOW","link":"shopify:\/\/collections\/nyfw-ss24","button_style":"tertiary"}},"column_hni6ke":{"type":"column","settings":{"image":"shopify:\/\/shop_images\/d-bridal-lp-box3-c.webp","img_link":"","title":"Bride-To-be","text":"","text_shadow":true,"link_label":"SHOP NOW","link":"shopify:\/\/collections\/meet-yanga","button_style":"tertiary"}}},"block_order":["column_EPgWfb","column_gryefJ","column_hni6ke"],"settings":{"title":"","fullwidth":true,"heading_size":"h2","heading_position":"middle_center","image_width":"full","image_ratio":"adapt","text_overlay":true,"content_position":"bottom_left","font_size":16,"columns_desktop":3,"column_alignment":"center","background_style":"none","button_label":"","button_link":"","color_scheme":"inverse","columns_mobile":"1","swipe_on_mobile":false,"padding_top":4,"padding_bottom":0}},"featured_collection_gDx46U":{"type":"featured-collection","settings":{"title":"The Icons","heading_size":"h2","description":"","show_description":false,"description_style":"body","collection":"meet-yanga","products_to_show":12,"columns_desktop":4,"full_width":false,"show_view_all":false,"view_all_style":"solid","enable_desktop_sliderassas":true,"color_scheme":"","image_ratio":"square","image_shape":"default","show_secondary_image":false,"show_vendor":false,"show_rating":false,"enable_quick_add":false,"columns_mobile":"2","swipe_on_mobile":false,"padding_top":36,"padding_bottom":36}},"video_hero_FiDDR9":{"type":"video-hero","blocks":{"video_cBfUCf":{"type":"video","settings":{"video":"shopify:\/\/files\/videos\/BRIDAL_24_CRYSTAL_SLIPPER_A_CLEAN_NO_SOUND_1920x800_6secs_mvuulh.webm","mobile_video":"shopify:\/\/files\/videos\/WINTER_23_NARI_AV_TOTE_600x800_CLEAN_NO_SOUND_6s_tiwokk.webm","enable_video_looping":true,"heading":"The Crystal Slipper","heading_size":"h1","text":"<p>The ultimate bridal shoe, The Crystal Slipper promises to instil your wedding wardrobe with magic and fantasy.<\/p>","text_style":"body","menu":"","button_label":"DISCOVER MORE","button_link":"shopify:\/\/collections\/made-to-order","button_style_secondary":true,"desktop_content_position":"bottom","desktop_content_alignment":"left"}},"video_nLG7F7":{"type":"video","settings":{"video":"shopify:\/\/files\/videos\/WINTER_23_NARI_AV_TOTE_1920x800_CLEAN_NO_SOUND_6s_d4qyhj.webm","mobile_video":"shopify:\/\/files\/videos\/WINTER_23_NARI_AV_TOTE_600x800_CLEAN_NO_SOUND_6s_tiwokk.webm","enable_video_looping":true,"heading":"","heading_size":"h1","text":"","text_style":"body","menu":"","button_label":"","button_link":"","button_style_secondary":false,"desktop_content_position":"top","desktop_content_alignment":"left"}},"video_kjewE8":{"type":"video","settings":{"enable_video_looping":true,"heading":"Image with text","heading_size":"h1","text":"<p>Pair text with an image to focus on your chosen product, collection, or blog post. Add details on availability, style, or even provide a review.<\/p>","text_style":"body","menu":"","button_label":"Button label","button_link":"","button_style_secondary":false,"desktop_content_position":"top","desktop_content_alignment":"left"}}},"block_order":["video_cBfUCf","video_nLG7F7","video_kjewE8"],"settings":{"heading":"","heading_size":"h1","full_width":true,"color_scheme":"inverse","padding_top":36,"padding_bottom":36,"enable_desktop_slider":true,"slider_speed":3}},"image_with_product_card_U4M8xM":{"type":"image-with-product-card","settings":{"layout":"left_image_right_grid","color_scheme":"scheme-35149f58-51d8-43d4-93a2-09ef5d5e5482","title":"Finishing Touches","heading_size":"h2","description":"Discover something new with classic accessories and refined fragrances that bring the final touch of distinction to your bridal ensemble.","heading_position":"middle_left","image":"shopify:\/\/shop_images\/d-bridal-lp-box5.webp","featured_collection":"grit-boot","products_to_show":16,"columns_desktop":4,"enable_quick_add":false,"shadow_button_active":false,"padding_top":0,"padding_bottom":4}},"multicolumn_7pByzq":{"type":"multicolumn","blocks":{"column_MJpqFm":{"type":"column","settings":{"image":"shopify:\/\/shop_images\/d-bridal-lp-box6.webp","img_link":"","title":"Mother Of The Bride","text":"","text_shadow":true,"link_label":"SHOP NOW","link":"shopify:\/\/collections\/nyfw-ss24","button_style":"tertiary"}},"column_edC8EX":{"type":"column","settings":{"image":"shopify:\/\/shop_images\/d-bridal-lp-box7.webp","img_link":"","title":"Groom","text":"","text_shadow":true,"link_label":"SHOP NOW","link":"shopify:\/\/collections\/nyfw-ss24","button_style":"tertiary"}},"column_MrWgVe":{"type":"column","settings":{"image":"shopify:\/\/shop_images\/d-bridal-lp-box8.jpg","img_link":"","title":"Bridesmaid","text":"","text_shadow":true,"link_label":"SHOP NOW","link":"shopify:\/\/collections\/nyfw-ss24","button_style":"tertiary"}}},"block_order":["column_MJpqFm","column_edC8EX","column_MrWgVe"],"settings":{"title":"","fullwidth":true,"heading_size":"h2","heading_position":"middle_center","image_width":"full","image_ratio":"adapt","text_overlay":true,"content_position":"bottom_left","font_size":16,"columns_desktop":3,"column_alignment":"left","background_style":"none","button_label":"","button_link":"","color_scheme":"inverse","columns_mobile":"1","swipe_on_mobile":false,"padding_top":4,"padding_bottom":0}},"featured_collection_DXhAgN":{"type":"featured-collection","settings":{"title":"Wedding Guest","heading_size":"h2","description":"","show_description":false,"description_style":"body","collection":"meet-yanga","products_to_show":12,"columns_desktop":4,"full_width":false,"show_view_all":false,"view_all_style":"solid","enable_desktop_sliderassas":true,"color_scheme":"","image_ratio":"square","image_shape":"default","show_secondary_image":false,"show_vendor":false,"show_rating":false,"enable_quick_add":false,"columns_mobile":"2","swipe_on_mobile":false,"padding_top":36,"padding_bottom":36}},"multicolumn_FnxyW3":{"type":"multicolumn","blocks":{"column_crEjRt":{"type":"column","settings":{"image":"shopify:\/\/shop_images\/d-bridal-lp-box9.webp","img_link":"","title":"Married In Style: Barbara Palvin","text":"<p>From bold statements, to classic styles – creative director, Sandra Choi, brings Barbara Palvin’s dream wedding to life in bespoke Jimmy Choo.<\/p>","text_shadow":false,"link_label":"SHOP NOW","link":"shopify:\/\/collections\/nyfw-ss24","button_style":"tertiary"}},"column_LW3Lh4":{"type":"column","settings":{"image":"shopify:\/\/shop_images\/d-bridal-lp-box11-a.jpg","img_link":"","title":"The Crystal Slipper ","text":"<p>The ultimate fairytale shoe, The Crystal Slipper is meticulously crafted with hand-applied Swarovski crystals, bringing fantasy and magic to every step. <\/p>","text_shadow":false,"link_label":"SHOP NOW","link":"shopify:\/\/collections\/nyfw-ss24","button_style":"tertiary"}},"column_ULkNTr":{"type":"column","settings":{"image":"shopify:\/\/shop_images\/d-bridal-lp-article2.webp","img_link":"","title":"How To Pick The Perfect Bridal Shoes","text":"<p>Make your big day even more memorable with our exquisite designs.<\/p>","text_shadow":false,"link_label":"SHOP NOW","link":"shopify:\/\/collections\/nyfw-ss24","button_style":"tertiary"}}},"block_order":["column_crEjRt","column_LW3Lh4","column_ULkNTr"],"settings":{"title":"","fullwidth":false,"heading_size":"h2","heading_position":"middle_center","image_width":"full","image_ratio":"adapt","text_overlay":false,"content_position":"bottom_left","font_size":16,"columns_desktop":3,"column_alignment":"left","background_style":"none","button_label":"","button_link":"","color_scheme":"scheme-35149f58-51d8-43d4-93a2-09ef5d5e5482","columns_mobile":"1","swipe_on_mobile":false,"padding_top":4,"padding_bottom":0}},"tab_image_with_text_G9tByb":{"type":"tab-image-with-text","blocks":{"image_with_text_T9XPqz":{"type":"image-with-text","settings":{"image":"shopify:\/\/shop_images\/d-bridal-lp-box12-a.webp","heading":"Book An Appointment","heading_size":"h2","caption":"","text_style":"caption-with-letter-spacing","text_size":"small","text":"<p>Start your bridal journey at Jimmy Choo, request a consultation with a personal stylist in-store or via a virtual appointment. <\/p>","text_style_richtext":"body","button_label":"Discover more","button_link":"shopify:\/\/collections\/nyfw-ss24","button_style":"tertiary","menu":""}},"image_with_text_geLMfK":{"type":"image-with-text","disabled":true,"settings":{"image":"shopify:\/\/shop_images\/d-bridal-lp-box12-a.webp","heading":"Book An Appointment","heading_size":"h2","caption":"","text_style":"caption-with-letter-spacing","text_size":"small","text":"<p>Start your bridal journey at Jimmy Choo, request a consultation with a personal stylist in-store or via a virtual appointment. <\/p>","text_style_richtext":"body","button_label":"Discover more","button_link":"shopify:\/\/collections\/nyfw-ss24","button_style":"tertiary","menu":""}}},"block_order":["image_with_text_T9XPqz","image_with_text_geLMfK"],"settings":{"enable_desktop_slider":false,"slider_speed":3,"height":"adapt","desktop_image_width":"medium","layout":"image_first","desktop_content_position":"top","desktop_content_alignment":"left","content_layout":"no-overlap","section_color_scheme":"inverse","color_scheme":"scheme-35149f58-51d8-43d4-93a2-09ef5d5e5482","image_behavior":"none","mobile_content_alignment":"left","padding_top":0,"padding_bottom":36}}},"order":["banner","product-grid","video_hero_fKaCgE","multicolumn_BQbn7q","featured_collection_gDx46U","video_hero_FiDDR9","image_with_product_card_U4M8xM","multicolumn_7pByzq","featured_collection_DXhAgN","multicolumn_FnxyW3","tab_image_with_text_G9tByb"]}