{"sections":{"banner":{"type":"main-collection-banner","settings":{"show_collection_description":false,"show_collection_image":false,"color_scheme":"background-1"}},"product-grid":{"type":"main-collection-product-grid","settings":{"products_per_page":16,"columns_desktop":4,"color_scheme":"scheme-35149f58-51d8-43d4-93a2-09ef5d5e5482","image_ratio":"square","image_shape":"default","show_secondary_image":false,"show_vendor":false,"show_rating":false,"enable_quick_add":false,"enable_filtering":true,"filter_type":"drawer","enable_sorting":true,"columns_mobile":"2","padding_top":0,"padding_bottom":36,"enable_infinite_scrolling":true}}},"order":["banner","product-grid"]}