{"sections":{"banner":{"type":"main-collection-banner","disabled":true,"settings":{"show_collection_description":true,"show_collection_image":false,"color_scheme":"background-1"}},"product-grid":{"type":"main-collection-product-grid","disabled":true,"settings":{"products_per_page":16,"columns_desktop":4,"color_scheme":"background-1","image_ratio":"adapt","image_shape":"default","show_secondary_image":false,"show_vendor":false,"show_rating":false,"enable_quick_add":false,"enable_filtering":true,"filter_type":"drawer","enable_sorting":true,"columns_mobile":"2","padding_top":36,"padding_bottom":36,"enable_infinite_scrolling":false}},"video_hero_fKaCgE":{"type":"video-hero","blocks":{"video_AyrjTC":{"type":"video","settings":{"video":"shopify:\/\/files\/videos\/MicrosoftTeams-video (1).mp4","mobile_video":"shopify:\/\/files\/videos\/Bridal Page Video.mp4","enable_video_looping":true,"heading":"The Bridal Boutique","heading_size":"h1","text":"<p>Whether you're the bride, wedding guest, mother of the bride  or bridesmaid, feel elgant and chic in <\/p>","text_style":"body","menu":"bridal","button_label":"","button_link":"","button_style_secondary":false,"desktop_content_position":"bottom","desktop_content_alignment":"center"}}},"block_order":["video_AyrjTC"],"settings":{"heading":"","heading_size":"h1","full_width":true,"color_scheme":"inverse","padding_top":0,"padding_bottom":0,"enable_desktop_slider":false,"slider_speed":3}},"rich_text_LE3BCx":{"type":"rich-text","blocks":{"heading_byD4wL":{"type":"heading","settings":{"heading":"The Bride","heading_size":"h2"}},"text_fxkXYk":{"type":"text","settings":{"text":"<p>A brides wedding day is the most important day of her life. With nalebe's custom crystals and sophisticated designs, the bride to be will feel one of a kind.<\/p>"}}},"block_order":["heading_byD4wL","text_fxkXYk"],"settings":{"desktop_content_position":"center","content_alignment":"center","color_scheme":"","full_width":true,"padding_top":16,"padding_bottom":0}},"multicolumn_BQbn7q":{"type":"multicolumn","blocks":{"column_EPgWfb":{"type":"column","settings":{"image":"shopify:\/\/shop_images\/6.png","img_link":"","title":"Bridal shoes","text":"","text_shadow":false,"link_label":"SHOP NOW","link":"shopify:\/\/collections\/bridal-shoes","button_style":"tertiary"}},"column_gryefJ":{"type":"column","settings":{"image":"shopify:\/\/shop_images\/1_1.png","img_link":"","title":"Mother of the Bride","text":"","text_shadow":false,"link_label":"SHOP NOW","link":"shopify:\/\/collections\/mother-of-the-bride","button_style":"tertiary"}},"column_hni6ke":{"type":"column","settings":{"image":"shopify:\/\/shop_images\/2_1.png","img_link":"","title":"Bridal Party","text":"","text_shadow":false,"link_label":"SHOP NOW","link":"shopify:\/\/collections\/bridal-party","button_style":"tertiary"}}},"block_order":["column_EPgWfb","column_gryefJ","column_hni6ke"],"settings":{"title":"","fullwidth":true,"heading_size":"h2","heading_position":"middle_center","image_width":"full","image_ratio":"adapt","text_overlay":true,"content_position":"bottom_left","font_size":16,"columns_desktop":3,"column_alignment":"left","background_style":"none","button_label":"","button_link":"","color_scheme":"scheme-35149f58-51d8-43d4-93a2-09ef5d5e5482","columns_mobile":"1","swipe_on_mobile":true,"padding_top":20,"padding_bottom":0}},"featured_collection_gDx46U":{"type":"featured-collection","disabled":true,"settings":{"title":"The Icons","heading_size":"h2","description":"","show_description":false,"description_style":"body","collection":"meet-yanga","products_to_show":12,"columns_desktop":4,"full_width":false,"show_view_all":false,"view_all_style":"solid","enable_desktop_sliderassas":true,"color_scheme":"","image_ratio":"square","image_shape":"default","show_secondary_image":false,"show_vendor":false,"show_rating":false,"enable_quick_add":false,"columns_mobile":"2","swipe_on_mobile":true,"padding_top":36,"padding_bottom":36}},"featured_collection_tabs_tLndYp":{"type":"Featured-collection--tabs","blocks":{"block_hPbWVi":{"type":"block","settings":{"title":"Bridal Shoes","collection1":"bridal-shoes"}},"block_bqpWFT":{"type":"block","settings":{"title":"Shop Bridal","collection1":"sale"}}},"block_order":["block_hPbWVi","block_bqpWFT"],"settings":{"title":"","heading_size":"h1","products_to_show":8,"columns_desktop":4,"full_width":false,"enable_desktop_slider":false,"color_scheme":"accent-2","image_ratio":"adapt","show_secondary_image":false,"show_vendor":false,"show_rating":false,"enable_quick_add":false,"columns_mobile":"2","swipe_on_mobile":false,"padding_top":36,"padding_bottom":36}},"video_hero_FiDDR9":{"type":"video-hero","blocks":{"video_nLG7F7":{"type":"video","settings":{"video":"shopify:\/\/files\/videos\/FACTORY VIDEO-6.mov","mobile_video":"shopify:\/\/files\/videos\/Made TO Order Section on Bridal Page- Mobile.mp4","enable_video_looping":true,"heading":"Made-to-Order","heading_size":"h1","text":"<p>Create your dream bridal shoes  with our new Made-to-Order service! Select your ideal silhouettes, fabrication and color<\/p>","text_style":"body","menu":"","button_label":"DISCOVER MORE","button_link":"shopify:\/\/pages\/made-to-order","button_style_secondary":true,"desktop_content_position":"bottom","desktop_content_alignment":"left"}},"video_kjewE8":{"type":"video","disabled":true,"settings":{"enable_video_looping":true,"heading":"Image with text","heading_size":"h1","text":"<p>Pair text with an image to focus on your chosen product, collection, or blog post. Add details on availability, style, or even provide a review.<\/p>","text_style":"body","menu":"","button_label":"Button label","button_link":"","button_style_secondary":false,"desktop_content_position":"top","desktop_content_alignment":"left"}}},"block_order":["video_nLG7F7","video_kjewE8"],"settings":{"heading":"","heading_size":"h1","full_width":true,"color_scheme":"inverse","padding_top":36,"padding_bottom":36,"enable_desktop_slider":true,"slider_speed":3}},"image_with_product_card_U4M8xM":{"type":"image-with-product-card","settings":{"layout":"left_image_right_grid","color_scheme":"scheme-35149f58-51d8-43d4-93a2-09ef5d5e5482","title":"Bridal Collection","heading_size":"h2","description":"Discover beautiful silhouettes for every comfort level! Whether it's a pump. kitten heel, platform, Nalebe has them all","heading_position":"middle_left","image":"shopify:\/\/shop_images\/StickySizedImage.png","featured_collection":"bride-to-be","products_to_show":16,"columns_desktop":4,"enable_quick_add":false,"shadow_button_active":false,"padding_top":0,"padding_bottom":4}},"rich_text_iKqWep":{"type":"rich-text","blocks":{"heading_CG7Q7e":{"type":"heading","settings":{"heading":"Wedding Guest","heading_size":"h2"}},"text_8mwey3":{"type":"text","settings":{"text":"<p>Perfectly crafted to  complement the bride, Feel elegant in luxury crafted shoes<\/p>"}}},"block_order":["heading_CG7Q7e","text_8mwey3"],"settings":{"desktop_content_position":"left","content_alignment":"left","color_scheme":"","full_width":true,"padding_top":8,"padding_bottom":20}},"multicolumn_7pByzq":{"type":"multicolumn","blocks":{"column_MJpqFm":{"type":"column","settings":{"image":"shopify:\/\/shop_images\/1_ab423d40-c855-45a0-a14e-4e1a03bb1e40.png","img_link":"","title":"Bridal Shoes","text":"","text_shadow":false,"link_label":"SHOP NOW","link":"shopify:\/\/collections\/bridal-shoes","button_style":"tertiary"}},"column_edC8EX":{"type":"column","settings":{"image":"shopify:\/\/shop_images\/4_1.png","img_link":"","title":"Wedding Guest","text":"","text_shadow":true,"link_label":"SHOP NOW","link":"shopify:\/\/collections\/wedding-guest","button_style":"tertiary"}},"column_MrWgVe":{"type":"column","settings":{"image":"shopify:\/\/shop_images\/2.png","img_link":"","title":"Maid of Honor","text":"","text_shadow":true,"link_label":"SHOP NOW","link":"shopify:\/\/collections\/made-of-honor","button_style":"tertiary"}}},"block_order":["column_MJpqFm","column_edC8EX","column_MrWgVe"],"settings":{"title":"","fullwidth":true,"heading_size":"h2","heading_position":"middle_center","image_width":"full","image_ratio":"adapt","text_overlay":true,"content_position":"bottom_left","font_size":16,"columns_desktop":3,"column_alignment":"left","background_style":"none","button_label":"","button_link":"","color_scheme":"inverse","columns_mobile":"1","swipe_on_mobile":true,"padding_top":4,"padding_bottom":0}},"featured_collection_DXhAgN":{"type":"featured-collection","disabled":true,"settings":{"title":"Wedding Guest","heading_size":"h2","description":"","show_description":false,"description_style":"body","collection":"meet-yanga","products_to_show":12,"columns_desktop":4,"full_width":false,"show_view_all":false,"view_all_style":"solid","enable_desktop_sliderassas":true,"color_scheme":"","image_ratio":"square","image_shape":"default","show_secondary_image":false,"show_vendor":false,"show_rating":false,"enable_quick_add":false,"columns_mobile":"2","swipe_on_mobile":false,"padding_top":36,"padding_bottom":36}},"featured_collection_tabs_KUt8FC":{"type":"Featured-collection--tabs","blocks":{"block_Cgxj9i":{"type":"block","settings":{"title":"Shop Wedding Guest","collection1":"wedding-guest"}}},"block_order":["block_Cgxj9i"],"settings":{"title":"Wedding Guest","heading_size":"h2","products_to_show":8,"columns_desktop":4,"full_width":false,"enable_desktop_slider":false,"color_scheme":"scheme-35149f58-51d8-43d4-93a2-09ef5d5e5482","image_ratio":"adapt","show_secondary_image":false,"show_vendor":false,"show_rating":false,"enable_quick_add":false,"columns_mobile":"2","swipe_on_mobile":false,"padding_top":36,"padding_bottom":36}},"rich_text_b4FML3":{"type":"rich-text","blocks":{"heading_N3cDRy":{"type":"heading","settings":{"heading":"Stories","heading_size":"h2"}},"text_E7rQJf":{"type":"text","settings":{"text":"<p>be inspired by bridal stories from the world of Nalebe and discover the art behind our signature styles.<\/p>"}}},"block_order":["heading_N3cDRy","text_E7rQJf"],"settings":{"desktop_content_position":"left","content_alignment":"left","color_scheme":"","full_width":true,"padding_top":0,"padding_bottom":8}},"multicolumn_FnxyW3":{"type":"multicolumn","blocks":{"column_crEjRt":{"type":"column","settings":{"image":"shopify:\/\/shop_images\/4_2e533c73-3c6a-4856-811d-00f6677ba6e3.png","img_link":"","title":"Married In Style: Andi Dorfman","text":"","text_shadow":false,"link_label":"Read More","link":"shopify:\/\/blogs\/stories-1","button_style":"tertiary"}},"column_LW3Lh4":{"type":"column","settings":{"image":"shopify:\/\/shop_images\/2_4.png","img_link":"","title":"A Bridal Guide To Destination Weddings","text":"","text_shadow":false,"link_label":"Read More","link":"shopify:\/\/blogs\/stories-1","button_style":"tertiary"}},"column_ULkNTr":{"type":"column","settings":{"image":"shopify:\/\/shop_images\/Untitled_500_x_660_px.png","img_link":"","title":"How To Find Your Perfect Bridal Shoes","text":"","text_shadow":false,"link_label":"Read More","link":"shopify:\/\/blogs\/stories-1","button_style":"tertiary"}}},"block_order":["column_crEjRt","column_LW3Lh4","column_ULkNTr"],"settings":{"title":"","fullwidth":false,"heading_size":"h2","heading_position":"middle_center","image_width":"full","image_ratio":"adapt","text_overlay":false,"content_position":"bottom_left","font_size":16,"columns_desktop":3,"column_alignment":"left","background_style":"none","button_label":"","button_link":"","color_scheme":"scheme-35149f58-51d8-43d4-93a2-09ef5d5e5482","columns_mobile":"1","swipe_on_mobile":false,"padding_top":4,"padding_bottom":0}},"tab_image_with_text_G9tByb":{"type":"tab-image-with-text","blocks":{"image_with_text_T9XPqz":{"type":"image-with-text","settings":{"image":"shopify:\/\/shop_images\/5.png","heading":"Made To Order","heading_size":"h2","caption":"","text_style":"caption-with-letter-spacing","text_size":"small","text":"<p>It is crucial for customers to be in love with their shoes. With our design service , we allow customers to create their dream pair of shoes. Made-To-Order allows clients to select the silhouette, color, fabrication, heel heights of your choosing, with personalised details that make for truly one-of-a-kind designs.<\/p>","text_style_richtext":"body","button_label":"Discover more","button_link":"shopify:\/\/pages\/made-to-order","button_style":"tertiary","menu":""}},"image_with_text_geLMfK":{"type":"image-with-text","disabled":true,"settings":{"image":"shopify:\/\/shop_images\/d-bridal-lp-box12-a.webp","heading":"Book An Appointment","heading_size":"h2","caption":"","text_style":"caption-with-letter-spacing","text_size":"small","text":"<p>Start your bridal journey at Jimmy Choo, request a consultation with a personal stylist in-store or via a virtual appointment. <\/p>","text_style_richtext":"body","button_label":"Discover more","button_link":"shopify:\/\/collections\/nyfw-ss24","button_style":"tertiary","menu":""}}},"block_order":["image_with_text_T9XPqz","image_with_text_geLMfK"],"settings":{"enable_desktop_slider":false,"slider_speed":3,"height":"large","desktop_image_width":"medium","layout":"image_first","desktop_content_position":"middle","desktop_content_alignment":"left","content_layout":"no-overlap","section_color_scheme":"inverse","color_scheme":"scheme-35149f58-51d8-43d4-93a2-09ef5d5e5482","image_behavior":"none","mobile_content_alignment":"left","padding_top":0,"padding_bottom":36}}},"order":["banner","product-grid","video_hero_fKaCgE","rich_text_LE3BCx","multicolumn_BQbn7q","featured_collection_gDx46U","featured_collection_tabs_tLndYp","video_hero_FiDDR9","image_with_product_card_U4M8xM","rich_text_iKqWep","multicolumn_7pByzq","featured_collection_DXhAgN","featured_collection_tabs_KUt8FC","rich_text_b4FML3","multicolumn_FnxyW3","tab_image_with_text_G9tByb"]}