{"sections":{"video_hero_4xG7pi":{"type":"video-hero","blocks":{"video_WbjrjV":{"type":"video","settings":{"video":"shopify:\/\/files\/videos\/Nalebe Nyfw 23 V2 (1).mp4","mobile_video":"shopify:\/\/files\/videos\/Mobile Site HOMEPAGE Video.mp4","enable_video_looping":true,"heading":"New Arrivals","heading_size":"h2","text":"","text_style":"body","menu":"","button_label":"SHOP NOW","button_link":"shopify:\/\/collections\/new-arrivals","button_style_secondary":true,"desktop_content_position":"bottom","desktop_content_alignment":"left"}},"video_iMVThi":{"type":"video","disabled":true,"settings":{"video":"shopify:\/\/files\/videos\/WINTER_23_NARI_AV_TOTE_1920x800_CLEAN_NO_SOUND_6s_d4qyhj.webm","mobile_video":"shopify:\/\/files\/videos\/WINTER_23_NARI_AV_TOTE_600x800_CLEAN_NO_SOUND_6s_tiwokk.webm","enable_video_looping":true,"heading":"Spring  2024","heading_size":"h2","text":"","text_style":"body","menu":"","button_label":"SHOP NOW","button_link":"shopify:\/\/collections\/made-to-order","button_style_secondary":true,"desktop_content_position":"bottom","desktop_content_alignment":"left"}},"video_wrjWMR":{"type":"video","disabled":true,"settings":{"video":"shopify:\/\/files\/videos\/WINTER_23_NARI_AV_TOTE_1920x800_CLEAN_NO_SOUND_6s_d4qyhj.webm","mobile_video":"shopify:\/\/files\/videos\/WINTER_23_NARI_AV_TOTE_600x800_CLEAN_NO_SOUND_6s_tiwokk.webm","enable_video_looping":true,"heading":"Spring  2024","heading_size":"h2","text":"","text_style":"body","menu":"","button_label":"SHOP NOW","button_link":"shopify:\/\/collections\/made-to-order","button_style_secondary":false,"desktop_content_position":"bottom","desktop_content_alignment":"left"}},"video_xB4WTL":{"type":"video","disabled":true,"settings":{"video":"shopify:\/\/files\/videos\/WINTER_23_NARI_AV_TOTE_1920x800_CLEAN_NO_SOUND_6s_d4qyhj.webm","enable_video_looping":true,"heading":"Image with text","heading_size":"h1","text":"<p>Pair text with an image to focus on your chosen product, collection, or blog post. Add details on availability, style, or even provide a review.<\/p>","text_style":"body","menu":"","button_label":"Button label","button_link":"shopify:\/\/collections\/nalebe-x-wonder-woman-collection","button_style_secondary":false,"desktop_content_position":"bottom","desktop_content_alignment":"right"}}},"block_order":["video_WbjrjV","video_iMVThi","video_wrjWMR","video_xB4WTL"],"settings":{"heading":"","heading_size":"h1","full_width":true,"color_scheme":"accent-1","padding_top":0,"padding_bottom":0,"enable_desktop_slider":true,"slider_speed":3}},"featured_collection_tabs_p3qhVQ":{"type":"Featured-collection--tabs","blocks":{"block_wMnLhz":{"type":"block","settings":{"title":"Summer 2024","collection1":"women-summer-collection"}},"block_6andaE":{"type":"block","settings":{"title":"Shop Women","collection1":"women-shoes-sale"}}},"block_order":["block_wMnLhz","block_6andaE"],"settings":{"title":"","heading_size":"h2","products_to_show":8,"columns_desktop":4,"full_width":false,"enable_desktop_slider":true,"color_scheme":"","image_ratio":"square","show_secondary_image":false,"show_vendor":false,"show_rating":false,"enable_quick_add":false,"columns_mobile":"2","swipe_on_mobile":false,"padding_top":36,"padding_bottom":36}},"tab_image_with_text_VGH3E4":{"type":"tab-image-with-text","blocks":{"image_with_text_8kwehB":{"type":"image-with-text","settings":{"image":"shopify:\/\/shop_images\/Nalebe_2919_DRAFT.jpg","heading":"New Arrivals","heading_size":"h1","caption":"","text_style":"subtitle","text_size":"large","text":"<p>The collection evokes the appreciation for visual and elements of art for the one who seeks personable and exceptional styling through distinctive and intriguing footwear that tells a story of transformation through color.<\/p>","text_style_richtext":"body","button_label":"Shop Now","button_link":"shopify:\/\/collections\/new-arrivals","button_style":"tertiary","menu":""}},"image_with_text_j8iccd":{"type":"image-with-text","settings":{"image":"shopify:\/\/shop_images\/Untitled_700_x_300_px_2000_x_833_px_1600_x_600_px_-2.png","heading":"Introducing Made To Order","heading_size":"h1","caption":"","text_style":"caption-with-letter-spacing","text_size":"medium","text":"<p>Made To Order is for the creative individuals that want to design their own custom pair of Nalebe shoes. With a variety of colors, fabrics, and silhouette to choose from.<\/p>","text_style_richtext":"body","button_label":"SHOP NOW","button_link":"shopify:\/\/pages\/made-to-order","button_style":"tertiary","menu":""}},"image_with_text_REkDyw":{"type":"image-with-text","disabled":true,"settings":{"image":"shopify:\/\/shop_images\/2_7ce94536-f46d-4ea9-ace3-c6dfcc4fb03e.jpg","heading":"Nalebe World","heading_size":"h1","caption":"As Seen On","text_style":"subtitle","text_size":"large","text":"<p>From timeless styles to modern designs, our comprehensive collection of pumps is impeccably designed to work for every wardrobe.<\/p>","text_style_richtext":"body","button_label":"DISCOVER MORE","button_link":"shopify:\/\/blogs\/am-solemates-debuts-its-spring-collection-at-nyfw","button_style":"tertiary","menu":""}},"image_with_text_MRgn36":{"type":"image-with-text","disabled":true,"settings":{"image":"shopify:\/\/shop_images\/3_25b0e303-4a34-4f96-9509-430cea37962c.jpg","heading":"Nalebe World","heading_size":"h1","caption":"Our NYFW Events","text_style":"caption-with-letter-spacing","text_size":"medium","text":"<p>Pair text with an image to focus on your chosen product, collection, or blog post. Add details on availability, style, or even provide a review.<\/p>","text_style_richtext":"body","button_label":"Button label","button_link":"","button_style":"primary","menu":""}}},"block_order":["image_with_text_8kwehB","image_with_text_j8iccd","image_with_text_REkDyw","image_with_text_MRgn36"],"settings":{"enable_desktop_slider":true,"slider_speed":3,"height":"small","desktop_image_width":"medium","layout":"image_first","desktop_content_position":"top","desktop_content_alignment":"left","content_layout":"no-overlap","section_color_scheme":"background-1","color_scheme":"scheme-35149f58-51d8-43d4-93a2-09ef5d5e5482","image_behavior":"none","mobile_content_alignment":"left","padding_top":36,"padding_bottom":72}},"multicolumn_NHrBi6":{"type":"multicolumn","blocks":{"column_EJiznH":{"type":"column","settings":{"image":"shopify:\/\/shop_images\/2_3_096c4434-7e86-481e-8ddc-3bdf43f6565c.png","img_link":"shopify:\/\/collections\/pre-fall24-collection","title":"Bestsellers","text":"","text_shadow":false,"link_label":"Shop Now","link":"shopify:\/\/collections\/denim","button_style":"tertiary"}},"column_UqeLKy":{"type":"column","settings":{"image":"shopify:\/\/shop_images\/2_1_83d06b07-bc96-442e-b098-2ec31c613727.png","img_link":"shopify:\/\/collections\/women-summer-collection","title":"Summer 2024","text":"","text_shadow":false,"link_label":"Shop Now","link":"shopify:\/\/collections\/women-summer-collection","button_style":"tertiary"}},"column_e3aBYH":{"type":"column","settings":{"image":"shopify:\/\/shop_images\/3_6831d637-d5cf-416a-b16c-512214a93af1.png","img_link":"shopify:\/\/collections\/pre-fall24-collection","title":"Little Luxuries","text":"","text_shadow":false,"link_label":"Shop Now","link":"shopify:\/\/collections\/nalebe-resort-2024-collection-the-elements","button_style":"tertiary"}}},"block_order":["column_EJiznH","column_UqeLKy","column_e3aBYH"],"settings":{"title":"","fullwidth":true,"heading_size":"h1","heading_position":"middle_left","image_width":"full","image_ratio":"portrait","text_overlay":true,"content_position":"bottom_left","font_size":22,"columns_desktop":3,"column_alignment":"left","background_style":"none","button_label":"","button_link":"","color_scheme":"inverse","columns_mobile":"1","swipe_on_mobile":true,"padding_top":0,"padding_bottom":4}},"video_hero_jQ6pjH":{"type":"video-hero","blocks":{"video_gqkz8c":{"type":"video","disabled":true,"settings":{"video":"shopify:\/\/files\/videos\/WINTER_23_NARI_AV_TOTE_1920x800_CLEAN_NO_SOUND_6s_d4qyhj.webm","enable_video_looping":true,"heading":"Image with text","heading_size":"h1","text":"<p>Pair text with an image to focus on your chosen product, collection, or blog post. Add details on availability, style, or even provide a review.<\/p>","text_style":"body","menu":"","button_label":"Button label","button_link":"shopify:\/\/collections\/nalebe-x-wonder-woman-collection","button_style_secondary":false,"desktop_content_position":"bottom","desktop_content_alignment":"right"}},"video_iBNY6a":{"type":"video","settings":{"video":"shopify:\/\/files\/videos\/Factory Video-2.mp4","mobile_video":"shopify:\/\/files\/videos\/Factory Video- Homepage.mp4","enable_video_looping":true,"heading":"MADE IN  ITALY","heading_size":"h2","text":"<p>Swaroski crystals embeded in the nalebe broach. Creates elegance stands out for 2024<\/p>","text_style":"body","menu":"","button_label":"SHOP NOW","button_link":"shopify:\/\/pages\/made-to-order","button_style_secondary":true,"desktop_content_position":"bottom","desktop_content_alignment":"left"}},"video_zVTcTU":{"type":"video","disabled":true,"settings":{"video":"shopify:\/\/files\/videos\/WINTER_23_NARI_AV_TOTE_1920x800_CLEAN_NO_SOUND_6s_d4qyhj.webm","mobile_video":"shopify:\/\/files\/videos\/WINTER_23_NARI_AV_TOTE_600x800_CLEAN_NO_SOUND_6s_tiwokk.webm","enable_video_looping":true,"heading":"Spring  2024","heading_size":"h2","text":"","text_style":"body","menu":"","button_label":"SHOP NOW","button_link":"shopify:\/\/collections\/made-to-order","button_style_secondary":true,"desktop_content_position":"bottom","desktop_content_alignment":"left"}},"video_g4qr9w":{"type":"video","disabled":true,"settings":{"video":"shopify:\/\/files\/videos\/WINTER_23_NARI_AV_TOTE_1920x800_CLEAN_NO_SOUND_6s_d4qyhj.webm","mobile_video":"shopify:\/\/files\/videos\/WINTER_23_NARI_AV_TOTE_600x800_CLEAN_NO_SOUND_6s_tiwokk.webm","enable_video_looping":true,"heading":"Spring  2024","heading_size":"h2","text":"","text_style":"body","menu":"","button_label":"SHOP NOW","button_link":"shopify:\/\/collections\/made-to-order","button_style_secondary":false,"desktop_content_position":"bottom","desktop_content_alignment":"left"}}},"block_order":["video_gqkz8c","video_iBNY6a","video_zVTcTU","video_g4qr9w"],"settings":{"heading":"","heading_size":"h1","full_width":true,"color_scheme":"accent-1","padding_top":0,"padding_bottom":0,"enable_desktop_slider":true,"slider_speed":3}},"multicolumn_d9QhMU":{"type":"multicolumn","blocks":{"column_kYPb9p":{"type":"column","settings":{"image":"shopify:\/\/shop_images\/1_6a0940c8-e896-47d6-a60c-50dd78109095.jpg","img_link":"shopify:\/\/collections\/bridal-page","title":"Beautiful Bridal","text":"","text_shadow":false,"link_label":"SHOP Now","link":"shopify:\/\/collections\/bridal-page","button_style":"tertiary"}},"column_E3QLfV":{"type":"column","settings":{"image":"shopify:\/\/shop_images\/Untitled_678_x_850_px.png","img_link":"shopify:\/\/collections\/made-to-order","title":"Made To Order","text":"","text_shadow":false,"link_label":"SHOP Now","link":"shopify:\/\/pages\/made-to-order","button_style":"tertiary"}}},"block_order":["column_kYPb9p","column_E3QLfV"],"settings":{"title":"","fullwidth":true,"heading_size":"h1","heading_position":"middle_left","image_width":"full","image_ratio":"square","text_overlay":true,"content_position":"bottom_left","font_size":22,"columns_desktop":2,"column_alignment":"left","background_style":"none","button_label":"","button_link":"","color_scheme":"inverse","columns_mobile":"1","swipe_on_mobile":true,"padding_top":4,"padding_bottom":8}},"featured_collection_tabs_PmXkiz":{"type":"Featured-collection--tabs","blocks":{"block_j7xCzx":{"type":"block","settings":{"title":"RS24 Collection","collection1":"nalebe-resort-2024-collection-the-elements"}},"block_8wQBUV":{"type":"block","settings":{"title":"Shop Women","collection1":"the-croca"}}},"block_order":["block_j7xCzx","block_8wQBUV"],"settings":{"title":"","heading_size":"h2","products_to_show":8,"columns_desktop":4,"full_width":false,"enable_desktop_slider":true,"color_scheme":"","image_ratio":"square","show_secondary_image":false,"show_vendor":false,"show_rating":false,"enable_quick_add":false,"columns_mobile":"2","swipe_on_mobile":false,"padding_top":36,"padding_bottom":12}},"tab_image_with_text_zwgy6X":{"type":"tab-image-with-text","blocks":{"image_with_text_QTAP8Y":{"type":"image-with-text","settings":{"image":"shopify:\/\/shop_images\/2_7ce94536-f46d-4ea9-ace3-c6dfcc4fb03e.jpg","heading":"Nalebe World","heading_size":"h1","caption":"As Seen On...","text_style":"subtitle","text_size":"large","text":"<p><em>Sydney Sweeney wore the dazzling Dimante pumps in a pastel pink during her 80s themed birthday party.<\/em><\/p>","text_style_richtext":"body","button_label":"DISCOVER MORE","button_link":"shopify:\/\/pages\/our-world","button_style":"tertiary","menu":""}},"image_with_text_G4KkBg":{"type":"image-with-text","settings":{"image":"shopify:\/\/shop_images\/1_d0731d5c-ae51-42e3-b812-084f1f66ce51.jpg","heading":"Nalebe World","heading_size":"h1","caption":"Introducing Summer 2024","text_style":"subtitle","text_size":"large","text":"<p><em>This collection incorporates lively colors and custom crystal accents to provide shine within all of the styles.<\/em><\/p>","text_style_richtext":"body","button_label":"DISCOVER MORE","button_link":"shopify:\/\/pages\/our-world","button_style":"tertiary","menu":""}},"image_with_text_NYDFak":{"type":"image-with-text","settings":{"image":"shopify:\/\/shop_images\/3_6.png","heading":"Nalebe World","heading_size":"h1","caption":"Our NYFW Events","text_style":"subtitle","text_size":"medium","text":"<p><em>Nalebe is involved in many events including NYFW. In the fashion week headquarters at Spring Studios, Nalebe displayed an entire collection for influencers, celebrities, editors, and press to view.<\/em><\/p>","text_style_richtext":"body","button_label":"Discover More","button_link":"shopify:\/\/pages\/our-world","button_style":"tertiary","menu":""}}},"block_order":["image_with_text_QTAP8Y","image_with_text_G4KkBg","image_with_text_NYDFak"],"settings":{"enable_desktop_slider":true,"slider_speed":3,"height":"medium","desktop_image_width":"medium","layout":"image_first","desktop_content_position":"middle","desktop_content_alignment":"left","content_layout":"no-overlap","section_color_scheme":"background-1","color_scheme":"scheme-35149f58-51d8-43d4-93a2-09ef5d5e5482","image_behavior":"none","mobile_content_alignment":"left","padding_top":36,"padding_bottom":72}},"multicolumn_7M34JR":{"type":"multicolumn","blocks":{"column_W8hCQd":{"type":"column","settings":{"image":"shopify:\/\/shop_images\/Made-to-order.jpg","img_link":"shopify:\/\/pages\/made-to-order","title":"MADE-TO-ORDER","text":"<p>Craft your dream shoes with a variety of colors and materials.<\/p>","text_shadow":false,"link_label":"DISCOVER MORE","link":"shopify:\/\/pages\/made-to-order","button_style":"tertiary"}},"column_WAykWc":{"type":"column","settings":{"image":"shopify:\/\/shop_images\/2_4b4993a3-9460-48ba-bb12-4ab5d9053ef6.jpg","img_link":"shopify:\/\/pages\/nalebe-perks","title":"REWARD PROGRAM","text":"<p>Discover what rewards are available everytime you shop!<\/p>","text_shadow":false,"link_label":"DISCOVER MORE","link":"shopify:\/\/pages\/nalebe-perks","button_style":"tertiary"}},"column_DTYmHe":{"type":"column","settings":{"image":"shopify:\/\/shop_images\/3_1e36dc83-4784-4131-b16d-477f1127c0ef.jpg","img_link":"shopify:\/\/pages\/sustainability","title":"SUSTAINABILITY EFFORTS","text":"<p>See how Nalebe incorporates sustainability within the brand!<\/p>","text_shadow":false,"link_label":"DISCOVER MORE","link":"shopify:\/\/pages\/sustainability","button_style":"tertiary"}}},"block_order":["column_W8hCQd","column_WAykWc","column_DTYmHe"],"settings":{"title":"EXCLUSIVE SERVICES","fullwidth":false,"heading_size":"h2","heading_position":"middle_center","image_width":"full","image_ratio":"adapt","text_overlay":false,"content_position":"bottom_left","font_size":22,"columns_desktop":3,"column_alignment":"left","background_style":"none","button_label":"","button_link":"","color_scheme":"scheme-35149f58-51d8-43d4-93a2-09ef5d5e5482","columns_mobile":"1","swipe_on_mobile":true,"padding_top":12,"padding_bottom":4}}},"order":["video_hero_4xG7pi","featured_collection_tabs_p3qhVQ","tab_image_with_text_VGH3E4","multicolumn_NHrBi6","video_hero_jQ6pjH","multicolumn_d9QhMU","featured_collection_tabs_PmXkiz","tab_image_with_text_zwgy6X","multicolumn_7M34JR"]}