{"sections":{"main":{"type":"main-page","settings":{"padding_top":16,"padding_bottom":0}},"slideshow_mUKiAP":{"type":"slideshow","blocks":{"slide_kJAAjH":{"type":"slide","settings":{"image":"shopify:\/\/shop_images\/Banner.png","heading":"","heading_size":"h1","subheading":"","button_label":"","link":"","button_style_secondary":false,"box_align":"middle-center","menu":"","button_shadow":false,"show_text_box":false,"text_alignment":"center","image_overlay_opacity":0,"color_scheme":"","text_alignment_mobile":"center"}}},"block_order":["slide_kJAAjH"],"settings":{"layout":"full_bleed","slide_height":"adapt_image","slider_visual":"counter","auto_rotate":false,"change_slides_speed":5,"image_behavior":"none","show_text_below":true,"accessibility_info":""}},"rich_text_K6yQDY":{"type":"rich-text","blocks":{"text_fW9kkc":{"type":"text","settings":{"text":"<h2><strong>WITH OUR WARRANTY CRAFTSMANSHIP COMES GUARANTEED<\/strong><\/h2><p>Exceptional craftsmanship is integral to Jimmy Choo’s brand DNA. Our collection is covered by a full product warranty for 2 years from the date of purchase if your item is subject to a production fault.As part of our ongoing commitment to the circular economy and extending the life of our products, we offer a<a href=\"https:\/\/www.jimmychoo.com\/en\/jc-world\/care-and-repair\/\">repair service<\/a>to clients wishing to restore their favourite pieces.If your product was purchased from our website, one of our boutiques or an authorised Jimmy Choo retailer, simply contact your nearest<a href=\"https:\/\/www.jimmychoo.com\/en\/store-locator\">Jimmy Choo boutique<\/a>or our<a href=\"https:\/\/www.jimmychoo.com\/en\/customer-services\/contact-us.html\">Customers Service Team<\/a>. Please note, your original point of purchase will be able to resolve your query in the most effective way possible.Kindly be aware that our warranty cannot be extended to cover products altered through accidental damage or by a third-party repair company.<\/p>"}}},"block_order":["text_fW9kkc"],"settings":{"desktop_content_position":"center","content_alignment":"center","color_scheme":"","full_width":true,"padding_top":40,"padding_bottom":52}},"multicolumn_cnMwYm":{"type":"multicolumn","blocks":{"column_VMqemY":{"type":"column","settings":{"image":"shopify:\/\/shop_images\/4_1.png","img_link":"","title":"PRODUCT CARE","text":"","text_shadow":false,"link_label":"Read More","link":"","button_style":"primary"}},"column_AdY944":{"type":"column","settings":{"image":"shopify:\/\/shop_images\/1_ab423d40-c855-45a0-a14e-4e1a03bb1e40.png","img_link":"","title":"REPAIR SERVICE","text":"","text_shadow":false,"link_label":"Read More","link":"","button_style":"primary"}}},"block_order":["column_VMqemY","column_AdY944"],"settings":{"title":"","fullwidth":false,"heading_size":"h1","heading_position":"middle_left","image_width":"full","image_ratio":"adapt","text_overlay":false,"content_position":"bottom_left","font_size":16,"columns_desktop":2,"column_alignment":"center","background_style":"none","button_label":"","button_link":"","color_scheme":"","columns_mobile":"1","swipe_on_mobile":false,"padding_top":0,"padding_bottom":0}}},"order":["main","slideshow_mUKiAP","rich_text_K6yQDY","multicolumn_cnMwYm"]}