{"sections":{"slideshow_PjRVzG":{"type":"slideshow","blocks":{"slide_e3iTeE":{"type":"slide","settings":{"image":"shopify:\/\/shop_images\/CarePage.png","image_mob":"shopify:\/\/shop_images\/16.png","heading":"","heading_size":"h1","subheading":"","button_label":"","link":"","button_style_secondary":false,"box_align":"middle-center","menu":"","button_shadow":false,"show_text_box":false,"text_alignment":"center","image_overlay_opacity":0,"color_scheme":"","text_alignment_mobile":"center"}}},"block_order":["slide_e3iTeE"],"settings":{"layout":"full_bleed","slide_height":"adapt_image","slider_visual":"counter","auto_rotate":false,"change_slides_speed":5,"image_behavior":"none","show_text_below":false,"accessibility_info":"Slideshow about our brand"}},"main":{"type":"main-page","settings":{"padding_top":28,"padding_bottom":0}},"rich_text_znnNz9":{"type":"rich-text","blocks":{"text_3f96yF":{"type":"text","disabled":true,"settings":{"text":"<h3>Nalebe Cares was established to focus on three specific areas.These include - Economic Empowerment, Relief Programs and Food bank<\/h3><p>We are driven by a shared vision: a world that upholds the rights of all children and helps everychild thrive. We seek a world of hope, inclusion, and social justice, where poverty has beenovercome and all people live with dignity and security.<\/p><p>Vision & Mission<\/p><p>Share And Send Smiles.<\/p><p>We put women and girls in the center because we know that we cannot overcome poverty until all people have equal rights and opportunities.<\/p><p>Vision <\/p><p>We seek a world of hope, inclusion, and social justice, where poverty has been overcome and all people live with dignity and security. <\/p><p>Mission<\/p><p> works around the globe to save lives, defeat poverty, and achieve social justice.<\/p><h3><\/h3><h3><\/h3>"}}},"block_order":["text_3f96yF"],"settings":{"desktop_content_position":"center","content_alignment":"center","color_scheme":"","full_width":true,"padding_top":8,"padding_bottom":52}}},"order":["slideshow_PjRVzG","main","rich_text_znnNz9"]}