{"sections":{"main":{"type":"main-page","disabled":true,"settings":{"padding_top":28,"padding_bottom":28}},"rich_text_UfY9GB":{"type":"rich-text","blocks":{"text_gGM7dM":{"type":"text","settings":{"text":"<h2>CRAFTSMANSHIP<\/h2>"}}},"block_order":["text_gGM7dM"],"settings":{"desktop_content_position":"center","content_alignment":"center","color_scheme":"","full_width":true,"padding_top":20,"padding_bottom":20}},"video_hero_E8tQce":{"type":"video-hero","blocks":{"video_w8iwxG":{"type":"video","settings":{"video":"shopify:\/\/files\/videos\/Untitled (700 x 300 px) (2000 x 833 px) (1600 x 600 px)-4.mp4","mobile_video":"shopify:\/\/files\/videos\/Craftsmanship Video.mp4","enable_video_looping":true,"heading":"","heading_size":"h1","text":"","text_style":"body","menu":"","button_label":"","button_link":"","button_style_secondary":false,"desktop_content_position":"top","desktop_content_alignment":"left"}}},"block_order":["video_w8iwxG"],"settings":{"heading":"","heading_size":"h1","full_width":true,"color_scheme":"","padding_top":0,"padding_bottom":0,"enable_desktop_slider":false,"slider_speed":3}},"rich_text_wKeneq":{"type":"rich-text","blocks":{"heading_8tAh9f":{"type":"heading","settings":{"heading":"DECADES OF ITALIAN CRAFTSMANSHIP IN SHOE MAKING","heading_size":"h2"}},"text_7W3e4Y":{"type":"text","settings":{"text":"<p>Exceptional craftsmanship is part of Nalebe’s DNA; we take pride in using organic durable materials. Our dedication to time-honoured craftsmanship and innovative design shows in our beautiful shoes.<\/p>"}}},"block_order":["heading_8tAh9f","text_7W3e4Y"],"settings":{"desktop_content_position":"center","content_alignment":"center","color_scheme":"","full_width":true,"padding_top":20,"padding_bottom":0}},"image_with_text_98b6DG":{"type":"image-with-text","blocks":{"heading_caAYTe":{"type":"heading","settings":{"heading":"INNOVATIVE DESIGN","heading_size":"h2"}},"text_8qmR33":{"type":"text","settings":{"text":"<p>Every idea or strategy to improve starts with a problem. Our business idea was born out of a life-changing experience by Amina Means, who sprained her ankle while on a family trip. Means decided to take her infatuation with heels to the next level.<\/p><p>Through In-depth research, visitations with multiple artisans, footwear consultations in Milan Italy - Nalebe was Born in 2018 with one goal - Infuse Comfol with Style in a sustainable manner.<\/p><p><strong>”Each shoe in this collection is finely crafted in Milan with a new and modern take on global aesthetic that communicates community, connection and customer centricity” - Amina Means (Founder\/CD of Nalebe)<\/strong><\/p>","text_style":"body"}}},"block_order":["heading_caAYTe","text_8qmR33"],"settings":{"image":"shopify:\/\/shop_images\/4_7.png","height":"adapt","desktop_image_width":"medium","layout":"text_first","desktop_content_position":"middle","desktop_content_alignment":"center","content_layout":"no-overlap","section_color_scheme":"","color_scheme":"","image_behavior":"none","mobile_content_alignment":"left","padding_top":36,"padding_bottom":16}},"rich_text_pYCidx":{"type":"rich-text","blocks":{"heading_YRxkQr":{"type":"heading","settings":{"heading":"","heading_size":"h2"}},"text_KqRWq7":{"type":"text","settings":{"text":"<h2>MADE IN MILAN ITALY<\/h2>"}}},"block_order":["heading_YRxkQr","text_KqRWq7"],"settings":{"desktop_content_position":"center","content_alignment":"center","color_scheme":"","full_width":true,"padding_top":0,"padding_bottom":0}},"image_with_text_gDnLPQ":{"type":"image-with-text","blocks":{"text_zmCGg9":{"type":"text","settings":{"text":"<p>Nalebe Footwear is made  in one of the oIdest houses known for quality footwear in - Milan Italy.<\/p><p>The Factory has been in operation since the 1984, every detail of our footwear is Hand made by our Italian Artisans!<\/p><p>We are partnered  with  two Factories  in Milan Italy, One Factory in the City hub <br\/>in  Milan Italy and the other in the beautiful city of Parabiago, Mil<em>a<\/em>n.<\/p>","text_style":"body"}}},"block_order":["text_zmCGg9"],"settings":{"image":"shopify:\/\/shop_images\/3.png","height":"medium","desktop_image_width":"medium","layout":"image_first","desktop_content_position":"middle","desktop_content_alignment":"left","content_layout":"no-overlap","section_color_scheme":"","color_scheme":"","image_behavior":"none","mobile_content_alignment":"left","padding_top":36,"padding_bottom":0}},"image_with_text_4TYtQV":{"type":"image-with-text","blocks":{"heading_YQDtgY":{"type":"heading","settings":{"heading":"<strong>OUR WHY<\/strong>","heading_size":"h2"}},"text_yURWtY":{"type":"text","settings":{"text":"<p><strong>“I started Nalebe because there was a huge gap in the footwear industry in which most beautiful shoes were only Beautiful\" the technical specifications of the shoes<br\/>were never made to be<br\/>COMFORTABLE” (Amina Means, Founder).<\/strong><\/p><p>Other Unique factors that bring Nalebe to life include - Our signature design elements which draws inspiration from cultural references, anisanal craftsmanship, Inclusivity. We design styles for all races to match their skin tone to their shoes. Another big pan of our uniqueness is our superior quality service we provide through our products and interactions with our customer. Nalebe has successfully built a community around our business of loyal customers because of the quality of our products and services.<\/p>","text_style":"body"}}},"block_order":["heading_YQDtgY","text_yURWtY"],"settings":{"image":"shopify:\/\/shop_images\/Craftmanship_Page-_on_Website.png","height":"adapt","desktop_image_width":"medium","layout":"image_first","desktop_content_position":"middle","desktop_content_alignment":"center","content_layout":"no-overlap","section_color_scheme":"","color_scheme":"","image_behavior":"none","mobile_content_alignment":"left","padding_top":36,"padding_bottom":0}},"image_with_text_jQjERb":{"type":"image-with-text","blocks":{"heading_c86qzc":{"type":"heading","settings":{"heading":"<strong>Signature <\/strong>Design Elements","heading_size":"h2"}},"text_DRGpUf":{"type":"text","settings":{"text":"<ul><li>Infuse <strong>novelty focused details<\/strong> into timeless pieces (Today’s fashion mixed with tomorrow’s need) <\/li><li><strong>Expressive<\/strong> – Our shoes create shared experiences through design (conversation starters) <\/li><li>Interpret <strong>cultural references<\/strong> into modern wearable art  <strong>Form and Function<\/strong>  <\/li><li>Ability to consistently deliver Superior quality in a unique and special way every season (Our shoes offer a <strong>fresh perspective<\/strong> every season) <\/li><li>Balancing <strong>comfort with creativity<\/strong> (Easily recognizable) <\/li><\/ul>","text_style":"body"}}},"block_order":["heading_c86qzc","text_DRGpUf"],"settings":{"image":"shopify:\/\/shop_images\/1_2.png","height":"adapt","desktop_image_width":"medium","layout":"text_first","desktop_content_position":"middle","desktop_content_alignment":"center","content_layout":"no-overlap","section_color_scheme":"","color_scheme":"","image_behavior":"none","mobile_content_alignment":"left","padding_top":36,"padding_bottom":36}},"rich_text_4ERMGV":{"type":"rich-text","blocks":{"heading_ePTrbA":{"type":"heading","settings":{"heading":"MADE-TO-ORDER","heading_size":"h2"}},"text_HbdCQ4":{"type":"text","settings":{"text":"<p>it is crucial for our customers to be in love with their shoes. With our design service, we allow customers to create their dream pair of shoes. Made-to-Order allows clients to select the silhouette, colour, fabrication, heel heights of your choosing, with personalised details that make for truly one-of-a-kind designs.<\/p>"}}},"block_order":["heading_ePTrbA","text_HbdCQ4"],"settings":{"desktop_content_position":"center","content_alignment":"center","color_scheme":"","full_width":true,"padding_top":0,"padding_bottom":24}},"multicolumn_bPfpMc":{"type":"multicolumn","blocks":{"column_9bdLAU":{"type":"column","settings":{"image":"shopify:\/\/shop_images\/3CollectionGrid_1.png","img_link":"","title":"","text":"","text_shadow":true,"link_label":"","link":"shopify:\/\/pages\/care-repair","button_style":"tertiary"}},"column_qpXxPa":{"type":"column","settings":{"image":"shopify:\/\/shop_images\/3CollectionGrid.png","img_link":"","title":"","text":"","text_shadow":true,"link_label":"","link":"shopify:\/\/pages\/care-repair","button_style":"tertiary"}},"column_BWYweF":{"type":"column","settings":{"image":"shopify:\/\/shop_images\/3CollectionGrid_2.png","img_link":"","title":"","text":"","text_shadow":true,"link_label":"","link":"","button_style":"tertiary"}}},"block_order":["column_9bdLAU","column_qpXxPa","column_BWYweF"],"settings":{"title":"","fullwidth":true,"heading_size":"h1","heading_position":"middle_center","image_width":"full","image_ratio":"portrait","text_overlay":true,"content_position":"bottom_left","font_size":16,"columns_desktop":3,"column_alignment":"left","background_style":"none","button_label":"","button_link":"","color_scheme":"inverse","columns_mobile":"1","swipe_on_mobile":true,"padding_top":0,"padding_bottom":0}},"multicolumn_VxB6aN":{"type":"multicolumn","blocks":{"column_hF6EDP":{"type":"column","settings":{"image":"shopify:\/\/shop_images\/d-jc-world-care-repair.webp","img_link":"","title":"Care and Repair","text":"","text_shadow":true,"link_label":"Discover More","link":"shopify:\/\/pages\/care-repair","button_style":"tertiary"}},"column_tnVVNU":{"type":"column","settings":{"image":"shopify:\/\/shop_images\/square-product-care.webp","img_link":"","title":"Product Care","text":"","text_shadow":true,"link_label":"Discover More","link":"shopify:\/\/pages\/care-repair","button_style":"tertiary"}},"column_8WXyfF":{"type":"column","settings":{"image":"shopify:\/\/shop_images\/square-warranty.webp","img_link":"","title":"Warranty","text":"","text_shadow":true,"link_label":"Discover More","link":"shopify:\/\/pages\/care-repair","button_style":"tertiary"}}},"block_order":["column_hF6EDP","column_tnVVNU","column_8WXyfF"],"disabled":true,"settings":{"title":"","fullwidth":true,"heading_size":"h1","heading_position":"middle_center","image_width":"full","image_ratio":"portrait","text_overlay":true,"content_position":"bottom_left","font_size":16,"columns_desktop":3,"column_alignment":"left","background_style":"none","button_label":"","button_link":"","color_scheme":"inverse","columns_mobile":"1","swipe_on_mobile":false,"padding_top":0,"padding_bottom":0}},"featured_collection_bx3qPq":{"type":"featured-collection","settings":{"title":"SHOES- HIGHLIGHTS","heading_size":"h2","description":"","show_description":false,"description_style":"body","collection":"made-to-order-1","products_to_show":9,"columns_desktop":4,"full_width":false,"show_view_all":false,"view_all_style":"solid","enable_desktop_sliderassas":false,"color_scheme":"","image_ratio":"square","image_shape":"default","show_secondary_image":false,"show_vendor":false,"show_rating":false,"enable_quick_add":false,"columns_mobile":"2","swipe_on_mobile":false,"padding_top":36,"padding_bottom":36}},"tab_image_with_text_aLGf7d":{"type":"tab-image-with-text","blocks":{"image_with_text_MCb4VR":{"type":"image-with-text","settings":{"image":"shopify:\/\/shop_images\/d-craftsmanship-jc-world-crystal-slipper.webp","heading":"","heading_size":"h1","caption":"","text_style":"caption-with-letter-spacing","text_size":"medium","text":"<h1>JC World<\/h1><h2>The Crystal Slipper<\/h2><p>The ultimate fairytale shoe, The Crystal Slipper is meticulously crafted with hand-applied Swarovski crystals, bringing fantasy and magic to every step.  <\/p>","text_style_richtext":"body","button_label":"Discover More","button_link":"shopify:\/\/pages\/nalebe-experience-1","button_style":"tertiary","menu":""}},"image_with_text_3FBTLr":{"type":"image-with-text","settings":{"image":"shopify:\/\/shop_images\/gb-hp-jc-world-flower-series.webp","heading":"","heading_size":"h1","caption":"","text_style":"caption-with-letter-spacing","text_size":"medium","text":"<h1>JC World<\/h1><h2>Jimmy Choo Unveils The Flower Series<\/h2><p>Jimmy Choo is proud to announce The Flower Series, an exclusive capsule comprising spectacular pieces created in collaboration with renowned embroidery house, Les Ateliers Vermont <\/p>","text_style_richtext":"body","button_label":"Discover more","button_link":"shopify:\/\/pages\/care-repair","button_style":"primary","menu":""}},"image_with_text_jt3HRq":{"type":"image-with-text","settings":{"image":"shopify:\/\/shop_images\/gb-hp-box6-b.webp","heading":"","heading_size":"h1","caption":"","text_style":"caption-with-letter-spacing","text_size":"medium","text":"<h1>JC World<\/h1><h2>The Icons<\/h2><p>A celebration of exceptional craftsmanship, sumptuous materials and daring design. <\/p><h2><\/h2>","text_style_richtext":"body","button_label":"Discover More","button_link":"shopify:\/\/pages\/climate-action","button_style":"primary","menu":""}}},"block_order":["image_with_text_MCb4VR","image_with_text_3FBTLr","image_with_text_jt3HRq"],"disabled":true,"settings":{"enable_desktop_slider":false,"slider_speed":3,"height":"adapt","desktop_image_width":"medium","layout":"image_first","desktop_content_position":"top","desktop_content_alignment":"left","content_layout":"no-overlap","section_color_scheme":"background-1","color_scheme":"scheme-35149f58-51d8-43d4-93a2-09ef5d5e5482","image_behavior":"none","mobile_content_alignment":"left","padding_top":36,"padding_bottom":36}}},"order":["main","rich_text_UfY9GB","video_hero_E8tQce","rich_text_wKeneq","image_with_text_98b6DG","rich_text_pYCidx","image_with_text_gDnLPQ","image_with_text_4TYtQV","image_with_text_jQjERb","rich_text_4ERMGV","multicolumn_bPfpMc","multicolumn_VxB6aN","featured_collection_bx3qPq","tab_image_with_text_aLGf7d"]}