{"sections":{"main":{"type":"main-page","settings":{"padding_top":28,"padding_bottom":16}},"collapsible_content_69J34b":{"type":"collapsible-content","blocks":{"collapsible_row_CUdimV":{"type":"collapsible_row","settings":{"heading":"Collapsible row","icon":"none","row_content":"","page":""}},"collapsible_row_CJzFgj":{"type":"collapsible_row","settings":{"heading":"Collapsible row","icon":"none","row_content":"","page":""}},"collapsible_row_hPTWYp":{"type":"collapsible_row","settings":{"heading":"Collapsible row","icon":"none","row_content":"","page":""}},"collapsible_row_H3fJmR":{"type":"collapsible_row","settings":{"heading":"Collapsible row","icon":"none","row_content":"","page":""}}},"block_order":["collapsible_row_CUdimV","collapsible_row_CJzFgj","collapsible_row_hPTWYp","collapsible_row_H3fJmR"],"disabled":true,"settings":{"caption":"","heading":"PLACING AN ORDER","heading_size":"h2","heading_alignment":"center","layout":"none","color_scheme":"","container_color_scheme":"","open_first_collapsible_row":false,"image_ratio":"adapt","desktop_layout":"image_second","padding_top":0,"padding_bottom":36}},"slideshow_DzBfjw":{"type":"slideshow","blocks":{"slide_qedL7q":{"type":"slide","settings":{"image":"shopify:\/\/shop_images\/Untitled_700_x_300_px_2000_x_833_px_1600_x_600_px_-3_1.png","image_mob":"shopify:\/\/shop_images\/1_9.png","heading":"","heading_size":"h1","subheading":"","button_label":"","link":"","button_style_secondary":false,"box_align":"middle-center","menu":"","button_shadow":false,"show_text_box":false,"text_alignment":"center","image_overlay_opacity":0,"color_scheme":"","text_alignment_mobile":"center"}}},"block_order":["slide_qedL7q"],"settings":{"layout":"full_bleed","slide_height":"adapt_image","slider_visual":"counter","auto_rotate":false,"change_slides_speed":5,"image_behavior":"none","show_text_below":false,"accessibility_info":"Slideshow about our brand"}},"rich_text_wfKDMY":{"type":"rich-text","blocks":{"text_aTVe47":{"type":"text","settings":{"text":"<p>Nalebe is a global luxury footwear brand founded on classic design, artisanal craftsmanship with sustainability at the core. Amina Means’sbrand personifies her romantic sensibility, artistic indulgence and exquisite innovations. Her designs have become a must-have for celebrities,fashion influencers, and women making their mark on the world.<\/p><p>Nalebe was founded by Amina Means with the goal of providing sustainable comfortable shoes, infusing style with comfort in a sustainable manner.<\/p><p>Amina Means serves as the Creative Director who hand sketches and designs every shoe ever produced by the brand. In 2018, they launchedthe brand’s first Footwear collection at New York Fashion Week. With a Follow up Fashion exhibition at Los Angeles Fashion Week.Today, Nalebe is making a mark in the Footwear Industry, with innovative tech-forward Footwear designs that have grabbed the attention ofmany at respective pop up shops.<\/p><p>Amina Means has become a role model for a rising generation of millennial female entrepreneurs around the world, As the Founder of the Nonprofit \"Nalebe Cares Foundation\" that seeks economic empowerment through entrepreneurship and Social Responsibility.Nalebe has seen remarkable expansion since launch, As the company moves into the Retail and wholesale space there is so much toanticipate as the footwear company releases more innovative designs.<\/p><p>Our shoes are made with Quality Leather and Handcrafted by Artisans in Italy, every single detail is scripted by our Production Team.Our goal is not only to make shoes but to create an experience for the many lovers of our brand<br\/><\/p><ul><li>Your Life and Career at NALEBE:<\/li><li>Be a part of a team of disruptors focused on redefining the luxury experience.<\/li><li>Exposure to rewarding career advancement opportunities.<\/li><li>A culture that promotes a healthy, fulfilling work\/life balance<\/li><li>Benefits package for all eligible full-time associates (including medical, vision and dental)<\/li><\/ul>"}}},"block_order":["text_aTVe47"],"settings":{"desktop_content_position":"center","content_alignment":"center","color_scheme":"","full_width":true,"padding_top":40,"padding_bottom":52}}},"order":["main","collapsible_content_69J34b","slideshow_DzBfjw","rich_text_wfKDMY"]}