{"sections":{"main":{"type":"main-page","settings":{"padding_top":28,"padding_bottom":0}},"slideshow_gMpHBL":{"type":"slideshow","blocks":{"slide_mh8J8D":{"type":"slide","settings":{"image":"shopify:\/\/shop_images\/Untitled_678_x_850_px_-3.png","heading":"","heading_size":"h1","subheading":"","paragraph":"","button_label":"","link":"","button_style_secondary":false,"box_align":"middle-center","menu":"","button_shadow":false,"show_text_box":false,"text_alignment":"center","image_overlay_opacity":0,"color_scheme":"","text_alignment_mobile":"center"}}},"block_order":["slide_mh8J8D"],"settings":{"layout":"full_bleed","slide_height":"medium","slider_visual":"counter","auto_rotate":false,"change_slides_speed":5,"image_behavior":"none","show_text_below":false,"accessibility_info":"Slideshow about our brand"}},"collapsible_content_ciytLi":{"type":"collapsible-content","blocks":{"collapsible_row_eR3cX8":{"type":"collapsible_row","settings":{"heading":"1. DO I NEED TO CREATE A NALEBE ACCOUNT TO PLACE AN ORDER?","icon":"none","row_content":"<p>You do not need to create an account to make a purchase. However, we recommend that you setup a Nalebe account to enjoy the benefits of managing your account which includes saving your payment information, address details and reviewing your order history<\/p>","page":""}},"collapsible_row_Kp7Y9i":{"type":"collapsible_row","settings":{"heading":"2. WHAT SIZE SHOULD I CHOOSE?","icon":"none","row_content":"<p>Nalebe shoes come in Italian sizing and are true to size. Please refer to our <a href=\"\/pages\/size-chart-2\" title=\"Size Chart (International Size Conversion)\">size guide<\/a> for further information. This information is also available on the individual product pages.<\/p>","page":""}},"collapsible_row_pNdcxr":{"type":"collapsible_row","settings":{"heading":"3. HOW DO I PLACE AN ORDER ON NALEBEOFFICIAL.COM?","icon":"none","row_content":"<p>To place an order simply follow these steps:<\/p><p><strong>Browse: <\/strong>Browse through our product categories and view more details on each product page.<\/p><p><strong>Select: <\/strong>Select your size and color (if the option is available) and add your chosen item to yourshopping bag by clicking on the ‘BUY’ button.<\/p><p><strong>Review before purchasing: <\/strong>Review the items you have selected by clicking on your shopping bag displayed as <strong>‘BAG’ at the top of any page<\/strong>. To delete an item from your shopping bag, click on the‘ DELETE' next to the item.<\/p><p><strong>Purchase:<\/strong> Finalize your purchase by clicking on ‘CHECKOUT’ and following the instructions forproviding your shipping address and payment information<\/p>","page":""}},"collapsible_row_7eqQ9h":{"type":"collapsible_row","settings":{"heading":"4. CAN I RETURN A PRODUCT?","icon":"none","row_content":"<p>You can return any product purchased on Nalebeofficial.com and receive a new Exchange or Refund (Sales products are eligible for Exchanges Only). Shipping for returns is free of charge. You must ship the product you intend to Exchange\/Return within 14 days from the date of delivery. Products cannot be returned after 14days from the date of delivery. REFUND POLICY - Refunds are processed with 5 - 7 Business days<\/p>","page":""}},"collapsible_row_4iUNEb":{"type":"collapsible_row","settings":{"heading":"5. HOW WILL I KNOW THAT MY ORDER HAS BEEN PLACED SUCCESSFULLY?","icon":"none","row_content":"<p>After you place your order, you will receive an email confirmation. Once the details have been verified, your order will be accepted, and the item will then be dispatched.<\/p>","page":""}},"collapsible_row_fHXEx7":{"type":"collapsible_row","settings":{"heading":"6. HOW DO I KNOW IF AN ITEM IS IN STOCK?","icon":"none","row_content":"<p>You can see which sizes are available in either of 2 ways. You can choose the category of product you are interested in and filter to display by size. The other way is to go to the detailed information page of each product where available sizes are displayed<\/p>","page":""}},"collapsible_row_9WpBbQ":{"type":"collapsible_row","settings":{"heading":"7. CAN I CHANGE MY DELIVERY ADDRESS ONCE THE ORDER HAS BEEN PLACED?","icon":"none","row_content":"<p>At Nalebe we make every effort to ensure that orders placed with our online store are processed as soon as possible. So, as soon as an order is placed and authorized, the order information is sent to our fulfillment department for processing. Once the order information is sent for processing, changes can take time so please contact our customer service <a href=\"mailto:Info@nalebeofficial.com\" target=\"_blank\" title=\"mailto:Info@nalebeofficial.com\">Info@nalebeofficial.com<\/a><\/p>","page":""}},"collapsible_row_Fh7f4P":{"type":"collapsible_row","settings":{"heading":"8. CAN I CHANGE MY ORDER ONCE IT HAS BEEN PLACED?","icon":"none","row_content":"<p>If you wish to change your order after it has been placed, please contact Info@Nalebeofficial.com Customer Service. We make every effort to ensure that orders placed with our online store are processed as soon as possible. So, as soon as an order is placed and authorized, the order information is sent to our fulfillment department for processing. We will make every attempt to help you change your order if it's within 24 Hours of purchase before it's shipped out. We offer free returns, so if it is too late to change your order, you can simply send it back to us<\/p>","page":""}},"collapsible_row_4VADjw":{"type":"collapsible_row","settings":{"heading":"9. CAN I ADD AN ITEM TO AN EXISTING ORDER?","icon":"none","row_content":"<p>We cannot add a product to an order or combine two orders in the same delivery after the order has been placed on our website. If you would like to add an item to your order, simply place a new order for the item<\/p>","page":""}},"collapsible_row_GJCj4d":{"type":"collapsible_row","settings":{"heading":"10. CAN I INCLUDE A MESSAGE WITH MY ORDER?","icon":"none","row_content":"<p>Yes. You can send any purchase as a gift simply by selecting the gift tab during checkout. This option of a gift card is only available during festive seasons and holidays When you select your purchase as a gift, you can include a message that will be printed on a gift card. The card will be placed in an envelope inside the box. The box will be enclosed with a gift ribbon. No price will be included in gift orders, for orders shipped to other countries, the price of the item will be indicated in the packing slip enclosed in the parcel as this is required for customs<\/p>","page":""}},"collapsible_row_dM7NkM":{"type":"collapsible_row","settings":{"heading":"11. CAN I HAVE MY ORDER WRAPPED ? THIS OPTION IS ONLY AVAILABLE DURING THE HOLIDAYS","icon":"none","row_content":"<p>When you purchase an item as a gift, it is wrapped with gift ribbon around the Nalebe product box. You can also include a personalized gift card in the parcel, by indicating a personal message during checkout. Gift Wrapping is free. The price of the product will not be visible on the packaging, except for gifts sent to Canada, China, Japan, Switzerland, Norway, the United Arab Emirates and Hong Kong, where the prices of the products must be visible on the invoice Please reach out to us for custom requests at <a href=\"mailto:Info@nalebeofficial.com\" target=\"_blank\" title=\"mailto:Info@nalebeofficial.com\">Info@nalebeofficial.com<\/a><\/p>","page":""}},"collapsible_row_eekkDU":{"type":"collapsible_row","settings":{"heading":"12. CAN I PURCHASE A GIFT VOUCHER?","icon":"none","row_content":"<p>Yes, you can do this or contact us directly<\/p>","page":""}},"collapsible_row_xaWKxC":{"type":"collapsible_row","settings":{"heading":"13. HOW CAN I CHECK THE STATUS OF MY ORDER?","icon":"none","row_content":"<p>You can check your order status at any time by logging in to the Account page<\/p>","page":""}},"collapsible_row_7EWtdM":{"type":"collapsible_row","settings":{"heading":"14. CAN I EXCHANGE A PRODUCT?","icon":"none","row_content":"<p>You can change size, without changing the model and color. You can also exchange items with ones that are different from the item purchased originally as long as the price is the same. This is subject to availability<\/p>","page":""}},"collapsible_row_wyDNTH":{"type":"collapsible_row","settings":{"heading":"15. CAN I RETURN AN ITEM I RECEIVED AS A GIFT?","icon":"none","row_content":"<p>Yes. A return of an item purchased as a gift will result in an Exchange. If you receive an item as a gift and wish to return it, simply follow the instructions on how to ship the item back, it is very easy and return shipping is free<\/p>","page":""}},"collapsible_row_484Tqi":{"type":"collapsible_row","settings":{"heading":"16. WHAT IS THE “AS NEW” CONDITION?","icon":"none","row_content":"<p>Items returned to us need to be 100% ‘as new’. This means they cannot be worn except to try on, and they cannot have any scratches on any part of the uppers or soles, have any dirt, scuff marks or excessive wrinkles. We suggest that when you are trying on shoes before you’ve decided to keep them, you only walk on carpets in order to protect the soles of the shoes. Items that are not ‘as new’ will not be accepted for return, and will be returned to you<\/p>","page":""}},"collapsible_row_XR4MDC":{"type":"collapsible_row","settings":{"heading":"17. CAN I REMOVE THE TAGS?","icon":"none","row_content":"<p>Tags affixed to products must not be removed if you plan to return your purchase(s). If the tags are removed, the products will not be accepted for exchange<\/p>","page":""}}},"block_order":["collapsible_row_eR3cX8","collapsible_row_Kp7Y9i","collapsible_row_pNdcxr","collapsible_row_7eqQ9h","collapsible_row_4iUNEb","collapsible_row_fHXEx7","collapsible_row_9WpBbQ","collapsible_row_Fh7f4P","collapsible_row_4VADjw","collapsible_row_GJCj4d","collapsible_row_dM7NkM","collapsible_row_eekkDU","collapsible_row_xaWKxC","collapsible_row_7EWtdM","collapsible_row_wyDNTH","collapsible_row_484Tqi","collapsible_row_XR4MDC"],"settings":{"caption":"","heading":"Place An Order","heading_size":"h2","heading_alignment":"left","layout":"none","color_scheme":"","container_color_scheme":"","open_first_collapsible_row":false,"image_ratio":"adapt","desktop_layout":"image_second","padding_top":36,"padding_bottom":0}},"collapsible_content_yqbXUV":{"type":"collapsible-content","blocks":{"collapsible_row_wpKYpz":{"type":"collapsible_row","settings":{"heading":"1. RETURNS RECEIPT CONFIRMATION POLICY?","icon":"none","row_content":"<p>When we receive your returned merchandise back to our Returns Center, we will inspect the products to make sure they are in “as new” condition. You will receive an email that the return was received and an Exchange email confirmation would be sent.<\/p><p><em>Please allow up to 5-7 business days for us to process your return<\/em><\/p>","page":""}},"collapsible_row_pHwMTM":{"type":"collapsible_row","settings":{"heading":"2. EXCHANGE CONFIRMATION","icon":"none","row_content":"<p>When we receive your returned merchandise back to our Returns Center, we will inspect the products to make sure they are in “as new” condition. You will receive an email that the return was received and an Exchange would be resent free.<\/p>","page":""}},"collapsible_row_fa7Y7F":{"type":"collapsible_row","settings":{"heading":"3. I CANNOT FIND A RETURN LABEL IN MY PARCEL?","icon":"none","row_content":"<p>We cover the return shipping fee if it's within the 14 days timeline of delivery. A free return label can be printed out from your account page<\/p>","page":""}},"collapsible_row_wP3mkd":{"type":"collapsible_row","settings":{"heading":"4. SALE ITEMS","icon":"none","row_content":"<p>All Sale Items are Final sale and only eligible for exchanges. Please reach out to us with any questions prior to purchasing sale Items<\/p>","page":""}}},"block_order":["collapsible_row_wpKYpz","collapsible_row_pHwMTM","collapsible_row_fa7Y7F","collapsible_row_wP3mkd"],"settings":{"caption":"","heading":"Returns","heading_size":"h2","heading_alignment":"left","layout":"none","color_scheme":"","container_color_scheme":"","open_first_collapsible_row":false,"image_ratio":"adapt","desktop_layout":"image_second","padding_top":32,"padding_bottom":32}},"collapsible_content_b9NkNU":{"type":"collapsible-content","blocks":{"collapsible_row_hwPTDT":{"type":"collapsible_row","settings":{"heading":"1. CAN I COMBINE DISCOUNT CODES?","icon":"none","row_content":"<p>Discount codes cannot be combined on purchases, the higher discount will apply. For already discounted products, Automatic discounts will not apply.<\/p>","page":""}},"collapsible_row_3N6d8d":{"type":"collapsible_row","settings":{"heading":"2. WHAT PAYMENT METHODS ARE ACCEPTED?","icon":"none","row_content":"<p>We accept payments by Credit\/Debit Card, PayPal and Bank Transfer and other payment methods listed on our website<\/p>","page":""}},"collapsible_row_gbBLcq":{"type":"collapsible_row","settings":{"heading":"3. IS IT SAFE TO USE MY CREDIT CARD?","icon":"none","row_content":"<p>The security of your payment details is a top priority for us. To ensure that your shopping experience is safe, simple and secure, Nalebe uses Secure Socket Layer (SSL) technology provided by Verisign to protect the data you send us over the internet. All credit card transactions on this site are processed using a secure online payment gateway which encrypts your card details in a secure host environment.<\/p><p><strong>IF YOU HAVE ANY QUESTIONS REGARDING THE USE OF YOUR CREDIT CARD, PLEASECONTACT NALEBE CUSTOMER SERVICE AT <\/strong><a href=\"mailto:INFO@NALEBEOFFICIAL.COM\" target=\"_blank\" title=\"mailto:INFO@NALEBEOFFICIAL.COM\"><strong>INFO@NALEBEOFFICIAL.COM<\/strong><\/a><\/p>","page":""}},"collapsible_row_QxrHqt":{"type":"collapsible_row","settings":{"heading":"4. IS SAVING MY CARD SECURE?","icon":"none","row_content":"<p>You have the option to save your credit card details in ‘my account’, if you have created a personal account by registering on the store. Selecting this option allows you to check out more quickly the next time you place an order with us. Our site features state-of-the-art security systems to encrypt and manage your payment details<\/p><p><strong>If you prefer not to save your payment details in ‘my account’, you can delete all stored payment details at any time, directly in the “Payment Info” page.<\/strong><\/p><p><strong>PLEASE SEE OUR PRIVACY POLICY FOR FURTHER INFORMATION<\/strong>.<\/p>","page":""}},"collapsible_row_D49VRM":{"type":"collapsible_row","settings":{"heading":"5. IS MY PERSONAL INFORMATION KEPT PRIVATE?","icon":"none","row_content":"<p>At Nalebe by Amina Means all the information you provide to us is kept private and confidential and is used only for purposes that you approve. Please see our Privacy Policy for further information. <\/p>","page":""}},"collapsible_row_B6fxBV":{"type":"collapsible_row","settings":{"heading":"6. WHEN WILL I BE CHARGED FOR MY PURCHASE?","icon":"none","row_content":"<p>Your credit card or PayPal account will be charged immediately your order is processed. You will get a shipping confirmation email as soon as the order is shipped and you were debited for the order. Prior to confirming your order, the amount authorized for the purchase will be reserved on your credit card or PayPal account.<\/p>","page":""}}},"block_order":["collapsible_row_hwPTDT","collapsible_row_3N6d8d","collapsible_row_gbBLcq","collapsible_row_QxrHqt","collapsible_row_D49VRM","collapsible_row_B6fxBV"],"settings":{"caption":"","heading":"Payments","heading_size":"h2","heading_alignment":"left","layout":"none","color_scheme":"scheme-35149f58-51d8-43d4-93a2-09ef5d5e5482","container_color_scheme":"background-2","open_first_collapsible_row":false,"image_ratio":"adapt","desktop_layout":"image_second","padding_top":0,"padding_bottom":36}}},"order":["main","slideshow_gMpHBL","collapsible_content_ciytLi","collapsible_content_yqbXUV","collapsible_content_b9NkNU"]}