{"sections":{"slideshow_aeBPpf":{"type":"slideshow","blocks":{"slide_79XcwM":{"type":"slide","settings":{"image":"shopify:\/\/shop_images\/d-manifesto-summer-23.webp","image_mob":"shopify:\/\/shop_images\/m-manifesto-summer-23.webp","heading":"","heading_size":"h1","subheading":"","button_label":"","link":"","button_style_secondary":false,"box_align":"middle-center","show_text_box":false,"text_alignment":"center","image_overlay_opacity":0,"color_scheme":"","text_alignment_mobile":"center"}}},"block_order":["slide_79XcwM"],"settings":{"layout":"full_bleed","slide_height":"medium","slider_visual":"counter","auto_rotate":false,"change_slides_speed":5,"image_behavior":"none","show_text_below":true,"accessibility_info":"Slideshow about our brand"}},"main":{"type":"main-page","settings":{"padding_top":28,"padding_bottom":28}},"featured_collection_LhVckJ":{"type":"featured-collection","settings":{"title":"","heading_size":"h2","description":"","show_description":false,"description_style":"body","collection":"meet-yanga","products_to_show":11,"columns_desktop":4,"full_width":false,"show_view_all":false,"view_all_style":"solid","enable_desktop_sliderassas":false,"color_scheme":"","image_ratio":"adapt","image_shape":"default","show_secondary_image":false,"show_vendor":false,"show_rating":false,"enable_quick_add":false,"columns_mobile":"2","swipe_on_mobile":false,"padding_top":36,"padding_bottom":36}}},"order":["slideshow_aeBPpf","main","featured_collection_LhVckJ"]}