{"sections":{"main":{"type":"main-page","disabled":true,"settings":{"padding_top":28,"padding_bottom":28}},"video_hero_MPLpaF":{"type":"video-hero","blocks":{"video_kx9AAq":{"type":"video","settings":{"video":"shopify:\/\/files\/videos\/gb-gifts-hero_ihtfdk.webm","mobile_video":"shopify:\/\/files\/videos\/gifts-m-hero_aktlmw.webm","enable_video_looping":true,"heading":"Gifts For Her","heading_size":"h1","text":"","text_style":"body","menu":"","button_label":"Shop Now","button_link":"shopify:\/\/collections\/all-gifts-for-her","button_style_secondary":true,"desktop_content_position":"middle","desktop_content_alignment":"left"}}},"block_order":["video_kx9AAq"],"settings":{"heading":"","heading_size":"h1","full_width":true,"color_scheme":"inverse","padding_top":0,"padding_bottom":0,"enable_desktop_slider":false,"slider_speed":3}},"multicolumn_Pebdke":{"type":"multicolumn","blocks":{"column_xVCten":{"type":"column","settings":{"image":"shopify:\/\/shop_images\/gb-gifts-box1.webp","title":"The Icons","text":"","text_shadow":true,"link_label":"Shop Now","link":"shopify:\/\/pages\/care-repair","button_style":"tertiary"}},"column_dJFJC9":{"type":"column","settings":{"image":"shopify:\/\/shop_images\/gb-gifts-box2.webp","title":"Casual Classics","text":"","text_shadow":true,"link_label":"Shop Now","link":"shopify:\/\/collections\/casual-classics","button_style":"tertiary"}},"column_Kkqjpa":{"type":"column","settings":{"image":"shopify:\/\/shop_images\/gb-gifts-box3.webp","title":"The Drop Heel","text":"","text_shadow":true,"link_label":"Shop Now","link":"shopify:\/\/collections\/made-to-order","button_style":"tertiary"}}},"block_order":["column_xVCten","column_dJFJC9","column_Kkqjpa"],"settings":{"title":"","fullwidth":true,"heading_size":"h1","heading_position":"middle_left","image_width":"full","image_ratio":"adapt","text_overlay":true,"content_position":"bottom_left","font_size":22,"columns_desktop":3,"column_alignment":"left","background_style":"none","button_label":"","button_link":"","color_scheme":"inverse","columns_mobile":"1","swipe_on_mobile":true,"padding_top":4,"padding_bottom":24}},"featured_collection_wMbPM6":{"type":"featured-collection","settings":{"title":"Highlights","heading_size":"h2","description":"","show_description":false,"description_style":"body","collection":"nyfw-ss24","products_to_show":11,"columns_desktop":4,"full_width":false,"show_view_all":false,"view_all_style":"solid","enable_desktop_sliderassas":false,"color_scheme":"","image_ratio":"adapt","image_shape":"default","show_secondary_image":false,"show_vendor":false,"show_rating":false,"enable_quick_add":false,"columns_mobile":"2","swipe_on_mobile":true,"padding_top":0,"padding_bottom":20}},"multicolumn_Her44W":{"type":"multicolumn","blocks":{"column_KReR6T":{"type":"column","settings":{"image":"shopify:\/\/shop_images\/d-gifts-lp-box4.jpg","title":"Extraordinary Gifts","text":"","text_shadow":true,"link_label":"Shop Now","link":"shopify:\/\/pages\/care-repair","button_style":"tertiary"}},"column_Q3acUV":{"type":"column","settings":{"image":"shopify:\/\/shop_images\/gb-gifts-box2.webp","title":"Little Luxuries","text":"","text_shadow":true,"link_label":"Shop Now","link":"shopify:\/\/collections\/casual-classics","button_style":"tertiary"}}},"block_order":["column_KReR6T","column_Q3acUV"],"settings":{"title":"","fullwidth":true,"heading_size":"h1","heading_position":"middle_left","image_width":"full","image_ratio":"adapt","text_overlay":true,"content_position":"bottom_left","font_size":16,"columns_desktop":2,"column_alignment":"left","background_style":"none","button_label":"","button_link":"","color_scheme":"inverse","columns_mobile":"1","swipe_on_mobile":true,"padding_top":0,"padding_bottom":0}},"tab_image_with_text_fa7pfW":{"type":"tab-image-with-text","blocks":{"image_with_text_Bby83Y":{"type":"image-with-text","settings":{"image":"shopify:\/\/shop_images\/d-gifts-lp-beauty-a.webp","heading":"","heading_size":"h2","caption":"","text_style":"caption-with-letter-spacing","text_size":"medium","text":"<h2>Finishing Touches<\/h2><p>Discover alluring fragrances and luxurious lip glosses in our beauty collection<\/p>","text_style_richtext":"body","button_label":"","button_link":"","button_style":"primary","menu":"gift-finish-touch"}}},"block_order":["image_with_text_Bby83Y"],"settings":{"enable_desktop_slider":false,"slider_speed":3,"height":"medium","desktop_image_width":"medium","layout":"text_first","desktop_content_position":"middle","desktop_content_alignment":"left","content_layout":"no-overlap","section_color_scheme":"","color_scheme":"scheme-35149f58-51d8-43d4-93a2-09ef5d5e5482","image_behavior":"none","mobile_content_alignment":"left","padding_top":4,"padding_bottom":0}},"tab_image_with_text_b4HMNU":{"type":"tab-image-with-text","blocks":{"image_with_text_Uwk48e":{"type":"image-with-text","settings":{"image":"shopify:\/\/shop_images\/d-gifts-lp-beauty-a.webp","heading":"","heading_size":"h2","caption":"","text_style":"caption-with-letter-spacing","text_size":"medium","text":"<h1>JC World<\/h1><h2>The Crystal Slipper<\/h2><p>The ultimate fairytale shoe, The Crystal Slipper is meticulously crafted with hand-applied Swarovski crystals, bringing fantasy and magic to every step.  <\/p>","text_style_richtext":"body","button_label":"Discover More","button_link":"shopify:\/\/collections","button_style":"tertiary","menu":""}}},"block_order":["image_with_text_Uwk48e"],"settings":{"enable_desktop_slider":false,"slider_speed":3,"height":"medium","desktop_image_width":"medium","layout":"image_first","desktop_content_position":"middle","desktop_content_alignment":"left","content_layout":"no-overlap","section_color_scheme":"background-1","color_scheme":"scheme-35149f58-51d8-43d4-93a2-09ef5d5e5482","image_behavior":"none","mobile_content_alignment":"left","padding_top":0,"padding_bottom":0}}},"order":["main","video_hero_MPLpaF","multicolumn_Pebdke","featured_collection_wMbPM6","multicolumn_Her44W","tab_image_with_text_fa7pfW","tab_image_with_text_b4HMNU"]}