{"sections":{"video_hero_B4jDVE":{"type":"video-hero","blocks":{"video_ipVJ3f":{"type":"video","settings":{"video":"shopify:\/\/files\/videos\/SPRING_24_AVENUE_SOFT_SHOULDER_KYNLEY_75_16x9_CLEAN_NO_SOUND_6s_wzsyni.webm","mobile_video":"shopify:\/\/files\/videos\/SPRING_24_AVENUE_SOFT_SHOULDER_KYNLEY_75_9X16_CLEAN_NO_SOUND_6s_spib45.webm","enable_video_looping":true,"heading":"JC World","heading_size":"h1","text":"<p><strong>Welcome to the world<\/strong><\/p>","text_style":"body","menu":"","button_label":"SIGN UP","button_link":"\/","button_style_secondary":true,"desktop_content_position":"middle","desktop_content_alignment":"center"}}},"block_order":["video_ipVJ3f"],"settings":{"heading":"","heading_size":"h1","full_width":false,"color_scheme":"inverse","padding_top":36,"padding_bottom":36,"enable_desktop_slider":false,"slider_speed":3}},"main":{"type":"main-page","settings":{"padding_top":28,"padding_bottom":28}},"multicolumn_XTX9QL":{"type":"multicolumn","blocks":{"column_8qxbny":{"type":"column","settings":{"image":"shopify:\/\/shop_images\/d-jc-world-care-repair_eab9bb3a-c26d-46cf-9a7a-6e8e3311e6b7.webp","title":"","text":"<h2>Care And Repair<\/h2><p>Exceptional craftsmanship is integral to our brand DNA<\/p>","text_shadow":false,"link_label":"READ MORE","link":"shopify:\/\/collections\/bridal","button_style":"secondary"}},"column_yhk3tD":{"type":"column","settings":{"image":"shopify:\/\/shop_images\/d-jc-world-crafts_552d9e9a-033a-46bf-a6c2-cd87a26e9074.webp","title":"","text":"<h2>Craftsmanship<\/h2><p>Exceptional craftsmanship is integral to our brand DNA<\/p>","text_shadow":false,"link_label":"READ MORE","link":"shopify:\/\/collections\/bride-to-be","button_style":"secondary"}}},"block_order":["column_8qxbny","column_yhk3tD"],"settings":{"title":"","fullwidth":false,"heading_size":"h1","heading_position":"middle_center","image_width":"full","image_ratio":"adapt","text_overlay":false,"content_position":"middle_center","font_size":16,"columns_desktop":2,"column_alignment":"center","background_style":"none","button_label":"","button_link":"","color_scheme":"scheme-35149f58-51d8-43d4-93a2-09ef5d5e5482","columns_mobile":"1","swipe_on_mobile":false,"padding_top":36,"padding_bottom":36}},"slideshow_LUkmiE":{"type":"slideshow","blocks":{"slide_UArJVY":{"type":"slide","settings":{"image":"shopify:\/\/shop_images\/manifesto.webp","image_mob":"shopify:\/\/shop_images\/m-manifesto-600d.webp","heading":"Sustainability Manifesto","heading_size":"h2","subheading":"Our journey towards a sustainable future","button_label":"READ MORE","link":"shopify:\/\/pages\/care-repair","button_style_secondary":true,"box_align":"middle-center","menu":"","button_shadow":false,"show_text_box":false,"text_alignment":"center","image_overlay_opacity":0,"color_scheme":"accent-1","text_alignment_mobile":"center"}}},"block_order":["slide_UArJVY"],"settings":{"layout":"full_bleed","slide_height":"adapt_image","slider_visual":"counter","auto_rotate":false,"change_slides_speed":5,"image_behavior":"none","show_text_below":true,"accessibility_info":"Slideshow about our brand"}},"text_with_image_slider_iBafMd":{"type":"text-with-image-slider","blocks":{"image_block_WV6e4p":{"type":"image_block","settings":{"image_with_text_image":"shopify:\/\/shop_images\/in-my-choo-bafta-daisy.webp","card_heading":"<strong>Daisy Edgar-Jones<\/strong>","paragraph":"<p>Wearing custom Jimmy Choo Sandals<\/p>"}},"image_block_zJUcft":{"type":"image_block","settings":{"image_with_text_image":"shopify:\/\/shop_images\/in-my-choo-bafta-lauren.webp","card_heading":"<strong>Lauren Lyle<\/strong>","paragraph":"<p>Wearing Aurelie<\/p>"}},"image_block_GCajVY":{"type":"image_block","settings":{"image_with_text_image":"shopify:\/\/shop_images\/in-my-choo-wk46-dua.webp","card_heading":"<strong>Dua Lipa<\/strong>","paragraph":"<p>Wearing custom Jimmy Choo Boots<\/p>"}},"image_block_cePq7z":{"type":"image_block","settings":{"image_with_text_image":"shopify:\/\/shop_images\/in-my-choo-jpg-Maya-Jama.webp","card_heading":"<strong>Maya Jama<\/strong>","paragraph":"<p>Wearing Jimmy Choo \/ Jean Paul Gaultier Wedge 110<\/p>"}},"image_block_pwtyB7":{"type":"image_block","settings":{"image_with_text_image":"shopify:\/\/shop_images\/in-my-choo-jpg-Iris-Law.webp","card_heading":"<strong>Iris Law<\/strong>","paragraph":"<p>Wearing Jimmy Choo \/ Jean Paul Gaultier Sling Back 60<\/p>"}}},"block_order":["image_block_WV6e4p","image_block_zJUcft","image_block_GCajVY","image_block_cePq7z","image_block_pwtyB7"],"settings":{"title":"<strong>IN MY CHOOS<\/strong>","fullwidth":true,"heading_size":"h2","heading_position":"middle_center","padding_top":52,"padding_bottom":0}},"slideshow_4cQRFE":{"type":"slideshow","blocks":{"slide_rQAH8X":{"type":"slide","settings":{"image":"shopify:\/\/shop_images\/d-jc-world-our-value_6964b1a3-1f06-400a-8c37-c29988ccfa26.webp","image_mob":"shopify:\/\/shop_images\/m-jc-world-our-value_bb25cb95-acae-4aea-8a84-0faebcd8ce38.webp","heading":"Our Values","heading_size":"h2","subheading":"Discover what drives Jimmy Choo - from our values and community to inspiring stories, styling tips and more.","button_label":"READ MORE","link":"shopify:\/\/pages\/care-repair","button_style_secondary":true,"box_align":"middle-center","menu":"","button_shadow":false,"show_text_box":false,"text_alignment":"center","image_overlay_opacity":0,"color_scheme":"accent-1","text_alignment_mobile":"center"}}},"block_order":["slide_rQAH8X"],"settings":{"layout":"full_bleed","slide_height":"adapt_image","slider_visual":"counter","auto_rotate":false,"change_slides_speed":5,"image_behavior":"none","show_text_below":true,"accessibility_info":"Slideshow about our brand"}}},"order":["video_hero_B4jDVE","main","multicolumn_XTX9QL","slideshow_LUkmiE","text_with_image_slider_iBafMd","slideshow_4cQRFE"]}