{"sections":{"rich_text_7zGwiM":{"type":"rich-text","blocks":{"heading_xVnnba":{"type":"heading","settings":{"heading":"<strong>CARING FOR YOUR NALEBE FOOTWEAR<\/strong>","heading_size":"h2"}}},"block_order":["heading_xVnnba"],"settings":{"desktop_content_position":"center","content_alignment":"center","color_scheme":"","full_width":true,"padding_top":20,"padding_bottom":24}},"slideshow_emCRrK":{"type":"slideshow","blocks":{"slide_t6bQhy":{"type":"slide","settings":{"image":"shopify:\/\/shop_images\/BlogwithTextImage.png","heading":"","heading_size":"h1","subheading":"","button_label":"","link":"","button_style_secondary":false,"box_align":"middle-center","menu":"","button_shadow":false,"show_text_box":false,"text_alignment":"center","image_overlay_opacity":0,"color_scheme":"","text_alignment_mobile":"center"}}},"block_order":["slide_t6bQhy"],"settings":{"layout":"full_bleed","slide_height":"medium","slider_visual":"counter","auto_rotate":false,"change_slides_speed":5,"image_behavior":"none","show_text_below":true,"accessibility_info":"Slideshow about our brand"}},"main":{"type":"main-page","disabled":true,"settings":{"padding_top":28,"padding_bottom":28}},"rich_text_dytFdw":{"type":"rich-text","blocks":{"text_h488y4":{"type":"text","settings":{"text":"<p><strong>FOLLOW<\/strong> <strong>PRODUCT CARE TO IMPROVE LIFETIME ON YOUR FAVORITE PIECES<\/strong> <\/p><p><strong> <\/strong>At Nalebe<em>, we <\/em>pride ourselves in using the highest quality materials to create our shoes; all of which are sourced carefully and tested extensively prior to production and  sale. To  ensure you get<em> <\/em>maximum enjoyment from your favorite pieces we recommend  following the care instructions below.<\/p><p>We<em> <\/em>recommend  storing your shoes in a cool, dry place and avoiding prolonged exposure to sunlight, heat and moisture. Avoid excessive abrasion and wearing with contrasting colors to  prevent color transfer. Should your piece<em> <\/em>encounter water<em>, <\/em>it should be<em> <\/em>dabbed with <em>a <\/em>dry cloth to absorb any excess liquid and allowed to dry naturally. <\/p><h3><strong>MATERIALS<\/strong> <\/h3><p><strong>LEATHERS- CLICK THE + TO VIEW INFO<\/strong><\/p><p>Please note, all types of leather and delicate materials - including metal accessor ies and hardware - are affected by humidity. Please take care to avoid direct contact with water, salt, heat, oil, grease, and alcohol, alongside any materials which may transfer color pigments onto your product.<\/p><p>Slight variations in appearance and finish are entirely normal for all natural materials.<\/p><p>Our luxurious leather soles are wor n with time and use,this is particularly applicable to pointed toe styles. We recommend rotating the pieces you wear each day to maximize their longevity.<\/p><h3>METALLIC & PRINTED MATERIALS<\/h3><p>Metallic and printed materials have a surface finish, meaning everyday wear and excessive abrasions can cause the finishing to be removed. Metallic and printed materials with a particularly smooth finish may develop wrinkles or creasing over time.<\/p><p>To clean, gent ly wipe with a soft, damp, lint-free cloth and dry immediately away from direct heat. Cleaning products and liquids containing solvents and alcohol should be avoided as these will remove the finish. Metallic and printed materials should be stored away from humidity and sources of heat.<\/p><h3>SUEDE<\/h3><p>How do I take care of my suede shoes?<\/p><ol><li>Seal the suede with suede protective spray to help repel dirt as well as prevent staining<\/li><li>Let the suede breathe. Store in a cool and dry place. Do not store suede shoes in plastic containers.<\/li><li>Avoid adding water or over exposure to direct sunlight (will fade suede)<\/li><li>Clean your boots before the end of each season.<\/li><\/ol><p>A soft rubber suede brush can be used to lightly clean away loose dirt however due to the delicate and fibrous quality of these materials we advise against rubbing too vigorously as this may result in damaging the surface appearance.<\/p><p>Please be aware, due to the nature of this material group, there may be a small amount of colour transfer with initial use.<\/p><h3>SATIN <\/h3><p>Before cleaning, brush away dirt with a soft bristle (ideally nylon) brush or dry rag. Gently blot any stains with a damp cloth. Follow the grain of the fabric and work your way up the shoe starting from the toes. Note that you should never use hot water on satin, as this can result in shrinkage. <\/p><h3>DELICATE MATERIAL<\/h3><p>Do not store your fur in a bag of any type. Bags reduce air flow and therefore circulation of moisture, which can speed up the drying out (biodegradation) of your fur. Bags can also<\/p><p>cause wear and broken hairs over time, at the points where it rests against the fur. For the same reason do not try to protect your fur from dust by hanging a piece of cloth over the shoulders. Use of garment bags is OK for short periods of time when you are specifically trying to protect your fur during TRAVEL. <\/p><h3>DELICATE MATERIAL<\/h3><p>Hang your fur away from heat sources such as radiators and heat vents. Heat can cause dry rotting. Dry rot is when the natural oils in the leather and hairs of the fur are evaporated, and the biodegradation process speeds up exponentially. Once the natural oils are depleted f rom a fur there is no way to replenish them.<\/p><p>Always remember:<\/p><ol><li>Allow your fur or other garments proper space in your closet<\/li><li>Furs like cold, hate heat.<\/li><li>Furs don't like friction or chemicals (perfumes, hairspray etc) <\/li><\/ol><p><strong>CRYSTAL  APPLICATION<\/strong><\/p><p>Always store your shoes in dust bags when not in use and ensure protective tissue or shoe sticks are utilized to help maintain their shape. Delicate embellishment s and metal hardware should be preserved using protective packaging whilst your shoes are in storage.<\/p><p>Our crystal-finished products are delicate by nature and should be handled with the utmost care. Due to our emphasis on artisanal process and craftsmanship these designs vary from piece to piece and are truly unique<\/p>"}}},"block_order":["text_h488y4"],"settings":{"desktop_content_position":"center","content_alignment":"center","color_scheme":"","full_width":true,"padding_top":40,"padding_bottom":52}}},"order":["rich_text_7zGwiM","slideshow_emCRrK","main","rich_text_dytFdw"]}