{"sections":{"main":{"type":"main-page","settings":{"padding_top":28,"padding_bottom":16}},"slideshow_TKRKpm":{"type":"slideshow","blocks":{"slide_aEFUbR":{"type":"slide","settings":{"image":"shopify:\/\/shop_images\/Home.png","image_mob":"shopify:\/\/shop_images\/11_3.png","heading":"","heading_size":"h1","subheading":"","paragraph":"","button_label":"","link":"","button_style_secondary":false,"box_align":"middle-center","menu":"","button_shadow":false,"show_text_box":false,"text_alignment":"center","image_overlay_opacity":0,"color_scheme":"","text_alignment_mobile":"center"}}},"block_order":["slide_aEFUbR"],"settings":{"layout":"full_bleed","slide_height":"adapt_image","slider_visual":"counter","auto_rotate":false,"change_slides_speed":5,"image_behavior":"none","show_text_below":false,"accessibility_info":"Slideshow about our brand"}},"rich_text_qQ6f9x":{"type":"rich-text","blocks":{"text_kzg8ER":{"type":"text","settings":{"text":"<p>The theme of this collection is known as Mapenzi - The colors of Love. Inspired by the elementsof art and craftsmanship, the visual components of colors, form, line, shape, space, texture andvalue. This collection evokes the appreciation for visual and elements of art for the one whoseeks personable and exceptional styling through distinctive & intriguing footwear that tells astory of transformation through color<\/p>"}}},"block_order":["text_kzg8ER"],"settings":{"desktop_content_position":"center","content_alignment":"center","color_scheme":"","full_width":true,"padding_top":28,"padding_bottom":28}},"featured_collection_tabs_dbFr6A":{"type":"Featured-collection--tabs","blocks":{"block_DWFhAL":{"type":"block","settings":{"title":"SS24 Collection","collection1":"spring-summer-collection"}},"block_CNqi4g":{"type":"block","settings":{"title":"Shop Women","collection1":"women-boots"}}},"block_order":["block_DWFhAL","block_CNqi4g"],"settings":{"title":"","heading_size":"h1","products_to_show":4,"columns_desktop":4,"full_width":false,"enable_desktop_slider":false,"color_scheme":"","image_ratio":"adapt","show_secondary_image":false,"show_vendor":false,"show_rating":false,"enable_quick_add":false,"columns_mobile":"2","swipe_on_mobile":false,"padding_top":36,"padding_bottom":36}}},"order":["main","slideshow_TKRKpm","rich_text_qQ6f9x","featured_collection_tabs_dbFr6A"]}