{"sections":{"rich_text_Rn8qpd":{"type":"rich-text","blocks":{"text_APHJqG":{"type":"text","settings":{"text":"<h2><strong>SHOES FOR LIFE<\/strong><\/h2>"}}},"block_order":["text_APHJqG"],"settings":{"desktop_content_position":"center","content_alignment":"center","color_scheme":"","full_width":true,"padding_top":20,"padding_bottom":20}},"slideshow_Myatqc":{"type":"slideshow","blocks":{"slide_HnJWpW":{"type":"slide","settings":{"image":"shopify:\/\/shop_images\/BannerImage.png","image_mob":"shopify:\/\/shop_images\/5_3.png","heading":"","heading_size":"h1","subheading":"","button_label":"","link":"","button_style_secondary":false,"box_align":"middle-center","menu":"","button_shadow":false,"show_text_box":false,"text_alignment":"center","image_overlay_opacity":0,"color_scheme":"","text_alignment_mobile":"center"}}},"block_order":["slide_HnJWpW"],"settings":{"layout":"full_bleed","slide_height":"adapt_image","slider_visual":"counter","auto_rotate":false,"change_slides_speed":5,"image_behavior":"none","show_text_below":false,"accessibility_info":"Slideshow about our brand"}},"main":{"type":"main-page","disabled":true,"settings":{"padding_top":28,"padding_bottom":28}},"rich_text_Qc3iD3":{"type":"rich-text","blocks":{"heading_3CXEDz":{"type":"heading","disabled":true,"settings":{"heading":"<strong>Bespoke repairs extend the life of your favourite pieces<\/strong>","heading_size":"h2"}},"text_VyjiwJ":{"type":"text","settings":{"text":"<p>At Nalebe, we pride ourselves in using the highest quality materials tocreate our shoes; all of which are sourced carefully and tested extensively prior to production and sale.To ensure you get maximum enjoyment from your favorite pieces we recommend following the care instructions below.<br\/><br\/><strong>OUR PIECES ARE CRAFTED WITH DURABLE HIGH QUALITY MATERIALS MEANT TO LAST. THIS PROMISE TO ENSURE YOUR FAVOURITE SHOES ALWAYS LOOK GORGEOUS BEGINS WITH OUR PRODUCT CARE GUIDE.<\/strong><\/p><p><strong>KINDLY BE AWARE THAT OUR WARRANTY CANNOT BE EXTENDED TO COVER PRODUCTS ALTERED THROUGH ACCIDENTAL DAMAGE OR BY A THIRD-PARTY REPAIR COMPANY. DUE TO THE RIGOROUS NATURE OF THIS SERVICE, THE CALIBRE OF CRAFTSPEOPLE WE WORK WITH AND OUR COMMITMENT TO FAIR PAY, A FEE MAY APPLY.<\/strong><\/p>"}},"button_ppYJLy":{"type":"button","disabled":true,"settings":{"button_label":"REQUEST A REPAIR","button_link":"shopify:\/\/pages\/contac-us","button_style_secondary":false,"button_label_2":"","button_link_2":"","button_style_secondary_2":false}}},"block_order":["heading_3CXEDz","text_VyjiwJ","button_ppYJLy"],"settings":{"desktop_content_position":"center","content_alignment":"center","color_scheme":"scheme-35149f58-51d8-43d4-93a2-09ef5d5e5482","full_width":true,"padding_top":40,"padding_bottom":52}},"multicolumn_fJBBPz":{"type":"multicolumn","blocks":{"column_HN8qtP":{"type":"column","settings":{"image":"shopify:\/\/shop_images\/2GridSection_1.png","img_link":"","title":"PRODUCT CARE","text":"","text_shadow":false,"link_label":"READ MORE","link":"shopify:\/\/pages\/product-care","button_style":"secondary"}},"column_CbaWHA":{"type":"column","settings":{"image":"shopify:\/\/shop_images\/2GridSection.png","img_link":"","title":"WARRANTY","text":"","text_shadow":false,"link_label":"READ MORE","link":"shopify:\/\/pages\/warranty","button_style":"secondary"}}},"block_order":["column_HN8qtP","column_CbaWHA"],"settings":{"title":"","fullwidth":false,"heading_size":"h1","heading_position":"middle_center","image_width":"full","image_ratio":"adapt","text_overlay":false,"content_position":"bottom_left","font_size":16,"columns_desktop":2,"column_alignment":"center","background_style":"none","button_label":"","button_link":"","color_scheme":"scheme-35149f58-51d8-43d4-93a2-09ef5d5e5482","columns_mobile":"1","swipe_on_mobile":true,"padding_top":36,"padding_bottom":0}},"rich_text_j4Wxe4":{"type":"rich-text","blocks":{"heading_mjpdTH":{"type":"heading","settings":{"heading":"CARING FOR YOUR NALEBE FOOTWEAR","heading_size":"h2"}}},"block_order":["heading_mjpdTH"],"settings":{"desktop_content_position":"center","content_alignment":"center","color_scheme":"","full_width":true,"padding_top":0,"padding_bottom":20}},"slideshow_KYwCEw":{"type":"slideshow","blocks":{"slide_jnW7DL":{"type":"slide","settings":{"image":"shopify:\/\/shop_images\/BlogwithTextImage.png","image_mob":"shopify:\/\/shop_images\/6_3.png","heading":"","heading_size":"h1","subheading":"","button_label":"","link":"","button_style_secondary":false,"box_align":"middle-center","menu":"","button_shadow":false,"show_text_box":false,"text_alignment":"center","image_overlay_opacity":0,"color_scheme":"","text_alignment_mobile":"center"}}},"block_order":["slide_jnW7DL"],"settings":{"layout":"full_bleed","slide_height":"adapt_image","slider_visual":"counter","auto_rotate":false,"change_slides_speed":5,"image_behavior":"none","show_text_below":false,"accessibility_info":"Slideshow about our brand"}}},"order":["rich_text_Rn8qpd","slideshow_Myatqc","main","rich_text_Qc3iD3","multicolumn_fJBBPz","rich_text_j4Wxe4","slideshow_KYwCEw"]}