{"sections":{"main":{"type":"main-page","disabled":true,"settings":{"padding_top":28,"padding_bottom":28}},"multicolumn_VnUxcw":{"type":"multicolumn","blocks":{"column_De9BFU":{"type":"column","settings":{"image":"shopify:\/\/shop_images\/ROUNDLOGO.png","img_link":"","title":"CLIMATE ACTION","text":"","text_shadow":false,"link_label":"Read More","link":"shopify:\/\/blogs\/stories-1","button_style":"primary"}},"column_xkqM63":{"type":"column","settings":{"image":"shopify:\/\/shop_images\/ROUNDLOGO.png","img_link":"","title":"ECO FEATURE PRODUCTS","text":"","text_shadow":false,"link_label":"Read More","link":"shopify:\/\/blogs\/stories-1","button_style":"primary"}},"column_K3zKbF":{"type":"column","settings":{"image":"shopify:\/\/shop_images\/ROUNDLOGO.png","img_link":"","title":"CIRCULAR  ECONOMY","text":"","text_shadow":false,"link_label":"Read More","link":"shopify:\/\/blogs\/stories-1","button_style":"primary"}},"column_XyiY8r":{"type":"column","settings":{"image":"shopify:\/\/shop_images\/ROUNDLOGO.png","img_link":"","title":"DECENT WORK","text":"","text_shadow":false,"link_label":"Read More","link":"shopify:\/\/blogs\/stories-1","button_style":"primary"}}},"block_order":["column_De9BFU","column_xkqM63","column_K3zKbF","column_XyiY8r"],"settings":{"title":"EXPLORE OUR OTHER PILLARS","fullwidth":false,"heading_size":"h2","heading_position":"middle_center","image_width":"third","image_ratio":"square","text_overlay":false,"content_position":"middle_center","font_size":16,"columns_desktop":4,"column_alignment":"center","background_style":"none","button_label":"","button_link":"","color_scheme":"background-1","columns_mobile":"1","swipe_on_mobile":false,"padding_top":36,"padding_bottom":36}},"slideshow_QL4yyg":{"type":"slideshow","blocks":{"slide_Ma4PH7":{"type":"slide","settings":{"image":"shopify:\/\/shop_images\/2_8.png","image_mob":"shopify:\/\/shop_images\/20.png","heading":"<strong>OUR VALUES<\/strong>","heading_size":"h2","subheading":"Discover what drives Nalebe – from our values and community to inspiring stories, styling tips and more.","paragraph":"","button_label":"Read More","link":"shopify:\/\/pages\/our-values","button_style_secondary":false,"box_align":"middle-center","menu":"","button_shadow":false,"show_text_box":false,"text_alignment":"center","image_overlay_opacity":0,"color_scheme":"accent-1","text_alignment_mobile":"center"}},"slide_8ypC4h":{"type":"slide","disabled":true,"settings":{"image":"shopify:\/\/shop_images\/1_8.png","heading":"<strong>OUR VALUES<\/strong>","heading_size":"h2","subheading":"Discover what drives Jimmy Choo – from our valuesand community to inspiring stories, styling tips and more.","paragraph":"","button_label":"Read More","link":"shopify:\/\/blogs\/stories-1","button_style_secondary":false,"box_align":"middle-center","menu":"","button_shadow":false,"show_text_box":false,"text_alignment":"center","image_overlay_opacity":0,"color_scheme":"accent-1","text_alignment_mobile":"center"}}},"block_order":["slide_Ma4PH7","slide_8ypC4h"],"settings":{"layout":"full_bleed","slide_height":"adapt_image","slider_visual":"counter","auto_rotate":false,"change_slides_speed":5,"image_behavior":"none","show_text_below":false,"accessibility_info":"Slideshow about our brand"}}},"order":["main","multicolumn_VnUxcw","slideshow_QL4yyg"]}