{"sections":{"main":{"type":"main-page","settings":{"padding_top":28,"padding_bottom":12}},"multicolumn_feJ7kX":{"type":"multicolumn","blocks":{"column_CjQpem":{"type":"column","settings":{"image":"shopify:\/\/shop_images\/ROUNDLOGO.png","img_link":"","title":"<strong>Zero Waste Policy<\/strong>","text":"","text_shadow":false,"link_label":"Read More","link":"shopify:\/\/pages\/zero-waste-policy-page","button_style":"primary"}},"column_f9rpxC":{"type":"column","settings":{"image":"shopify:\/\/shop_images\/ROUNDLOGO.png","img_link":"","title":"<strong>Nalebe Against Waste<\/strong>","text":"","text_shadow":false,"link_label":"Read More","link":"shopify:\/\/pages\/nalebe-against-waste","button_style":"primary"}},"column_pGCH86":{"type":"column","settings":{"image":"shopify:\/\/shop_images\/ROUNDLOGO.png","img_link":"","title":"<strong>Clean Packaging<\/strong>","text":"","text_shadow":false,"link_label":"Read More","link":"shopify:\/\/pages\/clean-packaging","button_style":"primary"}},"column_xm6GBQ":{"type":"column","settings":{"image":"shopify:\/\/shop_images\/ROUNDLOGO.png","img_link":"","title":"<strong>Materials<\/strong>","text":"","text_shadow":false,"link_label":"Read More","link":"shopify:\/\/pages\/materials","button_style":"primary"}}},"block_order":["column_CjQpem","column_f9rpxC","column_pGCH86","column_xm6GBQ"],"settings":{"title":"<strong>EXPLORE OUR EFFORTS<\/strong>","fullwidth":false,"heading_size":"h2","heading_position":"middle_center","image_width":"third","image_ratio":"square","text_overlay":false,"content_position":"middle_center","font_size":16,"columns_desktop":2,"column_alignment":"center","background_style":"none","button_label":"","button_link":"","color_scheme":"","columns_mobile":"1","swipe_on_mobile":false,"padding_top":0,"padding_bottom":0}}},"order":["main","multicolumn_feJ7kX"]}