{"sections":{"main":{"type":"main-page","disabled":true,"settings":{"padding_top":28,"padding_bottom":28}},"video_hero_VQbiMk":{"type":"video-hero","blocks":{"video_gbL7nQ":{"type":"video","settings":{"video":"shopify:\/\/files\/videos\/VideoForNALEBEWORLD.mp4","mobile_video":"shopify:\/\/files\/videos\/NalebeWorld Page Video-Mobile.mp4","enable_video_looping":true,"heading":"Nalebe World","heading_size":"h1","text":"<p>Be part to our world<\/p>","text_style":"body","menu":"","button_label":"Sign Up","button_link":"https:\/\/nalebeofficial.com\/account\/login","button_style_secondary":true,"desktop_content_position":"middle","desktop_content_alignment":"center"}}},"block_order":["video_gbL7nQ"],"settings":{"heading":"","heading_size":"h1","full_width":true,"color_scheme":"inverse","padding_top":0,"padding_bottom":36,"enable_desktop_slider":false,"slider_speed":3}},"multicolumn_c46nzR":{"type":"multicolumn","blocks":{"column_T3fQGR":{"type":"column","settings":{"image":"shopify:\/\/shop_images\/9_2.png","img_link":"shopify:\/\/products\/aurum-100","title":"VACATION READY","text":"<p>Get ready for a gorgeous vacation gateway wearing Nalebe shoes<\/p>","text_shadow":false,"link_label":"Discover More","link":"shopify:\/\/blogs\/stories-1","button_style":"tertiary"}},"column_3cAykW":{"type":"column","settings":{"image":"shopify:\/\/shop_images\/10_2.png","img_link":"","title":"SUMMER REFRESH","text":"<p>Inspired by the elements of art and craftmanship, the visual components of colors, form, line, shape, texture and value.<\/p>","text_shadow":false,"link_label":"Discover More","link":"shopify:\/\/blogs\/stories-1","button_style":"tertiary"}},"column_VhYHKC":{"type":"column","settings":{"image":"shopify:\/\/shop_images\/11_2.png","img_link":"","title":"WOMEN OWNED BRAND","text":"<p>Discover the inspiration behind the designs.<\/p>","text_shadow":false,"link_label":"Discover More","link":"shopify:\/\/blogs\/stories-1","button_style":"tertiary"}}},"block_order":["column_T3fQGR","column_3cAykW","column_VhYHKC"],"settings":{"title":"Stories","fullwidth":false,"heading_size":"h2","heading_position":"middle_center","image_width":"full","image_ratio":"adapt","text_overlay":false,"content_position":"bottom_left","font_size":16,"columns_desktop":3,"column_alignment":"left","background_style":"none","button_label":"","button_link":"","color_scheme":"scheme-35149f58-51d8-43d4-93a2-09ef5d5e5482","columns_mobile":"1","swipe_on_mobile":true,"padding_top":0,"padding_bottom":36}},"text_with_image_slider_BWwkpk":{"type":"text-with-image-slider","blocks":{"image_block_w3FUmj":{"type":"image_block","settings":{"image_with_text_image":"shopify:\/\/shop_images\/1_5_7ee7aa5f-141f-4666-9952-d5365e929bba.png","card_heading":"","paragraph":""}},"image_block_fLe7HM":{"type":"image_block","settings":{"image_with_text_image":"shopify:\/\/shop_images\/2_6_6486eb53-2d5c-484a-b591-bfaf6f381d9f.png","card_heading":"","paragraph":""}},"image_block_VzTVCz":{"type":"image_block","settings":{"image_with_text_image":"shopify:\/\/shop_images\/3_4.png","card_heading":"","paragraph":""}},"image_block_eBx6r7":{"type":"image_block","settings":{"image_with_text_image":"shopify:\/\/shop_images\/4_6.png","card_heading":"","paragraph":""}},"image_block_MyEjYf":{"type":"image_block","settings":{"image_with_text_image":"shopify:\/\/shop_images\/5_2.png","card_heading":"","paragraph":""}},"image_block_jatJ9d":{"type":"image_block","settings":{"image_with_text_image":"shopify:\/\/shop_images\/6_2.png","card_heading":"","paragraph":""}},"image_block_XXCmLj":{"type":"image_block","settings":{"image_with_text_image":"shopify:\/\/shop_images\/7_1.png","card_heading":"","paragraph":""}},"image_block_jRJNWB":{"type":"image_block","settings":{"image_with_text_image":"shopify:\/\/shop_images\/8_1.png","card_heading":"","paragraph":""}},"image_block_gnYYNp":{"type":"image_block","settings":{"image_with_text_image":"shopify:\/\/shop_images\/9_1.png","card_heading":"","paragraph":""}},"image_block_DQ7JQx":{"type":"image_block","settings":{"image_with_text_image":"shopify:\/\/shop_images\/10_1.png","card_heading":"","paragraph":""}},"image_block_JVHYPr":{"type":"image_block","settings":{"image_with_text_image":"shopify:\/\/shop_images\/11_1.png","card_heading":"","paragraph":""}},"image_block_R8XA6x":{"type":"image_block","settings":{"image_with_text_image":"shopify:\/\/shop_images\/12_2.png","card_heading":"","paragraph":""}},"image_block_fBRFxR":{"type":"image_block","settings":{"image_with_text_image":"shopify:\/\/shop_images\/13.png","card_heading":"","paragraph":""}}},"block_order":["image_block_w3FUmj","image_block_fLe7HM","image_block_VzTVCz","image_block_eBx6r7","image_block_MyEjYf","image_block_jatJ9d","image_block_XXCmLj","image_block_jRJNWB","image_block_gnYYNp","image_block_DQ7JQx","image_block_JVHYPr","image_block_R8XA6x","image_block_fBRFxR"],"settings":{"color_scheme":"background-2","title":"<strong>WEARING MY NALEBE SHOES<\/strong>","description":"","button_label":"","button_link":"shopify:\/\/products\/stellar-pump-crystal-black","fullwidth":false,"heading_size":"h2","heading_position":"middle_left","padding_top":36,"padding_bottom":36}},"featured_blog_PALYXM":{"type":"featured-blog","disabled":true,"settings":{"heading":"STORIES","heading_size":"h2","blog":"news","post_limit":3,"columns_desktop":3,"color_scheme":"","show_image":true,"show_date":false,"show_author":false,"show_view_all":false,"padding_top":0,"padding_bottom":0}},"slideshow_e7MMTN":{"type":"slideshow","blocks":{"slide_xqMajh":{"type":"slide","settings":{"image":"shopify:\/\/shop_images\/1_6.png","image_mob":"shopify:\/\/shop_images\/22.png","heading":"SUSTAINABILITY EFFORTS","heading_size":"h2","subheading":"How we incorporate sustainability when creating Nalebe.","paragraph":"","button_label":"READ MORE","link":"shopify:\/\/pages\/sustainability","button_style_secondary":true,"box_align":"middle-center","menu":"","button_shadow":false,"show_text_box":false,"text_alignment":"center","image_overlay_opacity":0,"color_scheme":"inverse","text_alignment_mobile":"center"}}},"block_order":["slide_xqMajh"],"settings":{"layout":"full_bleed","slide_height":"adapt_image","slider_visual":"counter","auto_rotate":false,"change_slides_speed":5,"image_behavior":"none","show_text_below":false,"accessibility_info":"Slideshow about our brand"}},"multicolumn_C97w7D":{"type":"multicolumn","blocks":{"column_xx6bPf":{"type":"column","settings":{"image":"shopify:\/\/shop_images\/1_5.png","img_link":"","title":"CARE INSTRUCTIONS","text":"<p>Ways to extend the lifetime of your shoes.<\/p>","text_shadow":false,"link_label":"READ MORE","link":"shopify:\/\/pages\/care-repair","button_style":"secondary"}},"column_7ajQae":{"type":"column","settings":{"image":"shopify:\/\/shop_images\/2_6.png","img_link":"","title":"CRAFTMANSHIP","text":"<p>Artisan Craftmanship is the part of our brand value<\/p>","text_shadow":false,"link_label":"READ MORE","link":"shopify:\/\/pages\/craftsmanship","button_style":"secondary"}}},"block_order":["column_xx6bPf","column_7ajQae"],"settings":{"title":"","fullwidth":false,"heading_size":"h1","heading_position":"middle_left","image_width":"full","image_ratio":"adapt","text_overlay":false,"content_position":"bottom_left","font_size":16,"columns_desktop":2,"column_alignment":"center","background_style":"none","button_label":"","button_link":"","color_scheme":"background-2","columns_mobile":"1","swipe_on_mobile":false,"padding_top":36,"padding_bottom":36}},"slideshow_YmyBfd":{"type":"slideshow","blocks":{"slide_TFJpLX":{"type":"slide","settings":{"image":"shopify:\/\/shop_images\/2_7.png","image_mob":"shopify:\/\/shop_images\/4_8.png","heading":"OUR VALUES","heading_size":"h2","subheading":"Discover the values of Nalebe posses during the creation, innovation, artisan craftmanship, sustainability and customer centric.","paragraph":"","button_label":"READ MORE","link":"shopify:\/\/pages\/our-values","button_style_secondary":true,"box_align":"middle-center","menu":"","button_shadow":false,"show_text_box":false,"text_alignment":"center","image_overlay_opacity":0,"color_scheme":"inverse","text_alignment_mobile":"center"}}},"block_order":["slide_TFJpLX"],"settings":{"layout":"full_bleed","slide_height":"adapt_image","slider_visual":"counter","auto_rotate":false,"change_slides_speed":5,"image_behavior":"none","show_text_below":false,"accessibility_info":"Slideshow about our brand"}}},"order":["main","video_hero_VQbiMk","multicolumn_c46nzR","text_with_image_slider_BWwkpk","featured_blog_PALYXM","slideshow_e7MMTN","multicolumn_C97w7D","slideshow_YmyBfd"]}