{"sections":{"main":{"type":"main-page","disabled":true,"settings":{"padding_top":28,"padding_bottom":28}},"multicolumn_W8ATCc":{"type":"multicolumn","blocks":{"column_MLVCm8":{"type":"column","settings":{"img_link":"","title":"","text":"<h2><strong>Saks Fifth Avenue<\/strong><\/h2><p> <strong>WebSite: <\/strong><a href=\"https:\/\/www.saksfifthavenue.com \" target=\"_blank\" title=\"https:\/\/www.saksfifthavenue.com \">https:\/\/www.saksfifthavenue.com<\/a> <\/p>","text_shadow":false,"link_label":"","link":"","button_style":"primary"}},"column_rFrD3y":{"type":"column","settings":{"img_link":"","title":"","text":"<h2><strong>Bloomingdales<\/strong><\/h2><p><strong>SCP:<\/strong>3333 Bristol St, Costa Mesa, CA 92626.<\/p><p><strong>NYC:<\/strong>1000 Third Ave. Manthattan, NY 10022.<strong>WebSite:                         Revolve- <\/strong><a href=\"https:\/\/www.revolve.com\/\" target=\"_blank\">https:\/\/www.revolve.com<\/a><\/p>","text_shadow":false,"link_label":"","link":"","button_style":"primary"}},"column_m8KG6b":{"type":"column","settings":{"img_link":"","title":"","text":"<h2><strong>Nordstrom<\/strong><\/h2><p><strong>FL :<\/strong>19507 Biscayne Blueyard, Aventura, FL 33180.<strong> <\/strong><\/p><p><strong>CA :<\/strong>901 Newport Center Drive, Newport Beach,CA 92660 Sole Avenue- Al Hazm Mall Markiya Doha, Qatar Best Secret- Parsdorfer Straße 13 Poing, 85586 Germany<br\/><strong>Website<\/strong>:<a href=\"https:\/\/www.nordstrom.com\/\" target=\"_blank\">https:\/\/www.nordstrom.com<\/a><\/p>","text_shadow":false,"link_label":"","link":"","button_style":"primary"}},"column_wjUcLT":{"type":"column","settings":{"img_link":"","title":"","text":"<h2>Sole Avenue<\/h2><p> Al Hazm Mall Markiya Doha, Qatar<\/p>","text_shadow":false,"link_label":"","link":"","button_style":"primary"}},"column_PC3e4W":{"type":"column","settings":{"img_link":"","title":"","text":"<h2>Best Secret<\/h2><p> Parsdorfer Straße 13 Poing, 85586 Germany<\/p>","text_shadow":false,"link_label":"","link":"","button_style":"primary"}}},"block_order":["column_MLVCm8","column_rFrD3y","column_m8KG6b","column_wjUcLT","column_PC3e4W"],"settings":{"title":"Stockists","fullwidth":false,"heading_size":"h1","heading_position":"middle_center","image_width":"full","image_ratio":"adapt","text_overlay":false,"content_position":"bottom_left","font_size":16,"columns_desktop":3,"column_alignment":"left","background_style":"primary","button_label":"","button_link":"","color_scheme":"scheme-35149f58-51d8-43d4-93a2-09ef5d5e5482","columns_mobile":"1","swipe_on_mobile":false,"padding_top":36,"padding_bottom":36}}},"order":["main","multicolumn_W8ATCc"]}