{"sections":{"slideshow_4iDdii":{"type":"slideshow","blocks":{"slide_g9U8CP":{"type":"slide","settings":{"image":"shopify:\/\/shop_images\/1_6.png","image_mob":"shopify:\/\/shop_images\/22.png","heading":"OUR SUSTAINABILITY EFFORTS","heading_size":"h1","subheading":"","button_label":"","link":"","button_style_secondary":false,"box_align":"middle-center","menu":"","button_shadow":false,"show_text_box":false,"text_alignment":"center","image_overlay_opacity":0,"color_scheme":"accent-1","text_alignment_mobile":"center"}}},"block_order":["slide_g9U8CP"],"settings":{"layout":"full_bleed","slide_height":"adapt_image","slider_visual":"counter","auto_rotate":false,"change_slides_speed":5,"image_behavior":"none","show_text_below":false,"accessibility_info":"Slideshow about our brand"}},"rich_text_9iDmc9":{"type":"rich-text","blocks":{"heading_Xxq4De":{"type":"heading","settings":{"heading":"NALEBES SUSTAINABILITY EFFORTS","heading_size":"h2"}},"text_RPQ3AF":{"type":"text","settings":{"text":"<p>At Nalebe, one of the brand’s main values is sustainability. Our mission is to create high quality, luxury shoes that are better for the environment. Nalebe takes pride in educating the brand and others with sustainability.<\/p>"}}},"block_order":["heading_Xxq4De","text_RPQ3AF"],"settings":{"desktop_content_position":"center","content_alignment":"center","color_scheme":"","full_width":true,"padding_top":40,"padding_bottom":28}},"main":{"type":"main-page","disabled":true,"settings":{"padding_top":28,"padding_bottom":28}},"multicolumn_VBD6qw":{"type":"multicolumn","blocks":{"column_fMLNAb":{"type":"column","settings":{"image":"shopify:\/\/shop_images\/ROUNDLOGO.png","img_link":"","title":"Zero Waste Policy","text":"","text_shadow":false,"link_label":"READ MORE","link":"shopify:\/\/pages\/zero-waste-policy-page","button_style":"primary"}},"column_rjXQB6":{"type":"column","settings":{"image":"shopify:\/\/shop_images\/ROUNDLOGO.png","img_link":"","title":"Nalebe Against Waste","text":"","text_shadow":false,"link_label":"READ MORE","link":"shopify:\/\/pages\/nalebe-against-waste","button_style":"primary"}},"column_JemcKk":{"type":"column","settings":{"image":"shopify:\/\/shop_images\/ROUNDLOGO.png","img_link":"","title":"Clean Packaging","text":"","text_shadow":false,"link_label":"READ MORE","link":"shopify:\/\/pages\/clean-packaging","button_style":"primary"}},"column_NqKTKw":{"type":"column","settings":{"image":"shopify:\/\/shop_images\/ROUNDLOGO.png","img_link":"","title":"Materials","text":"","text_shadow":false,"link_label":"READ MORE","link":"shopify:\/\/pages\/materials","button_style":"primary"}}},"block_order":["column_fMLNAb","column_rjXQB6","column_JemcKk","column_NqKTKw"],"settings":{"title":"","fullwidth":false,"heading_size":"h1","heading_position":"middle_center","image_width":"third","image_ratio":"square","text_overlay":false,"content_position":"bottom_left","font_size":20,"columns_desktop":2,"column_alignment":"center","background_style":"none","button_label":"","button_link":"","color_scheme":"","columns_mobile":"1","swipe_on_mobile":false,"padding_top":0,"padding_bottom":20}}},"order":["slideshow_4iDdii","rich_text_9iDmc9","main","multicolumn_VBD6qw"]}