{"sections":{"main":{"type":"main-page","disabled":true,"settings":{"padding_top":28,"padding_bottom":28}},"rich_text_GgYHRP":{"type":"rich-text","blocks":{"heading_LRyfcc":{"type":"heading","settings":{"heading":"NALEBE AGAINST WASTE","heading_size":"h2"}},"text_CzmPpn":{"type":"text","settings":{"text":"<p>All orders are Made To Order, meaning Nalebe only creates shoes based on the order quantities. This saves material waste and helps the environment by not polluting with extra materials.<\/p><p>Waste is generated at the end of every manufacturing process in each and every industry. However, the steps we have taken help reduce the wastage and to manage it more efficiently. We are able to do this by sticking to “Made to Order”, this thus changes the structure of the processes and overall business model of the industry. We have also eliminated excessive plastic packaging during transportation to and from the factory to the US. All our Boxes are made from 100% recyclable cardboard and paper (Made in Italy).<\/p>"}}},"block_order":["heading_LRyfcc","text_CzmPpn"],"settings":{"desktop_content_position":"center","content_alignment":"center","color_scheme":"","full_width":true,"padding_top":40,"padding_bottom":0}},"multicolumn_K6QVjc":{"type":"multicolumn","blocks":{"column_3NijrE":{"type":"column","settings":{"image":"shopify:\/\/shop_images\/ROUNDLOGO.png","img_link":"","title":"Zero Waste Policy","text":"","text_shadow":false,"link_label":"Read More","link":"shopify:\/\/pages\/zero-waste-policy-page","button_style":"primary"}},"column_JFqh3k":{"type":"column","settings":{"image":"shopify:\/\/shop_images\/ROUNDLOGO.png","img_link":"","title":"<strong>Nalebe Against Waste<\/strong>","text":"","text_shadow":false,"link_label":"Read More","link":"shopify:\/\/pages\/zero-waste-policy-page","button_style":"primary"}},"column_rVbdk4":{"type":"column","settings":{"image":"shopify:\/\/shop_images\/ROUNDLOGO.png","img_link":"","title":"<strong>Clean Packaging<\/strong>","text":"","text_shadow":false,"link_label":"Read More","link":"shopify:\/\/pages\/clean-packaging","button_style":"primary"}},"column_dVkye3":{"type":"column","settings":{"image":"shopify:\/\/shop_images\/ROUNDLOGO.png","img_link":"","title":"<strong>Materials<\/strong>","text":"","text_shadow":false,"link_label":"Read More","link":"shopify:\/\/pages\/materials","button_style":"primary"}}},"block_order":["column_3NijrE","column_JFqh3k","column_rVbdk4","column_dVkye3"],"settings":{"title":"EXPLORE OUR EFFORTS","fullwidth":false,"heading_size":"h2","heading_position":"middle_center","image_width":"third","image_ratio":"square","text_overlay":false,"content_position":"middle_center","font_size":16,"columns_desktop":2,"column_alignment":"center","background_style":"none","button_label":"","button_link":"","color_scheme":"","columns_mobile":"1","swipe_on_mobile":false,"padding_top":36,"padding_bottom":36}}},"order":["main","rich_text_GgYHRP","multicolumn_K6QVjc"]}