{"sections":{"slideshow_zdYY9r":{"type":"slideshow","blocks":{"slide_8nEnJh":{"type":"slide","settings":{"image":"shopify:\/\/shop_images\/Banner.png","heading":"<strong>MADE-TO-ORDER<\/strong>","heading_size":"h2","subheading":"Bring your vision to life","paragraph":"","button_label":"","link":"","button_style_secondary":false,"box_align":"bottom-left","menu":"made-to-order-page-btns-1","button_shadow":false,"show_text_box":false,"text_alignment":"left","image_overlay_opacity":0,"color_scheme":"accent-1","text_alignment_mobile":"center"}}},"block_order":["slide_8nEnJh"],"settings":{"layout":"full_bleed","slide_height":"medium","slider_visual":"counter","auto_rotate":false,"change_slides_speed":5,"image_behavior":"none","show_text_below":false,"accessibility_info":"Slideshow about our brand"}},"main":{"type":"main-page","disabled":true,"settings":{"padding_top":28,"padding_bottom":28}},"rich_text_FAdUXe":{"type":"rich-text","blocks":{"heading_MmcNqk":{"type":"heading","disabled":true,"settings":{"heading":"Talk about your brand","heading_size":"h1"}},"text_nyeRY9":{"type":"text","settings":{"text":"<p><strong>“Each shoe is finely crafted in Milan with a new and modern take on global aesthetic that communicates community, connection and customer centricity\" <\/strong><\/p><p><strong>- Amina Means (Founder\/CD of Nalebe)<\/strong><\/p>"}},"button_y64AYM":{"type":"button","disabled":true,"settings":{"button_label":"Button label","button_link":"","button_style_secondary":false,"button_label_2":"","button_link_2":"","button_style_secondary_2":false}}},"block_order":["heading_MmcNqk","text_nyeRY9","button_y64AYM"],"settings":{"desktop_content_position":"center","content_alignment":"center","color_scheme":"","full_width":true,"padding_top":28,"padding_bottom":0}},"multicolumn_NcPWzA":{"type":"multicolumn","blocks":{"column_jYJcAY":{"type":"column","settings":{"img_link":"","title":"1","text":"<h4><strong>Select Your Style<\/strong><\/h4><p>Choose from an extensive range of classic shoe styles<\/p>","text_shadow":false,"link_label":"","link":"","button_style":"primary"}},"column_fPtpUW":{"type":"column","settings":{"img_link":"","title":"2","text":"<h4><strong>Design Your Way <\/strong><\/h4><p>Select the heel height, color, material, and accents to your dream shoe <\/p>","text_shadow":false,"link_label":"","link":"","button_style":"primary"}},"column_dkG7fp":{"type":"column","settings":{"img_link":"","title":"3","text":"<h4><strong>Artisans Create <\/strong><\/h4><p>Each custom shoe willbe handcrafted in Italy and will arrive up to 12 weeks post order. <\/p>","text_shadow":false,"link_label":"","link":"","button_style":"primary"}},"column_kyUywm":{"type":"column","settings":{"img_link":"","title":"4","text":"<h4><strong>Delivered To You<\/strong><\/h4><p>Every custom pair of shoe will arrive in Nalebe’s biodegradable signatureorange colored box! <\/p>","text_shadow":false,"link_label":"","link":"","button_style":"primary"}}},"block_order":["column_jYJcAY","column_fPtpUW","column_dkG7fp","column_kyUywm"],"settings":{"title":"","fullwidth":false,"heading_size":"h1","heading_position":"middle_center","image_width":"full","image_ratio":"adapt","text_overlay":false,"content_position":"middle_center","font_size":16,"columns_desktop":4,"column_alignment":"center","background_style":"none","button_label":"","button_link":"","color_scheme":"","columns_mobile":"1","swipe_on_mobile":false,"padding_top":36,"padding_bottom":0}},"round_image_slider_RtadK6":{"type":"round-image-slider","blocks":{"column_HqVRW7":{"type":"column","settings":{"top_image":"shopify:\/\/shop_images\/140-gsm-soft-plain-leather-fabric-for-making-sheet-cover-875.jpg","first_image":"shopify:\/\/shop_images\/1_3.png","second_image":"shopify:\/\/shop_images\/2_3.png","text":"<p>Can be Nappa Leather Or a Metallic Leather. A clean finish will be guaranteed<\/p>"}},"column_fHRE6K":{"type":"column","settings":{"top_image":"shopify:\/\/shop_images\/140-gsm-soft-plain-leather-fabric-for-making-sheet-cover-875.jpg","first_image":"shopify:\/\/shop_images\/3_1.png","second_image":"shopify:\/\/shop_images\/4_4.png","text":"<p>Satin is very soft to the touch and provides a delicate look<\/p>"}},"column_4BACr3":{"type":"column","settings":{"top_image":"shopify:\/\/shop_images\/140-gsm-soft-plain-leather-fabric-for-making-sheet-cover-875.jpg","first_image":"shopify:\/\/shop_images\/5_1.png","second_image":"shopify:\/\/shop_images\/6_1.png","text":"<p>Glitter is a fun way to liven up an outfit or wear for a special occasion<\/p>"}},"column_8WRghL":{"type":"column","settings":{"top_image":"shopify:\/\/shop_images\/140-gsm-soft-plain-leather-fabric-for-making-sheet-cover-875.jpg","first_image":"shopify:\/\/shop_images\/7.png","second_image":"shopify:\/\/shop_images\/8.png","text":"<p>Mesh is very breathable in those hot months<\/p>"}},"column_mbpc7d":{"type":"column","settings":{"top_image":"shopify:\/\/shop_images\/140-gsm-soft-plain-leather-fabric-for-making-sheet-cover-875.jpg","first_image":"shopify:\/\/shop_images\/9.png","second_image":"shopify:\/\/shop_images\/10.png","text":"<p>Nalebe’s PVC is anti fog resistant providing comfort and a luxury approach<\/p>"}}},"block_order":["column_HqVRW7","column_fHRE6K","column_4BACr3","column_8WRghL","column_mbpc7d"],"settings":{"title":"Options Offered","fullwidth":false,"heading_size":"h2","heading_position":"middle_center","font_size":16,"columns_desktop":3,"column_alignment":"left","background_style":"primary","color_scheme":"","padding_top":36,"padding_bottom":36}},"featured_collection_aR48hc":{"type":"featured-collection","settings":{"title":"Shoes","heading_size":"h2","description":"<p>this is collection description<\/p>","show_description":true,"description_style":"body","collection":"bridal-boutique","products_to_show":8,"columns_desktop":4,"full_width":false,"show_view_all":false,"view_all_style":"solid","enable_desktop_sliderassas":false,"color_scheme":"","image_ratio":"adapt","image_shape":"default","show_secondary_image":false,"show_vendor":false,"show_rating":false,"enable_quick_add":false,"columns_mobile":"2","swipe_on_mobile":false,"padding_top":0,"padding_bottom":0}},"featured_collection_WgcqDV":{"type":"featured-collection","disabled":true,"settings":{"title":"Handbags","heading_size":"h2","description":"","show_description":true,"description_style":"body","collection":"nyfw-ss24","products_to_show":8,"columns_desktop":4,"full_width":false,"show_view_all":false,"view_all_style":"solid","enable_desktop_sliderassas":false,"color_scheme":"","image_ratio":"adapt","image_shape":"default","show_secondary_image":false,"show_vendor":false,"show_rating":false,"enable_quick_add":false,"columns_mobile":"2","swipe_on_mobile":false,"padding_top":0,"padding_bottom":0}},"multicolumn_DKQYGE":{"type":"multicolumn","blocks":{"column_iWiiry":{"type":"column","settings":{"image":"shopify:\/\/shop_images\/11.png","img_link":"shopify:\/\/collections\/bridal-page","title":"<strong>The Custom styles<\/strong>","text":"","text_shadow":true,"link_label":"","link":"","button_style":"primary"}},"column_WJWrqh":{"type":"column","settings":{"image":"shopify:\/\/shop_images\/WebsitePF24Images_4.png","img_link":"shopify:\/\/collections\/bridal-shoes","title":"<strong>The Crystal Accents<\/strong>","text":"","text_shadow":true,"link_label":"","link":"","button_style":"primary"}}},"block_order":["column_iWiiry","column_WJWrqh"],"settings":{"title":"","fullwidth":false,"heading_size":"h2","heading_position":"middle_left","image_width":"full","image_ratio":"portrait","text_overlay":true,"content_position":"bottom_end","font_size":30,"columns_desktop":2,"column_alignment":"center","background_style":"none","button_label":"","button_link":"","color_scheme":"inverse","columns_mobile":"1","swipe_on_mobile":false,"padding_top":36,"padding_bottom":36}}},"order":["slideshow_zdYY9r","main","rich_text_FAdUXe","multicolumn_NcPWzA","round_image_slider_RtadK6","featured_collection_aR48hc","featured_collection_WgcqDV","multicolumn_DKQYGE"]}