{"sections":{"main":{"type":"main-page","settings":{"padding_top":28,"padding_bottom":28}},"slideshow_8XpkAy":{"type":"slideshow","blocks":{"slide_Gttkwe":{"type":"slide","settings":{"image":"shopify:\/\/shop_images\/Untitled_678_x_850_px_-4.png","image_mob":"shopify:\/\/shop_images\/Mobile_Site_Nalebe_Perks.png","heading":"","heading_size":"h1","subheading":"","paragraph":"<p><strong>Become a Nalebe Insider<\/strong><br\/><\/p><ul><li>Earn points on every purchase<\/li><li>Extra Information on Nalebe<\/li><li>Exclusive perks and early access<\/li><li>Join the Loyalty Program<\/li><\/ul>","button_label":"","link":"","button_style_secondary":false,"box_align":"middle-left","menu":"","button_shadow":false,"show_text_box":false,"text_alignment":"left","image_overlay_opacity":0,"color_scheme":"","text_alignment_mobile":"center"}}},"block_order":["slide_Gttkwe"],"disabled":true,"settings":{"layout":"full_bleed","slide_height":"adapt_image","slider_visual":"counter","auto_rotate":false,"change_slides_speed":5,"image_behavior":"none","show_text_below":true,"accessibility_info":"Slideshow about our brand"}},"multicolumn_NjgG4G":{"type":"multicolumn","blocks":{"column_PCX8ND":{"type":"column","settings":{"img_link":"","title":"","text":"<h1><\/h1><h2><strong>How It Works<\/strong><\/h2><p><strong>JOIN<\/strong><br\/><br\/>Sign-in to your existing account<br\/>or create a new one here (it’s<br\/>free to do). Earn 100 points for<br\/>joining.<br\/><br\/><strong>EARN<\/strong><br\/><br\/>Earn 1 point for every dollar<br\/>spent. Plus earn points for<br\/>connecting on social,<br\/>referring friends + more.<br\/><br\/><strong>REDEEM<\/strong><br\/><br\/>Redeem your points at<br\/>checkout towards product<br\/>and exclusive perks.<\/p>","text_shadow":false,"link_label":"","link":"","button_style":"primary"}},"column_z3rTfb":{"type":"column","settings":{"image":"shopify:\/\/shop_images\/Untitled_678_x_850_px_-5.png","img_link":"","title":"","text":"","text_shadow":false,"link_label":"","link":"","button_style":"primary"}}},"block_order":["column_PCX8ND","column_z3rTfb"],"disabled":true,"settings":{"title":"","fullwidth":false,"heading_size":"h1","heading_position":"middle_center","image_width":"full","image_ratio":"adapt","text_overlay":false,"content_position":"middle_left","font_size":8,"columns_desktop":2,"column_alignment":"center","background_style":"none","button_label":"","button_link":"","color_scheme":"","columns_mobile":"1","swipe_on_mobile":false,"padding_top":36,"padding_bottom":0}},"multicolumn_7DCAhx":{"type":"multicolumn","blocks":{"column_bQnxxH":{"type":"column","settings":{"img_link":"","title":"","text":"<p>Points for Purchases<br\/>1 Point for every $1 spent<br\/><br\/>SIgn up for SMS<br\/>10 Points<br\/><br\/>Anniversary Reward<br\/><br\/>100 Points<\/p>","text_shadow":false,"link_label":"","link":"","button_style":"primary"}},"column_kw7xDN":{"type":"column","settings":{"img_link":"","title":"","text":"<p>Points for purchases<br\/>1 Points Per $<br\/><br\/>Birthday Reward<br\/>100 Points<br\/><br\/>Create Account<br\/>100 Points<\/p>","text_shadow":false,"link_label":"","link":"","button_style":"primary"}}},"block_order":["column_bQnxxH","column_kw7xDN"],"disabled":true,"settings":{"title":"Ways To Earn","fullwidth":false,"heading_size":"h2","heading_position":"middle_center","image_width":"full","image_ratio":"adapt","text_overlay":false,"content_position":"bottom_left","font_size":24,"columns_desktop":2,"column_alignment":"center","background_style":"primary","button_label":"","button_link":"","color_scheme":"","columns_mobile":"1","swipe_on_mobile":false,"padding_top":0,"padding_bottom":36}},"multicolumn_Pc6gt3":{"type":"multicolumn","blocks":{"column_PxbrpF":{"type":"column","settings":{"img_link":"","title":"","text":"<p>5% OFF<br\/>500 Points<br\/><br\/>10% OFF<br\/>1,000 Points<\/p>","text_shadow":false,"link_label":"","link":"","button_style":"primary"}}},"block_order":["column_PxbrpF"],"disabled":true,"settings":{"title":"Ways To Redeem","fullwidth":false,"heading_size":"h2","heading_position":"middle_center","image_width":"full","image_ratio":"adapt","text_overlay":false,"content_position":"bottom_left","font_size":24,"columns_desktop":2,"column_alignment":"center","background_style":"primary","button_label":"","button_link":"","color_scheme":"","columns_mobile":"1","swipe_on_mobile":false,"padding_top":0,"padding_bottom":36}}},"order":["main","slideshow_8XpkAy","multicolumn_NjgG4G","multicolumn_7DCAhx","multicolumn_Pc6gt3"]}