{"sections":{"slideshow_6XVKVz":{"type":"slideshow","blocks":{"slide_hrGyzj":{"type":"slide","settings":{"image":"shopify:\/\/shop_images\/manifesto.webp","image_mob":"shopify:\/\/shop_images\/m-manifesto-600d.webp","heading":"","heading_size":"h1","subheading":"","button_label":"","link":"","button_style_secondary":false,"box_align":"middle-center","show_text_box":false,"text_alignment":"center","image_overlay_opacity":0,"color_scheme":"","text_alignment_mobile":"center"}}},"block_order":["slide_hrGyzj"],"settings":{"layout":"full_bleed","slide_height":"medium","slider_visual":"counter","auto_rotate":false,"change_slides_speed":5,"image_behavior":"none","show_text_below":true,"accessibility_info":"Slideshow about our brand"}},"main":{"type":"main-page","settings":{"padding_top":28,"padding_bottom":28}},"multicolumn_Cqct7R":{"type":"multicolumn","blocks":{"column_4W4KJp":{"type":"column","settings":{"image":"shopify:\/\/shop_images\/square-product-care.webp","title":"PRODUCT CARE","text":"","text_shadow":false,"link_label":"READ MORE","link":"shopify:\/\/pages\/climate-action","button_style":"secondary"}},"column_LGQxMt":{"type":"column","settings":{"image":"shopify:\/\/shop_images\/d-jc-world-care-repair.webp","title":"REPAIR SERVICE","text":"","text_shadow":false,"link_label":"READ MORE","link":"shopify:\/\/blogs\/am-solemates-debuts-its-spring-collection-at-nyfw","button_style":"secondary"}}},"block_order":["column_4W4KJp","column_LGQxMt"],"settings":{"title":"","fullwidth":false,"heading_size":"h1","heading_position":"middle_left","image_width":"full","image_ratio":"square","text_overlay":false,"content_position":"bottom_left","font_size":16,"columns_desktop":2,"column_alignment":"center","background_style":"none","button_label":"","button_link":"","color_scheme":"scheme-35149f58-51d8-43d4-93a2-09ef5d5e5482","columns_mobile":"1","swipe_on_mobile":false,"padding_top":20,"padding_bottom":20}}},"order":["slideshow_6XVKVz","main","multicolumn_Cqct7R"]}