{"sections":{"main":{"type":"main-page","settings":{"padding_top":36,"padding_bottom":36}},"rich_text_pPjHGM":{"type":"rich-text","blocks":{"text_XwYWcD":{"type":"text","settings":{"text":"<p>For inquiries, please email us at: <a href=\"mailto:info@nalebeofficial.com\" title=\"mailto:info@nalebeofficial.com\">info@nalebeofficial.com<\/a><\/p>"}}},"block_order":["text_XwYWcD"],"settings":{"desktop_content_position":"center","content_alignment":"center","color_scheme":"","full_width":true,"padding_top":0,"padding_bottom":0}},"form":{"type":"contact-form","settings":{"heading":"","heading_size":"h1","color_scheme":"background-1","padding_top":36,"padding_bottom":36}}},"order":["main","rich_text_pPjHGM","form"]}