{"sections":{"rich_text_bX3ggi":{"type":"rich-text","blocks":{"text_aggBMT":{"type":"text","settings":{"text":"<h2>OUR VALUES<\/h2><p>Our mission at Nalebe is to consistently deliver the best value products defined by our creative shoe designs with blends of innovative styles meant to instill confidence and empower women. We improve the quality of life for our customers by ensuring customer focus, innovation, artisanal craftmanship and sustainable practices is at the core of our focus at Nalebe. We stay ahead of fashion trends in our versatile footwear designs that define luxury, comfort, and social responsibility.<\/p>"}}},"block_order":["text_aggBMT"],"settings":{"desktop_content_position":"center","content_alignment":"center","color_scheme":"","full_width":true,"padding_top":20,"padding_bottom":20}},"slideshow_XjTdiV":{"type":"slideshow","blocks":{"slide_zBLmWV":{"type":"slide","settings":{"image":"shopify:\/\/shop_images\/ValuesBanner.png","image_mob":"shopify:\/\/shop_images\/19.png","heading":"","heading_size":"h1","subheading":"","paragraph":"","button_label":"","link":"shopify:\/\/pages\/climate-action","button_style_secondary":true,"box_align":"middle-center","menu":"","button_shadow":false,"show_text_box":false,"text_alignment":"center","image_overlay_opacity":0,"color_scheme":"inverse","text_alignment_mobile":"center"}}},"block_order":["slide_zBLmWV"],"settings":{"layout":"full_bleed","slide_height":"adapt_image","slider_visual":"counter","auto_rotate":false,"change_slides_speed":5,"image_behavior":"none","show_text_below":false,"accessibility_info":"Slideshow about our brand"}},"main":{"type":"main-page","disabled":true,"settings":{"padding_top":32,"padding_bottom":0}},"multicolumn_QjaDnT":{"type":"multicolumn","blocks":{"column_K6tfiF":{"type":"column","settings":{"image":"shopify:\/\/shop_images\/2_7_65fe6ae1-4876-46c9-8c7c-1d1a0c2417e3.png","img_link":"","title":"NALEBE SUPPORTS DIVERSITY","text":"","text_shadow":false,"link_label":"READ MORE","link":"shopify:\/\/collections","button_style":"primary"}},"column_yUeiRx":{"type":"column","settings":{"image":"shopify:\/\/shop_images\/Values_Page_Nalebe_Cares-_On_Website.png","img_link":"","title":"NALEBE SUPPORTS WOMEN","text":"","text_shadow":false,"link_label":"READ MORE","link":"shopify:\/\/collections","button_style":"primary"}},"column_AfBkpf":{"type":"column","settings":{"image":"shopify:\/\/shop_images\/1_6_bea03ce0-b552-4e8b-8854-bcf5fe83aece.png","img_link":"","title":"NALEBE SUPPORTS CHILDREN EDUCATION","text":"","text_shadow":false,"link_label":"READ MORE","link":"shopify:\/\/collections","button_style":"primary"}}},"block_order":["column_K6tfiF","column_yUeiRx","column_AfBkpf"],"settings":{"title":"<strong>NALEBE CARES<\/strong>","fullwidth":false,"heading_size":"h2","heading_position":"middle_center","image_width":"full","image_ratio":"adapt","text_overlay":false,"content_position":"bottom_left","font_size":16,"columns_desktop":3,"column_alignment":"center","background_style":"none","button_label":"","button_link":"","color_scheme":"","columns_mobile":"1","swipe_on_mobile":true,"padding_top":36,"padding_bottom":0}},"image_with_text_VadNde":{"type":"image-with-text","blocks":{"text_EVhBHi":{"type":"text","settings":{"text":"<h2><strong>Our Core Values<\/strong><\/h2><p><\/p><p>The ideals that drive Nalebe forward can be separated into 5 different core values that guide our Shoe Making Process:<\/p><p><\/p><p><strong>Artisan Craftmanship -<\/strong> Nalebe Footwear is made in one of the oldest houses known for quality footwear in Milan- Italy, we source the finest leathers and follow a strict responsible production process, Our Artisans in Milan bring decades of experience to our commitment to Craftmanship. <\/p><p><\/p><p><strong>Sustainability – <\/strong>With our \"Zero Waste Policy\" we ensure that materials are not wasted during production: <\/p><p><\/p><p><strong>Innovation - <\/strong>progressive, enlightening forward-thinkers who engaging in new ideas for better solutions to the age long problem on shoe pain. Our shoes are crafted by artisans in Italy with focus on solving the age long problem of painful heels<\/p><p><\/p><p><strong>Customer Centric– <\/strong> We always engage in critical thinking, Nalebe heels are comfortable and help to prevent pain from long hours. Our Shoes accommodate shoe sizes EU 35 to EU 44 with Wider Calf Options. We operate with high standards of honesty and strong moral principles. Doing the right thing all the time with no exemption with no compromise on Quality. <\/p>","text_style":"body"}}},"block_order":["text_EVhBHi"],"settings":{"image":"shopify:\/\/shop_images\/Untitled_500_x_660_px_-3.png","height":"adapt","desktop_image_width":"small","layout":"text_first","desktop_content_position":"middle","desktop_content_alignment":"center","content_layout":"no-overlap","section_color_scheme":"","color_scheme":"","image_behavior":"none","mobile_content_alignment":"left","padding_top":12,"padding_bottom":36}}},"order":["rich_text_bX3ggi","slideshow_XjTdiV","main","multicolumn_QjaDnT","image_with_text_VadNde"]}