{"sections":{"slideshow_Xdbt9d":{"type":"slideshow","blocks":{"slide_HefUFK":{"type":"slide","settings":{"image":"shopify:\/\/shop_images\/d-jc-world-our-value.webp","image_mob":"shopify:\/\/shop_images\/m-jc-world-our-value.webp","heading":"Image slide","heading_size":"h1","subheading":"","button_label":"","link":"","button_style_secondary":false,"box_align":"middle-center","show_text_box":false,"text_alignment":"center","image_overlay_opacity":0,"color_scheme":"","text_alignment_mobile":"center"}}},"block_order":["slide_HefUFK"],"settings":{"layout":"full_bleed","slide_height":"medium","slider_visual":"counter","auto_rotate":false,"change_slides_speed":5,"image_behavior":"none","show_text_below":true,"accessibility_info":"Slideshow about our brand"}},"main":{"type":"main-page","settings":{"padding_top":28,"padding_bottom":28}}},"order":["slideshow_Xdbt9d","main"]}