{"sections":{"main":{"type":"main-page","disabled":true,"settings":{"padding_top":28,"padding_bottom":16}},"slideshow_EepATt":{"type":"slideshow","blocks":{"slide_PP8xzJ":{"type":"slide","settings":{"image":"shopify:\/\/shop_images\/Untitled_678_x_850_px_-4.png","image_mob":"shopify:\/\/shop_images\/Mobile_Site_Nalebe_Perks.png","heading":"","heading_size":"h1","subheading":"","paragraph":"<p><strong>Become a Nalebe Insider<\/strong><br\/><\/p><ul><li>Earn points on every purchase<\/li><li>Extra Information on Nalebe<\/li><li>Exclusive perks and early access<\/li><li>Join the Loyalty Program<\/li><\/ul>","button_label":"Sign Up For Nalebe Perks","link":"https:\/\/nalebeofficial.com\/account\/register","button_style_secondary":false,"box_align":"middle-left","menu":"","button_shadow":false,"show_text_box":false,"text_alignment":"left","image_overlay_opacity":0,"color_scheme":"","text_alignment_mobile":"center"}}},"block_order":["slide_PP8xzJ"],"settings":{"layout":"full_bleed","slide_height":"adapt_image","slider_visual":"counter","auto_rotate":false,"change_slides_speed":5,"image_behavior":"none","show_text_below":true,"accessibility_info":"Slideshow about our brand"}},"image_with_text_xGUczt":{"type":"image-with-text","blocks":{"heading_PJrpqK":{"type":"heading","settings":{"heading":"<strong>How It Works<\/strong>","heading_size":"h2"}},"text_QwCX7B":{"type":"text","settings":{"text":"<p><strong>JOIN<\/strong><\/p><p>Sign-in to your existing account<br\/>or create a new one here (it’s<br\/>free to do). Earn 100 points for<br\/>joining.<br\/><br\/><strong>EARN<\/strong><\/p><p>Earn 1 point for every dollar<br\/>spent. Plus earn points for<br\/>connecting on social,<br\/>referring friends + more.<br\/><br\/><strong>REDEEM<\/strong><\/p><p>Redeem your points at<br\/>checkout towards product<br\/>and exclusive perks.<\/p>","text_style":"body"}}},"block_order":["heading_PJrpqK","text_QwCX7B"],"settings":{"image":"shopify:\/\/shop_images\/Mobile_Version.png","height":"adapt","desktop_image_width":"medium","layout":"text_first","desktop_content_position":"middle","desktop_content_alignment":"center","content_layout":"no-overlap","section_color_scheme":"","color_scheme":"","image_behavior":"none","mobile_content_alignment":"left","padding_top":44,"padding_bottom":36}},"multicolumn_H6dwUw":{"type":"multicolumn","blocks":{"column_pxn8qq":{"type":"column","settings":{"img_link":"","title":"","text":"<h2><\/h2><h2><strong>How It Works<\/strong><\/h2><p><strong>JOIN<\/strong><br\/><br\/>Sign-in to your existing account<br\/>or create a new one here (it’s<br\/>free to do). Earn 100 points for<br\/>joining.<br\/><br\/><strong>EARN<\/strong><br\/><br\/>Earn 1 point for every dollar<br\/>spent. Plus earn points for<br\/>connecting on social,<br\/>referring friends + more.<br\/><br\/><strong>REDEEM<\/strong><br\/><br\/>Redeem your points at<br\/>checkout towards product<br\/>and exclusive perks.<\/p>","text_shadow":false,"link_label":"","link":"","button_style":"primary"}},"column_qzmPJB":{"type":"column","settings":{"image":"shopify:\/\/shop_images\/Untitled_678_x_850_px_-5.png","img_link":"","title":"","text":"","text_shadow":false,"link_label":"","link":"","button_style":"primary"}}},"block_order":["column_pxn8qq","column_qzmPJB"],"disabled":true,"settings":{"title":"","fullwidth":false,"heading_size":"h1","heading_position":"middle_center","image_width":"full","image_ratio":"adapt","text_overlay":false,"content_position":"middle_center","font_size":16,"columns_desktop":2,"column_alignment":"center","background_style":"none","button_label":"","button_link":"","color_scheme":"","columns_mobile":"1","swipe_on_mobile":false,"padding_top":32,"padding_bottom":0}},"multicolumn_TehjtT":{"type":"multicolumn","blocks":{"column_dd4kNN":{"type":"column","settings":{"img_link":"","title":"","text":"<p>Points for Purchases<br\/>1 Point for every $1 spent<br\/><br\/>SIgn up for SMS<br\/>10 Points<br\/><br\/>Anniversary Reward<br\/><br\/>100 Points<\/p>","text_shadow":false,"link_label":"","link":"","button_style":"primary"}},"column_zJ8Rtx":{"type":"column","settings":{"img_link":"","title":"","text":"<p>Points for purchases<br\/>1 Points Per $<br\/><br\/>Birthday Reward<br\/>100 Points<br\/><br\/>Create Account<br\/>100 Points<\/p>","text_shadow":false,"link_label":"","link":"","button_style":"primary"}}},"block_order":["column_dd4kNN","column_zJ8Rtx"],"settings":{"title":"Ways To Earn","fullwidth":false,"heading_size":"h2","heading_position":"middle_center","image_width":"full","image_ratio":"adapt","text_overlay":false,"content_position":"bottom_left","font_size":16,"columns_desktop":2,"column_alignment":"center","background_style":"primary","button_label":"","button_link":"","color_scheme":"","columns_mobile":"1","swipe_on_mobile":false,"padding_top":0,"padding_bottom":0}},"multicolumn_jB8c9M":{"type":"multicolumn","blocks":{"column_Hhwh7m":{"type":"column","settings":{"img_link":"","title":"","text":"<p>5% OFF<br\/>500 Points<br\/><br\/>10% OFF<br\/>1,000 Points<\/p>","text_shadow":false,"link_label":"","link":"","button_style":"primary"}}},"block_order":["column_Hhwh7m"],"settings":{"title":"Ways To Redeem","fullwidth":false,"heading_size":"h2","heading_position":"middle_center","image_width":"full","image_ratio":"adapt","text_overlay":false,"content_position":"bottom_left","font_size":16,"columns_desktop":6,"column_alignment":"center","background_style":"primary","button_label":"","button_link":"","color_scheme":"","columns_mobile":"1","swipe_on_mobile":false,"padding_top":36,"padding_bottom":36}}},"order":["main","slideshow_EepATt","image_with_text_xGUczt","multicolumn_H6dwUw","multicolumn_TehjtT","multicolumn_jB8c9M"]}