{"sections":{"main":{"type":"main-product","blocks":{"vendor":{"type":"text","disabled":true,"settings":{"text":"{{ product.vendor }}","text_style":"uppercase"}},"title":{"type":"title","settings":{}},"yotpo_product_reviews_ugc_star_rating_4cEUTx":{"type":"shopify:\/\/apps\/yotpo-product-reviews-ugc\/blocks\/star-rating\/eb7dfd7d-db44-4334-bc49-c893b51b36cf","settings":{"product":"{{product}}"}},"price":{"type":"price","settings":{}},"variant_picker":{"type":"variant_picker","settings":{"picker_type":"button"}},"true_fit_widget_WgmyDH":{"type":"shopify:\/\/apps\/true-fit\/blocks\/widget\/caa08c3b-c601-47cd-9c2a-32bb0567b191","settings":{}},"quantity_selector":{"type":"quantity_selector","settings":{}},"wishlist_hero_custom_product_button_4ajaLt":{"type":"shopify:\/\/apps\/wishlist-hero\/blocks\/custom-product-button\/a9a5079b-59e8-47cb-b659-ecf1c60b9b72","settings":{"displayButtonMode":"~","contentAlignment":"center","buttonAlignment":"center","buttonFullwidth":true,"removeBoxShadowAndBorder":false,"horizontalPadding":20,"iconTopOffset":0,"addedCssClassNames":"","addedContainerStyles":""}},"buy_buttons":{"type":"buy_buttons","settings":{"show_dynamic_checkout":true,"show_gift_card_recipient":true}},"description":{"type":"description","settings":{"enable_Accordion":true}},"share":{"type":"share","settings":{"share_label":"Share"}}},"block_order":["vendor","title","yotpo_product_reviews_ugc_star_rating_4cEUTx","price","variant_picker","true_fit_widget_WgmyDH","quantity_selector","wishlist_hero_custom_product_button_4ajaLt","buy_buttons","description","share"],"settings":{"enable_sticky_info":true,"color_scheme":"scheme-35149f58-51d8-43d4-93a2-09ef5d5e5482","media_size":"medium","constrain_to_viewport":false,"media_fit":"contain","gallery_layout":"stacked","media_position":"left","image_zoom":"lightbox","mobile_thumbnails":"hide","hide_variants":true,"enable_video_looping":false,"padding_top":36,"padding_bottom":12}},"170963377250fab220":{"type":"apps","blocks":{"yotpo_product_reviews_ugc_reviews_xU4G8E":{"type":"shopify:\/\/apps\/yotpo-product-reviews-ugc\/blocks\/reviews\/eb7dfd7d-db44-4334-bc49-c893b51b36cf","settings":{"product":"{{product}}"}}},"block_order":["yotpo_product_reviews_ugc_reviews_xU4G8E"],"settings":{"include_margins":true}},"related-products":{"type":"related-products","settings":{"heading":"You may also like","heading_size":"h2","products_to_show":4,"columns_desktop":4,"color_scheme":"background-1","image_ratio":"square","image_shape":"default","show_secondary_image":false,"show_vendor":false,"show_rating":false,"columns_mobile":"2","padding_top":36,"padding_bottom":28}}},"order":["main","170963377250fab220","related-products"]}