{"name":"t:sections.footer.name","type":"footer","sections":{"newsletter_qJQ8Ae":{"type":"newsletter","blocks":{"heading_Eqfbqb":{"type":"heading","settings":{"heading":"Subscribe To Our Emails","heading_size":"h1"}},"paragraph_pHN8dr":{"type":"paragraph","settings":{"text":"<p>Be the first to know about new collections and exclusive offers.<\/p>"}},"email_form_cycpYt":{"type":"email_form","settings":{}}},"block_order":["heading_Eqfbqb","paragraph_pHN8dr","email_form_cycpYt"],"disabled":true,"settings":{"color_scheme":"background-2","full_width":true,"padding_top":12,"padding_bottom":32}},"footer":{"type":"footer","blocks":{"3dd90950-6132-463f-ad50-2b7c4ee0813a":{"type":"text","settings":{"heading":"","footer_logo":"shopify:\/\/shop_images\/Logo_footer.svg","show_social_icon":false,"payment_enable":false,"subtext":"<p>Share contact information, store details, and brand content with your customers.<\/p>","heading_second":""}},"9c186bca-aa61-4dfa-b443-37256b4edd57":{"type":"link_list","settings":{"heading":"<strong>Our Collections<\/strong>","menu":"menu"}},"4b377950-bd40-4c23-a8ab-540b0ec84fe5":{"type":"link_list","settings":{"heading":"<strong>Information<\/strong>","menu":"information"}},"a1535bfd-e602-4ece-9152-bd12cbbe9fb8":{"type":"text","disabled":true,"settings":{"heading":"<strong>Business Details<\/strong>","show_social_icon":true,"payment_enable":true,"subtext":"<p>Address: <\/p><p>Phone Number: <\/p><p>E-Mail Address: <\/p>","heading_second":""}},"newslatter_7kV3T6":{"type":"newslatter","settings":{"heading":"Subscribe For Latest Updates!","newsdesc":"<p>Sign up for exclusive offers, original stories, events and more.<\/p>"}}},"block_order":["3dd90950-6132-463f-ad50-2b7c4ee0813a","9c186bca-aa61-4dfa-b443-37256b4edd57","4b377950-bd40-4c23-a8ab-540b0ec84fe5","a1535bfd-e602-4ece-9152-bd12cbbe9fb8","newslatter_7kV3T6"],"settings":{"color_scheme":"inverse","color_scheme_second":"inverse","newsletter_enable":false,"enable_follow_on_shop":false,"enable_country_selector":false,"enable_language_selector":false,"payment_enable":true,"show_policy":false,"footer_bootom_link":"footer_down_menu","margin_top":0,"padding_top":0,"padding_bottom":0}}},"order":["newsletter_qJQ8Ae","footer"]}