{"name":"t:sections.footer.name","type":"footer","sections":{"48990cd2-0b81-4ef4-9f2f-de331dc1fb65":{"type":"newsletter","blocks":{"sections--21590274310445__48990cd2-0b81-4ef4-9f2f-de331dc1fb65-heading-1":{"type":"heading","settings":{"heading":"Subscribe To Our Newsletter","heading_size":"h2"}},"sections--21590274310445__48990cd2-0b81-4ef4-9f2f-de331dc1fb65-paragraph-1":{"type":"paragraph","settings":{"text":"<p>Cloud 9 Oasis is an ecommerce retailer of multiple fashion brands.<\/p>"}},"sections--21590274310445__48990cd2-0b81-4ef4-9f2f-de331dc1fb65-email_form-1":{"type":"email_form","settings":{}}},"block_order":["sections--21590274310445__48990cd2-0b81-4ef4-9f2f-de331dc1fb65-heading-1","sections--21590274310445__48990cd2-0b81-4ef4-9f2f-de331dc1fb65-paragraph-1","sections--21590274310445__48990cd2-0b81-4ef4-9f2f-de331dc1fb65-email_form-1"],"settings":{"color_scheme":"accent-2","full_width":true,"padding_top":32,"padding_bottom":32}},"footer":{"type":"footer","blocks":{"2286751f-6c73-40d9-b6da-b36e0cb1ea46":{"type":"text","settings":{"heading":"","footer_logo":"shopify:\/\/shop_images\/Cloud9-Oasis-Logo-Main_1.png","show_social_icon":false,"payment_enable":false,"subtext":"<p>At Cloud9Oasis, we believe in creating a blissful shopping experience for our valued customers. We take pride in offering a wide range of high-quality products to enhance your lifestyle...<a href=\"\/pages\/about-us\" target=\"_blank\" title=\"About Us\">Read More<\/a><\/p>","heading_second":""}},"e8b05d47-9ccf-4be0-bc7e-068bab052a88":{"type":"link_list","settings":{"heading":"Our Category","menu":"category"}},"32a62361-9ce4-474f-b84f-399cab1bcac9":{"type":"link_list","settings":{"heading":"Legal Information","menu":"legal-information"}},"1e1845aa-919a-49f2-9d03-ad905801ee39":{"type":"text","settings":{"heading":"Business Details","show_social_icon":false,"payment_enable":true,"subtext":"<p><strong>Address:<\/strong> Birch Street Suite 3169 Newport Beach, CA 92660<\/p><p><strong>Phone Number: <\/strong><a href=\"tel:7147671751\" target=\"_blank\" title=\"tel:7147671751\">+17147671751<\/a><\/p><p><strong>E-Mail Address: <\/strong><a href=\"mailto:C9Oasis@gmail.com\" target=\"_blank\" title=\"mailto:C9Oasis@gmail.com\">C9Oasis@gmail.com<\/a><\/p>","heading_second":"Payment"}}},"block_order":["2286751f-6c73-40d9-b6da-b36e0cb1ea46","e8b05d47-9ccf-4be0-bc7e-068bab052a88","32a62361-9ce4-474f-b84f-399cab1bcac9","1e1845aa-919a-49f2-9d03-ad905801ee39"],"settings":{"color_scheme":"accent-2","color_scheme_second":"background-2","enable_follow_on_shop":false,"enable_country_selector":true,"enable_language_selector":true,"payment_enable":true,"show_policy":false,"footer_bootom_link":"footer-bottom","margin_top":0,"padding_top":0,"padding_bottom":0}}},"order":["48990cd2-0b81-4ef4-9f2f-de331dc1fb65","footer"]}