{"name":"t:sections.header.name","type":"header","sections":{"announcement-bar":{"type":"announcement-bar","blocks":{"announcement-bar-0":{"type":"announcement","settings":{"text":"Welcome to our store","link":""}},"0edf7a09-448d-4bdb-a76c-dcaa500666ca":{"type":"announcement","settings":{"text":"Welcome to our store","link":""}}},"block_order":["announcement-bar-0","0edf7a09-448d-4bdb-a76c-dcaa500666ca"],"settings":{"color_scheme":"background-2","show_line_separator":true,"show_social":false,"auto_rotate":true,"change_slides_speed":5,"enable_country_selector":true,"enable_language_selector":true}},"header":{"type":"header","settings":{"logo_position":"top-center","menu":"ced-menu","menu_type_desktop":"dropdown","sticky_header_type":"on-scroll-up","show_line_separator":true,"color_scheme":"background-1","menu_color_scheme":"background-1","enable_country_selector":true,"enable_language_selector":true,"mobile_logo_position":"center","margin_bottom":0,"padding_top":14,"padding_bottom":0}}},"order":["announcement-bar","header"]}