{"sections":{"image_banner_whkzLL":{"type":"image-banner","blocks":{"heading_Qb7BCc":{"type":"heading","settings":{"heading":"Image banner","heading_size":"h1"}},"text_fVMAzq":{"type":"text","disabled":true,"settings":{"text":"Give customers details about the banner image(s) or content on the template.","text_style":"body"}},"buttons_QQzeBz":{"type":"buttons","disabled":true,"settings":{"button_label_1":"Button label","button_link_1":"","button_style_secondary_1":false,"button_label_2":"Button label","button_link_2":"","button_style_secondary_2":false}}},"block_order":["heading_Qb7BCc","text_fVMAzq","buttons_QQzeBz"],"settings":{"image":"shopify:\/\/shop_images\/Collection-Image.png","image_overlay_opacity":0,"image_height":"adapt","desktop_content_position":"middle-center","show_text_box":false,"desktop_content_alignment":"center","color_scheme":"background-2","image_behavior":"none","mobile_content_alignment":"center","stack_images_on_mobile":false,"show_text_below":false}},"banner":{"type":"main-collection-banner","disabled":true,"settings":{"show_collection_description":true,"show_collection_image":false,"color_scheme":"background-1"}},"product-grid":{"type":"main-collection-product-grid","settings":{"products_per_page":16,"columns_desktop":4,"color_scheme":"background-1","image_ratio":"square","image_shape":"default","show_secondary_image":true,"show_vendor":false,"show_rating":false,"enable_quick_add":true,"enable_filtering":true,"filter_type":"horizontal","enable_sorting":true,"columns_mobile":"2","padding_top":36,"padding_bottom":36}}},"order":["image_banner_whkzLL","banner","product-grid"]}