{"sections":{"fbd2e3d5-5c17-40d4-994f-6a75d44f8a5f":{"type":"slideshow","blocks":{"template--21912298979609__fbd2e3d5-5c17-40d4-994f-6a75d44f8a5f-slide-1":{"type":"slide","settings":{"image":"shopify:\/\/shop_images\/B.jpg","image_mob":"shopify:\/\/shop_images\/Mobile-banner.jpg","heading":"<strong>Rediscover The Joy Of Dressing<\/strong>","heading_size":"h1","subheading":"From chic dresses to versatile separates, our collection of women's clothing transcends trends and celebrates individuality","button_label":"Buy Now","link":"shopify:\/\/collections\/girls-dresses","button_style_secondary":false,"box_align":"middle-left","show_text_box":false,"text_alignment":"left","image_overlay_opacity":10,"color_scheme":"background-1","text_alignment_mobile":"center"}},"template--21912298979609__fbd2e3d5-5c17-40d4-994f-6a75d44f8a5f-slide-2":{"type":"slide","disabled":true,"settings":{"image":"shopify:\/\/shop_images\/Banner-2_5b000e26-778b-40de-ab4a-e262daebd678.webp","image_mob":"shopify:\/\/shop_images\/Mobile-Banner-2.webp","heading":"<strong>Discover a one-stop heaven at our store <\/strong>","heading_size":"h1","subheading":"Explore our collection of trendy women's camo shirts, where style meets comfort.  Shop now for a bold and confident look","button_label":"","link":"shopify:\/\/collections","button_style_secondary":false,"box_align":"middle-left","show_text_box":false,"text_alignment":"left","image_overlay_opacity":0,"color_scheme":"","text_alignment_mobile":"center"}}},"block_order":["template--21912298979609__fbd2e3d5-5c17-40d4-994f-6a75d44f8a5f-slide-1","template--21912298979609__fbd2e3d5-5c17-40d4-994f-6a75d44f8a5f-slide-2"],"settings":{"layout":"full_bleed","slide_height":"adapt_image","slider_visual":"numbers","auto_rotate":true,"change_slides_speed":5,"image_behavior":"none","show_text_below":true,"accessibility_info":"Slideshow about our brand"}},"6cf296da-ef75-4c55-8e2d-dff4f44db5a8":{"type":"icon-with-text","blocks":{"ac2df68c-cab9-4657-b4d3-2f94320a3bee":{"type":"stripe","settings":{"image":"shopify:\/\/shop_images\/ii1.svg","custom_link":"","text":"<h3><strong>Free Shipping<\/strong><\/h3>"}},"fdd4afdb-90a1-444f-8743-a1977466685c":{"type":"stripe","settings":{"image":"shopify:\/\/shop_images\/Return_595c583e-646b-4fb8-a3e8-a8f9028b2e0a.svg","custom_link":"","text":"<h3><strong>Hassle-Free Returns<\/strong><\/h3>"}},"35bf75df-6dc2-4d73-bc67-31d4c9b0cf0d":{"type":"stripe","settings":{"image":"shopify:\/\/shop_images\/Customer_Support.svg","custom_link":"","text":"<h3><strong>Safe Payment<\/strong><\/h3>"}},"f258e67c-95fb-4d27-93de-13029d9023a0":{"type":"stripe","settings":{"image":"shopify:\/\/shop_images\/Guarantee.svg","custom_link":"","text":"<h3><strong>100 % Authentic Guaranteed<\/strong><\/h3>"}}},"block_order":["ac2df68c-cab9-4657-b4d3-2f94320a3bee","fdd4afdb-90a1-444f-8743-a1977466685c","35bf75df-6dc2-4d73-bc67-31d4c9b0cf0d","f258e67c-95fb-4d27-93de-13029d9023a0"],"settings":{"heading":"","text_alignment":"center","body_text":"#ffffff","slide_number":4,"padding_top":12,"padding_bottom":12}},"collection_list_bCfzgP":{"type":"collection-list","blocks":{"featured_collection_bFV4QB":{"type":"featured_collection","settings":{"collection":"mens-clothing"}},"featured_collection_3QRJxG":{"type":"featured_collection","settings":{"collection":"womens-clothing"}},"featured_collection_k8eDxm":{"type":"featured_collection","settings":{"collection":"kids-clothing"}},"featured_collection_xXDAMy":{"type":"featured_collection","settings":{"collection":"accessories"}},"featured_collection_Hbdiam":{"type":"featured_collection","settings":{"collection":"footwear"}}},"block_order":["featured_collection_bFV4QB","featured_collection_3QRJxG","featured_collection_k8eDxm","featured_collection_xXDAMy","featured_collection_Hbdiam"],"settings":{"title":"Featured Collection","heading_size":"h1","image_ratio":"portrait","columns_desktop":5,"color_scheme":"background-2","show_view_all":true,"columns_mobile":"1","swipe_on_mobile":true,"padding_top":36,"padding_bottom":36}},"slideshow_VGgLCa":{"type":"slideshow","blocks":{"slide_Kmk4gr":{"type":"slide","settings":{"image":"shopify:\/\/shop_images\/Banner-Mid.jpg2.jpg","image_mob":"shopify:\/\/shop_images\/mobile-mid.jpg","heading":"Discover a curated collection that transcends trends","heading_size":"h1","subheading":"Our accessories are designed to complement and elevate your personal style. Embrace the art of accessorizing with handpicked pieces that effortlessly transition from casual to formal occasions","button_label":"Shop Now","link":"shopify:\/\/collections\/accessories","button_style_secondary":false,"box_align":"middle-left","show_text_box":false,"text_alignment":"left","image_overlay_opacity":20,"color_scheme":"scheme-fe9d93f3-ec4f-4154-a214-09fe5bd0a171","text_alignment_mobile":"left"}}},"block_order":["slide_Kmk4gr"],"settings":{"layout":"full_bleed","slide_height":"adapt_image","slider_visual":"counter","auto_rotate":false,"change_slides_speed":5,"image_behavior":"none","show_text_below":true,"accessibility_info":"Slideshow about our brand"}},"featured_collection":{"type":"featured-collection","settings":{"title":"Trending Products","heading_size":"h1","description":"","show_description":false,"description_style":"body","collection":"all","products_to_show":8,"columns_desktop":4,"full_width":false,"show_view_all":true,"view_all_style":"link","enable_desktop_slider":true,"color_scheme":"background-1","image_ratio":"square","image_shape":"default","show_secondary_image":true,"show_vendor":false,"show_rating":false,"enable_quick_add":true,"columns_mobile":"1","swipe_on_mobile":true,"padding_top":44,"padding_bottom":36}},"custom_image_with_text_67jnPF":{"type":"custom-image-with-text","blocks":{"heading_7PfPLN":{"type":"heading","settings":{"heading":"About Our Store","heading_size":"h1"}},"text_48yCiw":{"type":"text","settings":{"text":"<p>Step into the world of fashion at Thriveme. We are more than just a clothing store; we are a destination where style meets comfort. Our carefully curated collection reflects the latest trends, ensuring you stay ahead in the fashion game. From casual chic to sophisticated elegance, we have something for every taste. Join us in celebrating individuality, expression, and confidence through our diverse range of apparel. Your journey to impeccable style begins here at Thriveme.<\/p>","text_style":"body"}},"button_pLfKzJ":{"type":"button","settings":{"button_label":"Know More","button_link":"shopify:\/\/pages\/about-us","button_style_secondary":false}}},"block_order":["heading_7PfPLN","text_48yCiw","button_pLfKzJ"],"settings":{"image":"shopify:\/\/shop_images\/about.jpg","right_image":"shopify:\/\/shop_images\/about.jpg2_e1986b84-9ea5-4e69-84ad-11583ea13bdc.jpg","height":"adapt","desktop_image_width":"medium","layout":"image_first","desktop_content_position":"middle","desktop_content_alignment":"left","content_layout":"no-overlap","color_scheme":"","image_behavior":"none","mobile_content_alignment":"left","padding_top":32,"padding_bottom":32}},"featured_collection_witHT6":{"type":"featured-collection","settings":{"title":"Featured Products","heading_size":"h1","description":"","show_description":false,"description_style":"body","collection":"all","products_to_show":8,"columns_desktop":4,"full_width":false,"show_view_all":true,"view_all_style":"link","enable_desktop_slider":true,"color_scheme":"background-1","image_ratio":"square","image_shape":"default","show_secondary_image":true,"show_vendor":false,"show_rating":false,"enable_quick_add":true,"columns_mobile":"1","swipe_on_mobile":true,"padding_top":44,"padding_bottom":36}},"f042309d-550e-4739-9852-7f1c6d108308":{"type":"newsletter","blocks":{"template--21912298979609__f042309d-550e-4739-9852-7f1c6d108308-heading-1":{"type":"heading","settings":{"heading":"Subscribe to our emails","heading_size":"h1"}},"template--21912298979609__f042309d-550e-4739-9852-7f1c6d108308-paragraph-1":{"type":"paragraph","settings":{"text":"<p>Be the first to know about new collections and exclusive offers.<\/p>"}},"template--21912298979609__f042309d-550e-4739-9852-7f1c6d108308-email_form-1":{"type":"email_form","settings":{}}},"block_order":["template--21912298979609__f042309d-550e-4739-9852-7f1c6d108308-heading-1","template--21912298979609__f042309d-550e-4739-9852-7f1c6d108308-paragraph-1","template--21912298979609__f042309d-550e-4739-9852-7f1c6d108308-email_form-1"],"disabled":true,"settings":{"color_scheme":"background-2","full_width":true,"padding_top":40,"padding_bottom":52}},"custom_multicolumn_mCbLkQ":{"type":"custom-multicolumn","blocks":{"column_b6kNkT":{"type":"column","settings":{"image":"shopify:\/\/shop_images\/Untitled-3_4c6dd811-0cdd-4552-ba9d-9bff93ab2ec9.jpg","title":"Men","text":"","link_label":"Explore","link":"shopify:\/\/collections\/mens-clothing","view_all_style":"link"}},"column_T9AwPm":{"type":"column","settings":{"image":"shopify:\/\/shop_images\/Untitled-3.j2pg.jpg","title":"Women","text":"","link_label":"Explore","link":"shopify:\/\/collections\/womens-clothing","view_all_style":"link"}},"column_kqDhBL":{"type":"column","settings":{"image":"shopify:\/\/shop_images\/Untitled-322.jpg","title":"Kid's","text":"","link_label":"Explore","link":"shopify:\/\/collections\/kids-clothing","view_all_style":"link"}}},"block_order":["column_b6kNkT","column_T9AwPm","column_kqDhBL"],"settings":{"title":"Trending Collection","main_heading_color":"#000000","heading_size":"h1","image_width":"full","image_ratio":"adapt","columns_desktop":3,"column_alignment":"left","addoverlay":true,"background_style":"none","button_label":"","button_link":"","color_scheme":"accent-2","columns_mobile":"1","swipe_on_mobile":true,"padding_top":36,"padding_bottom":36}}},"order":["fbd2e3d5-5c17-40d4-994f-6a75d44f8a5f","6cf296da-ef75-4c55-8e2d-dff4f44db5a8","collection_list_bCfzgP","slideshow_VGgLCa","featured_collection","custom_image_with_text_67jnPF","featured_collection_witHT6","f042309d-550e-4739-9852-7f1c6d108308","custom_multicolumn_mCbLkQ"]}