{"name":"t:sections.footer.name","type":"footer","sections":{"newsletter_ra8fFU":{"type":"newsletter","blocks":{"heading_TirCqz":{"type":"heading","settings":{"heading":"Sign up for Nalebe Updates","heading_size":"h2"}},"paragraph_xzmNP9":{"type":"paragraph","settings":{"text":"<p>Be first to receive early access to our latest collections, exclusive events and news<\/p>"}},"email_form_H3Rdqd":{"type":"email_form","settings":{}},"logo_list_m4ba7M":{"type":"logo_list","settings":{"image":"shopify:\/\/shop_images\/fast-delivery_1.svg","heading":"Free Delivery","heading_size":"h3","text":"<p>Free Delivery with code “FREE SHIPPING.” Complimentary free shipment label provided.<\/p>"}},"logo_list_VJjMTi":{"type":"logo_list","settings":{"image":"shopify:\/\/shop_images\/quality_1.svg","heading":"Quality Product","heading_size":"h3","text":"<p>All handmade in Italy. Organic materials and high quality guaranteed.<\/p>"}},"logo_list_W7JhTm":{"type":"logo_list","settings":{"image":"shopify:\/\/shop_images\/email_1.svg","heading":"Support","heading_size":"h3","text":"<p>24 Hour customer support is always available! Please visit our FAQS Page for frequently asked questions.<\/p>"}},"paragraph_tWNeBh":{"type":"paragraph","settings":{"text":"<h6><\/h6><h6>*By entering your email address you are accepting our<a href=\"\/pages\/term-of-services\" title=\"Term of Services\"> Terms & Conditions<\/a> and <a href=\"\/pages\/privacy-policy\" title=\"PRIVACY POLICY\">Privacy & Cookie Policy.<\/a><\/h6>"}}},"block_order":["heading_TirCqz","paragraph_xzmNP9","email_form_H3Rdqd","logo_list_m4ba7M","logo_list_VJjMTi","logo_list_W7JhTm","paragraph_tWNeBh"],"settings":{"color_scheme":"background-2","full_width":true,"padding_top":48,"padding_bottom":32}},"footer":{"type":"footer","blocks":{"text_xciwzQ":{"type":"text","settings":{"heading":"","footer_logo":"shopify:\/\/shop_images\/Nalebe-Logo-White_bc520d1a-9fb1-4e2a-b331-97019a59edc7.png","show_social_icon":true,"payment_enable":false,"subtext":"<p>Email Us : <a href=\"mailto:Info@nalebeofficial.com\" target=\"_blank\" title=\"mailto:Info@nalebeofficial.com\">Info@nalebeofficial.com<\/a><br\/>Stay up to date with Nalebe<\/p>","heading_second":""}},"link_list_kRQgiM":{"type":"link_list","settings":{"heading":"Our Stores","menu":"our-stores"}},"link_list_eUa3Vh":{"type":"link_list","settings":{"heading":"Customer Service","menu":"customer-service"}},"link_list_tf7Cri":{"type":"link_list","settings":{"heading":"Our Company","menu":"information"}}},"block_order":["text_xciwzQ","link_list_kRQgiM","link_list_eUa3Vh","link_list_tf7Cri"],"settings":{"color_scheme":"accent-1","color_scheme_second":"accent-1","newsletter_enable":false,"enable_follow_on_shop":false,"enable_country_selector":false,"enable_language_selector":false,"payment_enable":true,"show_policy":false,"footer_bootom_link":"","margin_top":0,"padding_top":0,"padding_bottom":0}}},"order":["newsletter_ra8fFU","footer"]}