{"name":"t:sections.header.name","type":"header","sections":{"announcement-bar":{"type":"announcement-bar","blocks":{"announcement-bar-0":{"type":"announcement","disabled":true,"settings":{"text":"Welcome to our store","link":""}},"announcement_aEEL9X":{"type":"announcement","settings":{"text":"Free Shipping on all purchases - USE CODE \"FREE SHIPPING”","link":""}}},"block_order":["announcement-bar-0","announcement_aEEL9X"],"settings":{"storeText":"Store locator","store_link":"shopify:\/\/pages\/stockists","color_scheme":"accent-1","color_scheme_store":"background-2","show_line_separator":false,"show_social":false,"auto_rotate":true,"change_slides_speed":5,"enable_country_selector":false,"enable_language_selector":true}},"header":{"type":"header","blocks":{"megamenu_with_collection_9wMmXR":{"type":"megamenu-with-collection","settings":{"menu_heading":"Women","collection_list":["sale"],"featured_megamenu_image":"shopify:\/\/shop_images\/4_5.png","featured_url_label":"Made-To-Order","featured_url":"shopify:\/\/pages\/made-to-order","featue_des":""}},"megamenu_with_collection_rRqXK7":{"type":"megamenu-with-collection","settings":{"menu_heading":"Bridal","collection_list":["bridal-page","bridal-boutique","bridal-party"],"featured_megamenu_image":"shopify:\/\/shop_images\/Home_1.webp","featured_url_label":"Made To Order","featured_url":"shopify:\/\/pages\/made-to-order","featue_des":""}},"megamenu_with_collection_cdz3wU":{"type":"megamenu-with-collection","settings":{"menu_heading":"Shop","collection_list":["mapenzi-ss24"],"featured_url_label":"","featured_url":"shopify:\/\/collections\/sale","featue_des":""}},"ae922600-1754-11ef-b0b5-b548a409c912":{"type":"shopify:\/\/apps\/wishlist-hero\/blocks\/header-icon\/a9a5079b-59e8-47cb-b659-ecf1c60b9b72","settings":{"customThemeName":"~","useCustomHeaderColor":false,"customHeaderColor":"","useCustomHeaderSize":false,"customHeaderIconSize":22,"additionalIconCssClassNames":"","additionalIconStyle":"","additionalContainerClasses":"","additionalContainerStyle":"","replaceExistingClasses":false}}},"block_order":["megamenu_with_collection_9wMmXR","megamenu_with_collection_rRqXK7","megamenu_with_collection_cdz3wU","ae922600-1754-11ef-b0b5-b548a409c912"],"settings":{"logo_position":"middle-left","menu":"test_heder","menu_type_desktop":"mega","sticky_header_type":"on-scroll-up","show_line_separator":true,"color_scheme":"background-1","menu_color_scheme":"background-1","enable_country_selector":false,"enable_language_selector":false,"mobile_logo_position":"center","margin_bottom":0,"custom_img":"shopify:\/\/shop_images\/B-4.jpg","custom_title":"The spring collection","custom_link":"shopify:\/\/collections\/nyfw-ss24","store_locator_link":"shopify:\/\/collections\/bridal","Store_locator_name":"Stores","padding_top":8,"padding_bottom":8}}},"order":["announcement-bar","header"]}