{"sections":{"main":{"type":"article-template","settings":{"blog_show_image":true,"blog_show_tags":false,"blog_show_date":true,"blog_show_comments":false,"blog_show_author":false,"social_sharing_blog":true}},"1644566865e267ac54":{"type":"article-list","disabled":true,"blocks":{"5a0568a8-72c2-42f2-92f6-04d305e11e1b":{"type":"article","settings":{"article":"e-commerce\/ecommerce-sales-tips-harnessing-the-power-of-seasonal-sales"}},"3f6f53f1-60d9-475c-9617-eb557112d82d":{"type":"article","settings":{"article":"e-commerce\/boost-your-conversion-rate-with-ecommerce-sales-funnel"}},"bed9e593-c691-49d2-91aa-4281bf97d833":{"type":"article","settings":{"article":"e-commerce\/6-tips-to-try-when-the-domain-name-is-already-taken-not-available"}},"58c1adab-b147-453b-b188-ec0dfd8fb477":{"type":"article","settings":{"article":""}}},"block_order":["5a0568a8-72c2-42f2-92f6-04d305e11e1b","3f6f53f1-60d9-475c-9617-eb557112d82d","bed9e593-c691-49d2-91aa-4281bf97d833","58c1adab-b147-453b-b188-ec0dfd8fb477"],"settings":{"enable_light_bg":true,"title":"Blog posts","text":"","link_text":"","link_url":"","blog_show_tags":false,"blog_show_date":true,"blog_show_comments":false,"blog_show_author":false,"divider":false}},"05648558-c586-4b6d-9dd2-7a59813fe618":{"type":"custom-contact-form","disabled":true,"settings":{"title":"<p>Let's talk about your business<\/p>","text":"","howdidyouhear_content":"Referred by Merchant,Referred by another Tech Company,Linkedin,Instagram,Facebook,Google Search"}},"2803826f-5337-4b90-933d-da228a754475":{"type":"newsletter","blocks":{"template--16081338597546__2803826f-5337-4b90-933d-da228a754475-16777634543abe390d-0":{"type":"title","settings":{"title":"Stay Smart and Informed","icon_enable":true}},"template--16081338597546__2803826f-5337-4b90-933d-da228a754475-16777634543abe390d-1":{"type":"text","settings":{"text":"<p>Subscribe to get the best of e-commerce news and updates.<\/p>"}},"template--16081338597546__2803826f-5337-4b90-933d-da228a754475-16777634543abe390d-2":{"type":"form","settings":{}}},"block_order":["template--16081338597546__2803826f-5337-4b90-933d-da228a754475-16777634543abe390d-0","template--16081338597546__2803826f-5337-4b90-933d-da228a754475-16777634543abe390d-1","template--16081338597546__2803826f-5337-4b90-933d-da228a754475-16777634543abe390d-2"],"settings":{"color_background":"#f9f9f9","color_text":"#1c1d1d"}}},"order":["main","1644566865e267ac54","05648558-c586-4b6d-9dd2-7a59813fe618","2803826f-5337-4b90-933d-da228a754475"]}