{"sections":{"a185e062-0b82-46c1-8454-51ace3fdf999":{"type":"image-banner","disabled":true,"settings":{"image_banner":"shopify:\/\/shop_images\/Website_Banner_4x-100.jpg","image_banner_mobile":"shopify:\/\/shop_images\/Mobile_version_-_website_4x-100.jpg","banner_link":"https:\/\/marmeto.com\/pages\/case-study-dalmia-sees-a-30-percent-sales-growth-on-shopify-with-marmeto","padding_top":58,"padding_bottom":26}},"5c880470-74f8-421e-b3be-476d6481d8f3":{"type":"hero-banner-blocks","blocks":{"611bd717-430e-41f3-a48b-6032c6c3a827":{"type":"banner-block","settings":{"banner_image":"shopify:\/\/shop_images\/I_m_Just_starting_3x-100_9e10ccdc-97f8-4d19-927f-12b21de483bb.jpg","banner_link":"shopify:\/\/pages\/new-store-development"}},"4bc80a48-87fc-40b5-b5e5-230005da672f":{"type":"banner-block","settings":{"banner_image":"shopify:\/\/shop_images\/Already_selling_online_3x-100_a44516d4-36c0-4922-936c-0453f75079c1.jpg","banner_link":"shopify:\/\/pages\/running-store-queries"}},"39075f35-49b5-4c19-be50-3d39b5cd90c1":{"type":"banner-block","settings":{"banner_image":"shopify:\/\/shop_images\/Shopify_app_dev_3x-100_fc46ae89-a738-49c3-aee5-7966c105965f.jpg","banner_link":"shopify:\/\/pages\/shopify-app-development"}},"22db6c29-bfe6-493b-abd3-431a8153a02a":{"type":"banner-block","settings":{"banner_image":"shopify:\/\/shop_images\/App_integration_3x-100_528b6e1d-8414-427d-9785-9880806d2008.jpg","banner_link":"shopify:\/\/pages\/contact"}}},"block_order":["611bd717-430e-41f3-a48b-6032c6c3a827","4bc80a48-87fc-40b5-b5e5-230005da672f","39075f35-49b5-4c19-be50-3d39b5cd90c1","22db6c29-bfe6-493b-abd3-431a8153a02a"],"settings":{}},"e6e2e867-ada5-43d4-a006-40ec95594c78":{"type":"image-banner","disabled":true,"settings":{"image_banner":"shopify:\/\/shop_images\/Consultation_-_1_copy_2x-100_08f064cf-55a7-4e69-84bc-2de0e0885018.jpg","image_banner_mobile":"shopify:\/\/shop_images\/Consultation_mobile_2x-100_8f7f82ec-66e1-47b0-9e61-0b5a90656da0.jpg","banner_link":"shopify:\/\/pages\/performance-optimisation","padding_top":176,"padding_bottom":0}},"1642191735781bfea6":{"type":"text-and-image","settings":{"image":"shopify:\/\/shop_images\/Logo_banner-3_3x-100_c185642f-3f97-4018-a916-085bbdcad4db.jpg","image2":"shopify:\/\/shop_images\/Logo_baner_22_copy_3x-100_abb4968d-8f78-4423-b839-9afd59ff6a59.jpg","image_width":700,"subtitle":"E-Commerce Development","title":"Building Online Stores","enable_large_title":false,"text":"<p>Scale your eCommerce Store<\/p>","button_label":"Explore Our Work","button_link":"https:\/\/marmeto.com\/pages\/portfolio","button_style":"primary","align_text":"left","layout":"right","divider":false,"remove_top_spacing":false}},"3bceb60c-1f3a-44c7-8bde-46e5c636ea05":{"type":"services-slider","blocks":{"787c4a0e-5c6b-4186-91e8-0d621d6aef75":{"type":"text","settings":{"enlarge_text":true,"text":"<p>You <a href=\"\/pages\/our-services\" target=\"_blank\" title=\"Our Services\"><em>Choose,<\/em><\/a> we Help<\/p>"}},"f4d4bffa-a48a-402c-ae09-aeb67a09bbd6":{"type":"button","settings":{"link":"shopify:\/\/pages\/performance-optimisation","link_text":"Store Optimization","align_button":"center"}},"7f9b8d9a-3a83-411c-9ac6-6d2c5c10e3a4":{"type":"button","settings":{"link":"shopify:\/\/pages\/running-store-queries","link_text":"Platform Migration","align_button":"center"}},"3dbfc853-71a0-441e-8ff7-e260fe0031b6":{"type":"button","settings":{"link":"shopify:\/\/pages\/new-store-development","link_text":"Store Development","align_button":"center"}},"662dcc1a-fab0-42cb-b8d6-d7938119e3d4":{"type":"button","settings":{"link":"shopify:\/\/pages\/contact","link_text":"Ecommerce Integrations","align_button":"center"}},"1b107dfd-defc-464d-b88c-17e7e0288f61":{"type":"button","settings":{"link":"shopify:\/\/pages\/shopify-app-development","link_text":"Shopify App Development","align_button":"center"}}},"block_order":["787c4a0e-5c6b-4186-91e8-0d621d6aef75","f4d4bffa-a48a-402c-ae09-aeb67a09bbd6","7f9b8d9a-3a83-411c-9ac6-6d2c5c10e3a4","3dbfc853-71a0-441e-8ff7-e260fe0031b6","662dcc1a-fab0-42cb-b8d6-d7938119e3d4","1b107dfd-defc-464d-b88c-17e7e0288f61"],"settings":{"backgound":"rgba(0,0,0,0)","text_color":"#ffffff","text_url":"","align_text":"center","narrow_column":false,"divider":false,"enable_spacing":false}},"330ef423-f748-4484-80a4-66e355fb2a4b":{"type":"image-banner","settings":{"image_banner":"shopify:\/\/shop_images\/Maintanance_2x-100_51c6e1c4-9eb4-460c-a352-59fd7cd00790.jpg","image_banner_mobile":"shopify:\/\/shop_images\/Maintannace_mobile_2x-100_4903b97d-a7c4-43ae-b042-76b406572e09.jpg","banner_link":"shopify:\/\/pages\/retainer-engagements","padding_top":50,"padding_bottom":0}},"1645349446ed461622":{"type":"text-and-image","settings":{"image":"shopify:\/\/shop_images\/Logo_baner_-_founders_2_3x-100.jpg","image2":"shopify:\/\/shop_images\/Logo_banner-Founders_1_3x-100.jpg","image_width":700,"subtitle":"MERCHANTS FIRST","title":"Read Their Experiences","enable_large_title":false,"text":"<p>Every customer is unique and so is their story. Read on to know more about what some of the most trusted brands have to share about their experience working with us.<\/p>","button_label":"Read Stories","button_link":"shopify:\/\/pages\/customer-stories","button_style":"primary","align_text":"right","layout":"left","divider":false,"remove_top_spacing":false}}},"order":["a185e062-0b82-46c1-8454-51ace3fdf999","5c880470-74f8-421e-b3be-476d6481d8f3","e6e2e867-ada5-43d4-a006-40ec95594c78","1642191735781bfea6","3bceb60c-1f3a-44c7-8bde-46e5c636ea05","330ef423-f748-4484-80a4-66e355fb2a4b","1645349446ed461622"]}