{"sections":{"main":{"type":"main-page","disabled":true,"settings":{}},"1645783149e261a724":{"type":"text-strip","settings":{"narrow_column":true,"backgound":"#e3ff53","text_color":"#14151b","align_text":"center","title":"A Shopify Plus Solution"}},"164574590128d7210b":{"type":"text-and-image","settings":{"image":"shopify:\/\/shop_images\/Custom_Quiz_Web_banner.png","image_width":700,"subtitle":"","title":"Custom Quiz to Drive Interactions and Boost Sales","enable_large_title":false,"text":"<p><strong>Engage<\/strong> with your customers to <strong>offer personalization<\/strong> and meet their <strong>expectations<\/strong>.<\/p>","button_label":"Boost Sales with a Custom Quiz","button_link":"https:\/\/forms.monday.com\/forms\/1f21d33f2cf5b306092689b5370b7412?r=use1","button_style":"primary","align_text":"left","layout":"right","divider":false,"remove_top_spacing":false}},"16457459198d6a0fc7":{"type":"text-columns","blocks":{"164574591969942641-0":{"type":"text_block","settings":{"enable_image":true,"image":"shopify:\/\/shop_images\/Builds_trust_and_fosters_brand_loyalty.png","image_width":200,"title":"","text":"<p>Builds trust and fosters brand loyalty based on personalized experience.<\/p>","button_label":"","button_link":""}},"164574591969942641-1":{"type":"text_block","settings":{"enable_image":true,"image":"shopify:\/\/shop_images\/Captures_attention_more_efficiently_than_static_content.png","image_width":200,"title":"","text":"<p>Captures attention more efficiently than static content.<\/p>","button_label":"","button_link":""}},"164574591969942641-2":{"type":"text_block","settings":{"enable_image":true,"image":"shopify:\/\/shop_images\/Makes_online_shopping_more_accesible_and_less_time_consuming.png","image_width":200,"title":"","text":"<p>It makes online shopping more accessible and less time-consuming.<\/p>","button_label":"","button_link":""}},"02b20b6f-b6c0-4c51-ac44-bdb412ff20cc":{"type":"text_block","settings":{"enable_image":true,"image":"shopify:\/\/shop_images\/Attracts_new_customers_when_shared_on_social_media.png","image_width":200,"title":"","text":"<p>Attracts new customers when shared on social media.<\/p>","button_label":"","button_link":""}}},"block_order":["164574591969942641-0","164574591969942641-1","164574591969942641-2","02b20b6f-b6c0-4c51-ac44-bdb412ff20cc"],"settings":{"backgound":"","text_color":"","title":"","text":"","align_text":"center","divider":false,"enable_spacing":false}},"16457463727b9f71e8":{"type":"rich-text","blocks":{"1645746372a2108791-0":{"type":"heading","settings":{"title":"The Problem","title_h1":false,"align_title":"center"}},"1645746372a2108791-1":{"type":"text","settings":{"enlarge_text":false,"text":"<p>There are over <a href=\"https:\/\/www.forbes.com\/sites\/forbestechcouncil\/2022\/07\/05\/building-customer-loyalty-in-an-online-world\/?sh=7087098a175d\"><span style=\"text-decoration:underline\">2 billion<\/span><\/a> online shoppers globally for apparel, home goods, electronics, and more. Yet there’s a significant discrepancy between the <a href=\"https:\/\/www.shopify.com\/retail\/retail-conversion-rate#:~:text=Research%20shows%20that%20the%20average,is%20around%2020%2D40%25.\"><span style=\"text-decoration:underline\">average conversion rate<\/span><\/a> for traditional brick-and-mortar stores (around 20-40%) and online conversion rates (around 2.86%).<\/p><p>Customer engagement is one of the most critical challenges for online retailers today. When potential customers step into a brick-and-mortar store, the store creates opportunities to engage their interests and prioritize their specific expectations and needs.<\/p><p>The store’s sales and retail associates support the shopper by providing those experiences. Likewise, even the minutest changes to store layout and visual merchandising increase accessibility and facilitate conversion in traditional stores.<\/p><p>In contrast, the continuous efforts to build positive, personalized experiences - which is what online customers want - are found lacking in most online experiences.<\/p><p>Customers tend to leave the website without a purchase just because they cannot settle on the right product mainly because:<\/p><p>- The navigation is too complex.<br\/>- It's difficult to compare alternatives.<br\/>- They do not have clear preferences.<\/p><p>As a result, customers cannot make quick, easy purchase decisions.<\/p><p><strong>Creating a custom quiz for your online store can help you personalize shopping experiences, making it easier for your customers to find more relevant products!<\/strong><\/p>"}}},"block_order":["1645746372a2108791-0","1645746372a2108791-1"],"settings":{"backgound":"#ffffff","text_color":"#000000","align_text":"left","narrow_column":true,"divider":false,"enable_spacing":true}},"16457464561a611fe1":{"type":"rich-text","blocks":{"1645746456ef3f85af-0":{"type":"heading","settings":{"title":"The Solution","title_h1":false,"align_title":"center"}},"1645746456ef3f85af-1":{"type":"text","settings":{"enlarge_text":false,"text":"<p>As per <a href=\"https:\/\/www.octaneai.com\/blog\/ecommerce-personalization-stats\"><span style=\"text-decoration:underline\">studies<\/span><\/a>:<\/p><p>- 80% of shoppers are more likely to purchase from a brand that offers them personalized experiences.<br\/>- 92% of online shoppers were influenced to buy products based on customized shopping cart recommendations.<br\/>- 74% of online customers expressed frustration when the website content was not personalized.<\/p><p>The data sends out a clear signal to e-commerce stores that moving ahead, personalization is key to driving business growth. This is especially relevant in the apparel, footwear, lifestyle, and electronics industries, where customer support can be a tremendous asset for online shoppers searching for quality materials and products that match their style preferences and body types.<\/p><p>At <a href=\"https:\/\/marmeto.com\/\"><span style=\"text-decoration:underline\">Marmeto<\/span><\/a>, we recognized this opportunity that e-commerce stores have today, and created a custom solution on <a href=\"https:\/\/www.shopify.in\/\"><span style=\"text-decoration:underline\">Shopify<\/span><\/a> that helps you capitalize on it. By working on the home page of your Shopify store, the solution gathers inputs from website visitors via an embedded quiz and generates automated product recommendations. The takeaway is a much more personalized shopping experience for your customers, making them feel that their opinions count!<\/p>"}}},"block_order":["1645746456ef3f85af-0","1645746456ef3f85af-1"],"settings":{"backgound":"#14151b","text_color":"#ffffff","align_text":"left","narrow_column":true,"divider":false,"enable_spacing":false}},"1645746567ed9690e4":{"type":"rich-text","blocks":{"164574656778ba2470-0":{"type":"heading","settings":{"title":"How Does This Feature Work?","title_h1":false,"align_title":"center"}},"164574656778ba2470-1":{"type":"text","settings":{"enlarge_text":false,"text":"<p><strong>We can help implement Marmeto’s custom-online quiz solution on your Shopify e-commerce store.<\/strong><\/p><p>Marmeto offers a user-friendly solution on the <a href=\"https:\/\/www.shopify.in\/\"><span style=\"text-decoration:underline\">Shopify<\/span><\/a> platform to help you conveniently build a customized quiz for your e-commerce site.<\/p><p>The quizzes are simple, straightforward, and interactive. Similar to a dedicated salesperson at a regular store, the quiz will engage your customers, guiding them from ‘start to cart’ so they can find exactly what they want.<\/p><p>While enabling your customers to take control of their buying experience, the quiz will put forth a series of questions for them. Every customer is unique in terms of their preferences and requirements. Therefore, once the customer responds to your first set of questions, the quiz will begin asking more specific questions targeted to their needs.<\/p><p>When the customer attempts the quiz, the relevant set of products pre-selected by you (based on the various quiz options) are curated and presented to your customer. It may also include a short story explaining why the products have been suggested.<\/p><p><\/p>"}},"2b327da5-2c55-4385-983a-a3b5ddc1fb57":{"type":"button","settings":{"link":"https:\/\/forms.monday.com\/forms\/1f21d33f2cf5b306092689b5370b7412?r=use1","link_text":"Add A Custom Quiz To Your Store","align_button":"center"}}},"block_order":["164574656778ba2470-0","164574656778ba2470-1","2b327da5-2c55-4385-983a-a3b5ddc1fb57"],"settings":{"backgound":"#ffffff","text_color":"#14151b","align_text":"left","narrow_column":true,"divider":false,"enable_spacing":true}},"1645746705fd0dba64":{"type":"rich-text","blocks":{"16457467052c6a94dd-0":{"type":"heading","settings":{"title":"Why Do We Need It?","title_h1":false,"align_title":"center"}},"16457467052c6a94dd-1":{"type":"text","settings":{"enlarge_text":false,"text":"<p>Very often, even after having invested significant time and money in driving traffic to your website, you may find yourself trying to understand such a low percentage of your visitors end up purchasing your store. After all, the cost per acquisition isn’t cheap across digital channels, and the low ROI on your marketing spend makes it difficult to explain your spending on traffic acquisition.<\/p><p>The fact is that customers are often unsure about the products they view on a site. Quizzes help you overcome barriers to sales by supporting your customer in finding what they are looking for. In addition, this intervention helps increase the conversion rate among users who take the quiz compared to those who do not.<\/p><p>Furthermore, by helping customers make confident choices, targeted quizzes allow you to drive sales, generate product feedback, and gain actionable customer insights about your customer profile. It helps you know the variables that support repeat purchases and brand loyalty in the long term.<\/p><p>Data-driven analytics enables you to make calculated decisions regarding target ads for your unique shopper segments and implement higher ROI marketing campaigns to increase conversion rates.<\/p><p>Quizzes are also excellent for building your email list and recovering abandoned carts through quizzes sent to customer inboxes with personalized emails containing product recommendations.<\/p><p>Online quizzes vary from profound classroom assessments to light-natured engagement on social media. For your ecommerce business, however, quizzes play a critical role in enhancing customer experience and helping drive your business growth.<\/p>"}}},"block_order":["16457467052c6a94dd-0","16457467052c6a94dd-1"],"settings":{"backgound":"#14151b","text_color":"#ffffff","align_text":"left","narrow_column":true,"divider":false,"enable_spacing":false}},"16457468007e4feed0":{"type":"text-columns","blocks":{"164574680029385df2-0":{"type":"text_block","settings":{"enable_image":true,"image":"shopify:\/\/shop_images\/Superbottoms_mockup.png","image_width":650,"title":"","text":"","button_label":"","button_link":""}},"164574680029385df2-1":{"type":"text_block","settings":{"enable_image":true,"image":"shopify:\/\/shop_images\/Sephora_Mockup.png","image_width":650,"title":"","text":"","button_label":"","button_link":""}}},"block_order":["164574680029385df2-0","164574680029385df2-1"],"settings":{"backgound":"#ffffff","text_color":"#14151b","title":"SPOTTED!!!!","text":"<p>\"Custom Quiz\" feature as seen on...<\/p>","align_text":"center","divider":false,"enable_spacing":true}},"164574693167eea5ff":{"type":"rich-text","blocks":{"16457469317de5c06c-0":{"type":"heading","settings":{"title":"About Marmeto","title_h1":false,"align_title":"center"}},"16457469317de5c06c-1":{"type":"text","settings":{"enlarge_text":false,"text":"<p><strong>Marmeto is one of India's leading Shopify and Shopify Plus solution providers for all ecommerce stores <\/strong>with customized solutions. With everything centered around Shopify, we offer simplified ecommerce solutions ranging from building customized solutions & integrations for your Shopify website to building Shopify apps to Enterprise Solutions centered around Shopify! We have developed over <strong>900 Shopify websites, 60 Shopify Plus stores <\/strong>and have successful collaborations with an array of partner ranging from marketing to logistics domains.<br\/><strong>At Marmeto, there's a singular goal. To Simplify Ecommerce. Have you experienced it yet?<\/strong><\/p>"}}},"block_order":["16457469317de5c06c-0","16457469317de5c06c-1"],"settings":{"backgound":"#14151b","text_color":"#ffffff","align_text":"center","narrow_column":true,"divider":false,"enable_spacing":false}},"16457469812a2db1d6":{"type":"video-list","blocks":{"1645746981032cd302-0":{"type":"video_block","settings":{"image":"shopify:\/\/shop_images\/LP.jpg","video_id":"lThT2UIYI2c"}},"1645746981032cd302-1":{"type":"video_block","settings":{"image":"shopify:\/\/shop_images\/power_gummies_thumbnail.jpg","video_id":"eJRvXxCEh-A"}},"1645746981032cd302-2":{"type":"video_block","settings":{"image":"shopify:\/\/shop_images\/xyxx_thumbnail.jpg","video_id":"VGePZ-JkehQ"}},"1645746981032cd302-3":{"type":"video_block","settings":{"image":"shopify:\/\/shop_images\/epigamia.jpg","video_id":"anG0fUVKUHo&t=1s"}}},"block_order":["1645746981032cd302-0","1645746981032cd302-1","1645746981032cd302-2","1645746981032cd302-3"],"settings":{"backgound":"#ffffff","text_color":"#14151b","title":"Our Folio","text":"<p>Over the past few years, we've helped a lot of brands & business build and enhance their online presence.<br\/>Here's a glimpse of our latest work.<\/p>","align_text":"center","divider":false,"enable_spacing":true}}},"order":["main","1645783149e261a724","164574590128d7210b","16457459198d6a0fc7","16457463727b9f71e8","16457464561a611fe1","1645746567ed9690e4","1645746705fd0dba64","16457468007e4feed0","164574693167eea5ff","16457469812a2db1d6"]}