{"sections":{"main":{"type":"main-page","disabled":true,"settings":{}},"b03af30b-1a90-407e-8047-cf7e2f8c7caf":{"type":"slideshow","blocks":{"template--16120080138410__b03af30b-1a90-407e-8047-cf7e2f8c7caf-1681977396e3b9395c-0":{"type":"image","settings":{"title":"Dalmia sees a 30% Sales Growth collaborating with Marmeto","title_size":70,"subheading":"A collaboration that exemplifies the power of strategic partnerships in leveraging Shopify for business expansion - check out how we helped Dalmia Cements offer a seamless shopping experiences and drive significant sales growth.","link":"","link_text":"","text_align":"vertical-center horizontal-left","image":"shopify:\/\/shop_images\/Dalmia_case_study_image_2x-100_c689213c-5f13-4b20-b058-3a4df383c503.jpg","image_mobile":"shopify:\/\/shop_images\/Mobile_version_2x-100_f37b71b4-6e97-4953-bb17-5dd22c5c8648.jpg","image_opacity":false,"overlay_opacity":60,"focal_point":"20% 50%"}}},"block_order":["template--16120080138410__b03af30b-1a90-407e-8047-cf7e2f8c7caf-1681977396e3b9395c-0"],"settings":{"section_height":"650px","mobile_height":"100vh","parallax":false,"style":"minimal","autoplay":false,"autoplay_speed":5}},"34821ad9-3f9d-4a29-bcab-65fd2af55c39":{"type":"key-result","blocks":{"0085c7c0-5d57-4622-8a93-f1d2f207acea":{"type":"text","settings":{"block_no":"486%","block_title":"<p>surge in website traffic<\/p>"}},"b3962bb0-21bb-4db9-bd73-841f5a6863f1":{"type":"text","settings":{"block_no":"100%","block_title":"<p>returning customer rate <\/p>"}},"2ea47c12-a038-429c-a79c-18ee64225986":{"type":"text","settings":{"block_no":"1.37%","block_title":"<p>conversion rate within 2 months<\/p>"}},"c3c3afb4-1b9e-4623-be81-c4fecf415d2c":{"type":"text","settings":{"block_no":"30%","block_title":"<p>sales growth within 3 months<\/p>"}}},"block_order":["0085c7c0-5d57-4622-8a93-f1d2f207acea","b3962bb0-21bb-4db9-bd73-841f5a6863f1","2ea47c12-a038-429c-a79c-18ee64225986","c3c3afb4-1b9e-4623-be81-c4fecf415d2c"],"settings":{"section_title":"","narrow_column":true}},"ac49ee34-93eb-4b7d-ac0d-48cb9458101c":{"type":"rich-text","blocks":{"template--16120080138410__ac49ee34-93eb-4b7d-ac0d-48cb9458101c-168198934484ced25e-0":{"type":"heading","settings":{"title":"Background","title_h1":true,"align_title":"left"}},"template--16120080138410__ac49ee34-93eb-4b7d-ac0d-48cb9458101c-168198934484ced25e-1":{"type":"text","settings":{"enlarge_text":false,"text":"<p>Dalmia Cement, a prominent cement manufacturing company in India, has been a key player in the industry since 1939. With over 80 years of experience, they operate multiple production plants and distribution centers across the country. They are known for their high-quality cement products and commitment to sustainable practices. <\/p><p>The company runs 14 cement plants and grinding facilities distributed across 10 states, with a total manufacturing capacity of 41.1 MnT per annum (MTPA). The organization currently provides services to more than 22 states and has more than 33,000 dealers and sub-dealers.  Both acquisitions and greenfield expansions have been crucial for the company's ability to expand into new geographies.  <\/p><p>With 11,286 crores in revenue and 280.3 billion in market capitalization, the company is building a beautiful tomorrow with a ‘Future Today’ thought process.<\/p>"}}},"block_order":["template--16120080138410__ac49ee34-93eb-4b7d-ac0d-48cb9458101c-168198934484ced25e-0","template--16120080138410__ac49ee34-93eb-4b7d-ac0d-48cb9458101c-168198934484ced25e-1"],"settings":{"backgound":"","text_color":"","align_text":"left","narrow_column":false,"divider":true,"enable_spacing":false}},"a3a67e06-4a4b-46b9-ac10-5efdc570ce19":{"type":"Banner-text","settings":{"main-title":"Challenges","banner-image":"shopify:\/\/shop_images\/Challenges_2x-100.jpg","paragraph":"<p>Dalmia Cement approached us to set up their e-commerce store from scratch, as they lacked experience in online retail. Here's a list of problems that were to be tackled in order to create a customer-centric shopping experience on the platform - <\/p><h4>Absence of an E-commerce Store<\/h4><p>Dalmia Cement faced the challenge of not having a pre-existing e-commerce platform\/store to sell its products online. They needed to build a reliable and scalable solution from scratch to showcase their products, enable seamless transactions, and efficiently manage inventory. The development scope included essential pages such as the home page, product page, cart page, checkout page, and static pages like terms and conditions, contact us, and legal, totaling 15 pages.<\/p><p><\/p><h4>Third-Party Integrations and SAP Integration<\/h4><p>Integrating the e-commerce store with various third-party systems posed complexities. Dalmia Cement required seamless integration with <a href=\"https:\/\/help.shopify.com\/en\/manual\/payments\"><span style=\"text-decoration:underline\">payment gateways<\/span><\/a>, shipping providers, a SAP system for smooth order processing, real-time inventory management, and synchronized data across platforms. The integration with the SAP system added an additional layer of challenge during the development phase.<\/p><p><\/p><h4>Address and Location Management <\/h4><p>Accurately capturing customer addresses for product delivery was a challenge. They needed a robust solution to validate addresses, enable customers to pin their location, and streamline the address entry process during <a href=\"https:\/\/help.shopify.com\/en\/manual\/checkout-settings\/checkout-form-options\"><span style=\"text-decoration:underline\">checkout<\/span><\/a>. Additionally, they sought a provision for scheduled delivery on the cart page and phone number validation for guest checkouts.<\/p>","narrow_column":false,"padding_size":16}},"5db0ebf3-9a9a-4efd-a9d6-a73841668e54":{"type":"Banner-text","settings":{"main-title":"Solutions","banner-image":"shopify:\/\/shop_images\/Solutions_2x-100.jpg","paragraph":"<p>We took on the challenge of building an effective online store for Dalmia Cement, addressed the company's requirements, and delivered tailored solutions to overcome the challenges.<\/p><h3>Store Development <\/h3><p>We conducted in-depth discussions with Dalmia Cement to understand the requirements, target audience, and brand identity and gather insights into the products, pricing, and overall business goals. Based on these discussions, our design team crafted wireframes and prototypes to visualize the store's structure and flow.<\/p><p>Once the design was approved, the development team began coding the store on the Shopify platform. We implemented custom themes for an effective user experience and responsive design for various devices. Product categories, descriptions, images, and pricing were meticulously added to create an engaging product catalog.<\/p><h3>Third-Party Integrations and SAP Integration<\/h3><p>To integrate third-party systems, our development team configured the necessary settings. This involved setting up merchant accounts with the selected payment gateways, configuring payment methods, and establishing secure connections (such as API keys or OAuth authentication) to ease communication between the e-commerce store and the respective systems.<\/p><p>For the shipping providers, our team collaborated with the providers to enable shipping methods, define shipping zones and rates, and integrate tracking functionalities to provide real-time shipment updates to customers.<\/p><p>Our developers collaborated with Dalmia Cements' IT team throughout the SAP integration process to comprehend their data requirements and architecture. To provide a safe link between the online store and the SAP system, we built custom code. Also, we created data transfer protocols to create interfaces between the online store and the SAP system, like RESTful APIs or data connectors. As a result, data for order processing, inventory management, and other pertinent information could be synchronized.<\/p><p>Throughout the integration process, extensive testing was conducted to ensure that data was accurately transmitted between the systems to avoid potential issues.<\/p><h3>Customizations and Security Enhancements <\/h3><p>The customizations and security enhancements were implemented to enhance the overall functionality, security, and user experience of Dalmia Cement's e-commerce store. Here's a breakdown of their purpose:<\/p><h5>Advanced Security Measures<\/h5><ul><li><strong>Fraud Order Verification: <\/strong>Introduced measures to verify the authenticity of orders and prevent fraudulent transactions.<\/li><li><strong>Two-Factor Authentication: <\/strong>Added an additional layer of <a href=\"https:\/\/help.shopify.com\/en\/manual\/your-account\/account-security\/two-step-authentication\"><span style=\"text-decoration:underline\">security<\/span><\/a> by requiring users to provide a second form of verification during login.<\/li><li><strong>Encrypted Data Transmission: <\/strong>Ensured that all data transmitted between the website and customers were encrypted, protecting sensitive information.<\/li><\/ul><h5>Calendar Scheduling for Deliveries <\/h5><ul><li><strong>Streamlined Bulk Order Management:<\/strong> The client could efficiently manage and schedule part deliveries for bulk orders.<\/li><li><strong>Convenience:<\/strong> Customers could choose their preferred delivery dates, empowering them with control.<\/li><\/ul>","narrow_column":false,"padding_size":20}},"32272cc5-3e65-4af7-ac07-a5ad868fe105":{"type":"Banner-text","settings":{"main-title":"Address and Location Management","banner-image":"shopify:\/\/shop_images\/Flowchart_2_2x-100.jpg","paragraph":"<p>To cater to the specific needs of Dalmia Cements in response to their request for location enabling limited to a particular state, we built a solution for exact address validation for the pin codes in our database.<\/p><p>For areas outside our existing database, we provided a scalable solution. With our robust backend infrastructure, we developed an intuitive interface that allowed Dalmia Cements to input and update pin codes based on their business needs. This flexible approach helped them expand their delivery network to new regions whenever necessary. <\/p><p>In cases where delivery was not available for a particular location, we implemented a notification system to transparently communicate this limitation to customers, which helped them understand the constraints and clearly understand service availability within their region.<\/p><p>To enable precise delivery, we captured the coordinates of the selected location and associated them with each order. This allowed for accurate mapping and streamlined logistics.<\/p><p>Additionally, we introduced a scheduled delivery feature on the cart page where customers could select their preferred delivery dates for added convenience.<\/p><p>Our team provided Dalmia Cements with full control over their address and location management. This allowed them to adapt to changing market demands, target specific regions, and efficiently handle logistics for their growing customer base.<\/p>","narrow_column":false,"padding_size":20}},"7eadeb86-b565-4dde-8bf9-7fa82d3214e4":{"type":"Banner-text","settings":{"main-title":"Tiered Discounts","banner-image":"shopify:\/\/shop_images\/Flowchart_1_2x-100.jpg","paragraph":"<p><\/p><ul><li><strong>Personalized pricing structure:<\/strong> We implemented a personalized pricing structure incorporating tiered discounts based on order quantities to encourage larger purchases and reward loyal customers. We utilized a discounting mechanism to achieve this.<\/li><li>For example: At the Dalmia store, the price for one bag of the item is Rs 500. Dalmia provides a tiered discount for customers who purchase 15 bags within the range of 10 or more but less than 20. Considering the original price of Rs. 500 per bag, a discount of 32.6% is applied. This discount brings down the price per bag to Rs 337. <\/li><li>When a customer orders 15 bags within the specified quantity range, the total price is calculated by multiplying the discounted price per bag (Rs 337) by the quantity (15). This results in a total price of Rs. 5055. If the original price for 15 bags was Rs 7500, subtracting Rs 5055 would yield a price of Rs 2445, which is the discounted price.<\/li><li>Dalmia's pricing tier structure incentivizes customers to purchase within the specified quantity range by offering a discounted price per bag encouraging large purchases. <\/li><\/ul><h5>Optimized Online Catalog with a Single SKU<\/h5><ul><li><strong>Effective purchasing process: <\/strong>Consolidated products with similar characteristics into a single SKU, simplifying the purchasing process and improving the user experience. The SKU (Stock Keeping Unit)is a unique identifier assigned to each product to streamline inventory management and the customer's buying decision.<\/li><\/ul>","narrow_column":false,"padding_size":14}},"51912573-b065-4231-9fbb-48ceab52cdd5":{"type":"rich-text","blocks":{"template--16120080138410__51912573-b065-4231-9fbb-48ceab52cdd5-16824118860e666eaa-0":{"type":"heading","settings":{"title":"","title_h1":false,"align_title":"left"}}},"block_order":["template--16120080138410__51912573-b065-4231-9fbb-48ceab52cdd5-16824118860e666eaa-0"],"settings":{"backgound":"","text_color":"","align_text":"left","narrow_column":true,"divider":false,"enable_spacing":false}},"8ef7fe7c-660d-4036-bba4-ae89ddb8c2d6":{"type":"Banner-text","settings":{"main-title":"Results","banner-image":"shopify:\/\/shop_images\/Infograph_OP_2_2x-100_2.jpg","paragraph":"<p>The implementation of our solutions resulted in significant improvements for Dalmia Cement:<\/p><ul><li>The conversion rate soared by 1.37%, translating to an increase in successful customer transactions.<\/li><li>Sales significantly boosted, contributing to a remarkable 30% revenue growth.<\/li><li>The website experienced a staggering surge in traffic, a remarkable increase of 486%.<\/li><li>Returning customer rate reached an impressive 100%, indicating high customer satisfaction and loyalty.<\/li><li>Visitors spent over 25% more time on the website, showcasing improved engagement and interest in the brand and products.<\/li><\/ul><p>These outstanding outcomes demonstrate the effectiveness of Marmeto's Shopify store development solution and its positive impact on Dalmia Cements' online presence and business performance.<\/p>","narrow_column":false,"padding_size":16}},"a95bdf8e-7302-4ac9-b6d0-5843be745e0e":{"type":"newsletter","blocks":{"template--16120080138410__a95bdf8e-7302-4ac9-b6d0-5843be745e0e-1682057564fdad3dfd-0":{"type":"title","settings":{"title":"Sign up and save","icon_enable":true}},"template--16120080138410__a95bdf8e-7302-4ac9-b6d0-5843be745e0e-1682057564fdad3dfd-1":{"type":"text","settings":{"text":"<p>Subscribe to get special offers, free giveaways, and once-in-a-lifetime deals.<\/p>"}},"template--16120080138410__a95bdf8e-7302-4ac9-b6d0-5843be745e0e-1682057564fdad3dfd-2":{"type":"form","settings":{}}},"block_order":["template--16120080138410__a95bdf8e-7302-4ac9-b6d0-5843be745e0e-1682057564fdad3dfd-0","template--16120080138410__a95bdf8e-7302-4ac9-b6d0-5843be745e0e-1682057564fdad3dfd-1","template--16120080138410__a95bdf8e-7302-4ac9-b6d0-5843be745e0e-1682057564fdad3dfd-2"],"settings":{"color_background":"#f9f9f9","color_text":"#1c1d1d"}}},"order":["main","b03af30b-1a90-407e-8047-cf7e2f8c7caf","34821ad9-3f9d-4a29-bcab-65fd2af55c39","ac49ee34-93eb-4b7d-ac0d-48cb9458101c","a3a67e06-4a4b-46b9-ac10-5efdc570ce19","5db0ebf3-9a9a-4efd-a9d6-a73841668e54","32272cc5-3e65-4af7-ac07-a5ad868fe105","7eadeb86-b565-4dde-8bf9-7fa82d3214e4","51912573-b065-4231-9fbb-48ceab52cdd5","8ef7fe7c-660d-4036-bba4-ae89ddb8c2d6","a95bdf8e-7302-4ac9-b6d0-5843be745e0e"]}