{"sections":{"main":{"type":"main-page","disabled":true,"settings":{}},"1646298789b23f5a67":{"type":"text-strip","settings":{"narrow_column":true,"backgound":"#e3ff53","text_color":"#14151b","align_text":"center","title":"A Shopify Plus Solution"}},"16462988390a7c6631":{"type":"text-and-image","settings":{"image":"shopify:\/\/shop_images\/Banner_Image02_OTP_VERIFICATION.jpg","image_width":700,"subtitle":"","title":"Mobile Number OTP Verification on COD Orders to Reduce Returns!","enable_large_title":false,"text":"<p>Reduce RTO on your ecommerce store by eliminating fake \/ accidental orders and re-confirming the purchase intent!<\/p>","button_label":"Get Mobile OTP Verification for COD","button_link":"https:\/\/forms.monday.com\/forms\/1f21d33f2cf5b306092689b5370b7412?r=use1","button_style":"primary","align_text":"left","layout":"right","divider":false,"remove_top_spacing":false}},"16462988634a2abbd6":{"type":"text-columns","blocks":{"1646298863e74fb330-0":{"type":"text_block","settings":{"enable_image":true,"image":"shopify:\/\/shop_images\/Reduce_Order_Returns_db8122b8-5a67-43a6-bc69-b1d2ddb28eec.png","image_width":200,"title":"","text":"<p>Reduce Order Returns<\/p>","button_label":"","button_link":""}},"1646298863e74fb330-1":{"type":"text_block","settings":{"enable_image":true,"image":"shopify:\/\/shop_images\/Filter_out_fake_fraudulent_orders_34968e50-6913-4990-b73e-efd6328be30e.png","image_width":200,"title":"","text":"<p>Filter out Fake \/ Fraudulent Orders<\/p>","button_label":"","button_link":""}},"1646298863e74fb330-2":{"type":"text_block","settings":{"enable_image":true,"image":"shopify:\/\/shop_images\/Collect_verified_customer_information_2138b1db-463c-49ac-b03f-ef12d668420f.png","image_width":200,"title":"","text":"<p>Collect Verified Customer Information<\/p>","button_label":"","button_link":""}},"df167ff9-f36d-4a62-9686-a874697a248a":{"type":"text_block","settings":{"enable_image":true,"image":"shopify:\/\/shop_images\/Reduce_operational_costs_5f9b7697-a2d4-4f6c-bc8d-9695cfcc7af8.png","image_width":200,"title":"","text":"<p>Reduce Operational Costs<\/p>","button_label":"","button_link":""}}},"block_order":["1646298863e74fb330-0","1646298863e74fb330-1","1646298863e74fb330-2","df167ff9-f36d-4a62-9686-a874697a248a"],"settings":{"backgound":"","text_color":"","title":"","text":"","align_text":"center","divider":false,"enable_spacing":false}},"1646298923a000ff4e":{"type":"rich-text","blocks":{"164629892348ad1b18-0":{"type":"heading","settings":{"title":"The Problem","title_h1":false,"align_title":"center"}},"164629892348ad1b18-1":{"type":"text","settings":{"enlarge_text":false,"text":"<p>As the ecommerce market grows exponentially, more and more ecommerce businesses are trying to break out of the market saturation through innovative customer acquisition. In India, a large number of new customer acquisition consists of an audience that is reluctant or sceptical about making online payments. It could be a lack of trust or credibility or simply or an inertia that stops them from making payments online. In such situations, Cash On Delivery orders act as great enablers!<br\/><br\/>Where <a href=\"https:\/\/razorpay.com\/blog\/ecommerce-business-cost-saving-rto-fraud\/\"><span style=\"text-decoration:underline\">COD orders make for 70%<\/span><\/a> of ecommerce business orders, the average return rate for ecommerce business is upto <a href=\"https:\/\/razorpay.com\/blog\/ecommerce-business-cost-saving-rto-fraud\/\"><span style=\"text-decoration:underline\">40% in some cases<\/span><\/a>! This leads to operational and logistical losses in addition to loss of product on occasion!<\/p><p><strong>This is where our Mobile OTP verification for COD solution comes in!<\/strong><\/p>"}}},"block_order":["164629892348ad1b18-0","164629892348ad1b18-1"],"settings":{"backgound":"#ffffff","text_color":"#14151b","align_text":"left","narrow_column":true,"divider":false,"enable_spacing":true}},"16462989827d618547":{"type":"rich-text","blocks":{"1646298982901ab63f-0":{"type":"heading","settings":{"title":"The Solution","title_h1":false,"align_title":"center"}},"1646298982901ab63f-1":{"type":"text","settings":{"enlarge_text":false,"text":"<p><br\/>Brands need new customers to scale. And acquiring new customers with only prepaid payment methods is a difficult and expensive task. New customers are always looking forward to minimizing online payment risks. In this scenario, Cash On Delivery steps in as the perfect savior! <\/p><p>However, for your ecommerce store, it’s important to keep Order returns to the minimum. The only way to do this is to filter out fake or fraudulent orders, accidental orders and orders which have a very low purchase and a very high return intent. With our solution, you can filter out and eliminate fake \/ fraudulent orders and indecisive buyers with a simple Mobile Number OTP Verification.<\/p>"}}},"block_order":["1646298982901ab63f-0","1646298982901ab63f-1"],"settings":{"backgound":"","text_color":"","align_text":"left","narrow_column":true,"divider":false,"enable_spacing":false}},"1646299011b6608b84":{"type":"rich-text","blocks":{"1646299011ae41cce4-0":{"type":"heading","settings":{"title":"How Does This Feature Work?","title_h1":false,"align_title":"center"}},"1646299011ae41cce4-1":{"type":"text","settings":{"enlarge_text":false,"text":"<p><br\/><strong>This solution can only be custom-built on Shopify Plus websites.<\/strong><\/p><p>A normal Shopify store has a 3-step checkout process. Our 2-step checkout process shortens this. The Mobile Number OTP Verification is built on the first i.e., the information page of the checkout. <\/p><p>This solution validates if the phone number added by the customer is correct or not. When a customer fills in the phone number in the information section, the system sends an OTP to that number and the customer has to fill that OTP to unlock the next steps towards checkout. If a customer puts in the correct OTP, only then are they allowed to place an order. <\/p><p><br\/><\/p>"}},"a706dbd5-9048-4531-973b-1350af100310":{"type":"button","settings":{"link":"https:\/\/forms.monday.com\/forms\/1f21d33f2cf5b306092689b5370b7412?r=use1","link_text":"Get Mobile OTP Verification for COD","align_button":"center"}}},"block_order":["1646299011ae41cce4-0","1646299011ae41cce4-1","a706dbd5-9048-4531-973b-1350af100310"],"settings":{"backgound":"#ffffff","text_color":"#14151b","align_text":"left","narrow_column":true,"divider":false,"enable_spacing":true}},"164629909151e36e0e":{"type":"rich-text","blocks":{"1646299091aa627b58-0":{"type":"heading","settings":{"title":"Why Do We Need It?","title_h1":false,"align_title":"center"}},"1646299091aa627b58-1":{"type":"text","settings":{"enlarge_text":false,"text":"<p>Mobile Number Verification with OTP for COD orders, largely affects RTO returns. We found that in case of COD orders, the <a href=\"https:\/\/razorpay.com\/blog\/ecommerce-business-cost-saving-rto-fraud\/\"><span style=\"text-decoration:underline\">percentage of RTO orders can be as high as 40 percent!<\/span><\/a><\/p><p>This means that for most ecommerce brands, one out of 3 orders were failed orders and returns. Upon a closer one realises how this ratio can potentially damage a business’s bottom line!<br\/><br\/><strong>These cancelled orders are due to either of these reasons:<\/strong><br\/>- Price sensitive intent<br\/>- Customer error<br\/>- Impulse buying without paying<br\/>- Intent to fraud<br\/>- Transitory addresses<br\/><br\/>In order to get the RTO returns under control, Mobile Number OTP verification proves to be an excellent solution!<\/p>"}}},"block_order":["1646299091aa627b58-0","1646299091aa627b58-1"],"settings":{"backgound":"","text_color":"","align_text":"left","narrow_column":true,"divider":false,"enable_spacing":false}},"164629912305dc65e9":{"type":"text-columns","blocks":{"16462991238977c7ac-0":{"type":"text_block","settings":{"enable_image":true,"image":"shopify:\/\/shop_images\/Blackberrys_OTP.jpg","image_width":650,"title":"","text":"","button_label":"","button_link":""}},"16462991238977c7ac-1":{"type":"text_block","settings":{"enable_image":true,"image":"shopify:\/\/shop_images\/Epigamia__OTP.jpg","image_width":650,"title":"","text":"","button_label":"","button_link":""}}},"block_order":["16462991238977c7ac-0","16462991238977c7ac-1"],"settings":{"backgound":"#ffffff","text_color":"#14151b","title":"SPOTTED!!!!","text":"<p>Mobile Number OTP Verification for COD as seen on...<\/p>","align_text":"center","divider":false,"enable_spacing":true}},"16462991885fdaede6":{"type":"rich-text","blocks":{"164629918863d5cf16-0":{"type":"heading","settings":{"title":"About Marmeto","title_h1":false,"align_title":"center"}},"164629918863d5cf16-1":{"type":"text","settings":{"enlarge_text":false,"text":"<p><strong>Marmeto is one of India's leading Shopify and Shopify Plus solution providers for all ecommerce stores <\/strong>with customized solutions. With everything centered around Shopify, we offer simplified ecommerce solutions ranging from building customized solutions & integrations for your Shopify website to building Shopify apps to Enterprise Solutions centered around Shopify! We have developed over <strong>900 Shopify websites, 60 Shopify Plus stores <\/strong>and have successful collaborations with an array of partner ranging from marketing to logistics domains.<br\/><strong>At Marmeto, there's a singular goal. To Simplify Ecommerce. Have you experienced it yet?<\/strong><\/p>"}}},"block_order":["164629918863d5cf16-0","164629918863d5cf16-1"],"settings":{"backgound":"","text_color":"","align_text":"center","narrow_column":true,"divider":false,"enable_spacing":false}},"1646299225e611d125":{"type":"video-list","blocks":{"1646299225cc1bcd86-0":{"type":"video_block","settings":{"image":"shopify:\/\/shop_images\/LP.jpg","video_id":"lThT2UIYI2c"}},"1646299225cc1bcd86-1":{"type":"video_block","settings":{"image":"shopify:\/\/shop_images\/power_gummies_thumbnail.jpg","video_id":"eJRvXxCEh-A"}},"1646299225cc1bcd86-2":{"type":"video_block","settings":{"image":"shopify:\/\/shop_images\/xyxx_thumbnail.jpg","video_id":"VGePZ-JkehQ"}},"1646299225cc1bcd86-3":{"type":"video_block","settings":{"image":"shopify:\/\/shop_images\/epigamia.jpg","video_id":"anG0fUVKUHo&t=1s"}}},"block_order":["1646299225cc1bcd86-0","1646299225cc1bcd86-1","1646299225cc1bcd86-2","1646299225cc1bcd86-3"],"settings":{"backgound":"#ffffff","text_color":"#14151b","title":"Our Folio","text":"<p>Over the past few years, we've helped a lot of brands & business build and enhance their online presence.<br\/>Here's a glimpse of our latest work.<\/p>","align_text":"center","divider":false,"enable_spacing":true}}},"order":["main","1646298789b23f5a67","16462988390a7c6631","16462988634a2abbd6","1646298923a000ff4e","16462989827d618547","1646299011b6608b84","164629909151e36e0e","164629912305dc65e9","16462991885fdaede6","1646299225e611d125"]}