{"sections":{"main":{"type":"main-page","disabled":true,"settings":{}},"1646056720b61de75a":{"type":"text-and-image","settings":{"image":"shopify:\/\/shop_images\/Banner.jpg","image_width":700,"subtitle":"The top ecommerce choice for 2022","title":"Marmeto <> Wix","enable_large_title":false,"text":"<p>Structured ecommerce vs creative website builder, here are 5 things you need to know to make the right choice for your store!<\/p>","button_label":"Talk to our experts","button_link":"https:\/\/forms.monday.com\/forms\/1f21d33f2cf5b306092689b5370b7412?r=use1","button_style":"primary","align_text":"left","layout":"right","divider":false,"remove_top_spacing":false}},"1646056746188470a5":{"type":"text-columns","disabled":true,"blocks":{"164605674645c87ec2-0":{"type":"text_block","settings":{"enable_image":true,"image_width":200,"title":"","text":"<p>Use this section to explain a set of product features, to link to a series of pages, or to answer common questions about your products. Add images for emphasis.<\/p>","button_label":"","button_link":""}},"164605674645c87ec2-1":{"type":"text_block","settings":{"enable_image":true,"image_width":200,"title":"","text":"<p>Use this section to explain a set of product features, to link to a series of pages, or to answer common questions about your products. Add images for emphasis.<\/p>","button_label":"","button_link":""}},"164605674645c87ec2-2":{"type":"text_block","settings":{"enable_image":true,"image_width":200,"title":"","text":"<p>Use this section to explain a set of product features, to link to a series of pages, or to answer common questions about your products. Add images for emphasis.<\/p>","button_label":"","button_link":""}},"c13e755e-b9db-4082-b7ae-5c424fb56018":{"type":"text_block","settings":{"enable_image":true,"image_width":200,"title":"","text":"<p>Use this section to explain a set of product features, to link to a series of pages, or to answer common questions about your products. Add images for emphasis.<\/p>","button_label":"","button_link":""}}},"block_order":["164605674645c87ec2-0","164605674645c87ec2-1","164605674645c87ec2-2","c13e755e-b9db-4082-b7ae-5c424fb56018"],"settings":{"backgound":"","text_color":"","title":"","text":"","align_text":"center","divider":false,"enable_spacing":false}},"164605679929b41f5e":{"type":"rich-text","blocks":{"16460567998690228b-0":{"type":"heading","disabled":true,"settings":{"title":"Heading","title_h1":false,"align_title":"center"}},"16460567998690228b-1":{"type":"text","settings":{"enlarge_text":false,"text":"<p>As an ecommerce merchant, you’re spoilt for options when it comes to choosing the right platform for your store! Every ecommerce platform provides you with very basic features at a reasonable cost. However, it’s not until you dive deep into the daily functionality of ecommerce that you can identify the crucial aspects that make one platform better than the other!<\/p>"}}},"block_order":["16460567998690228b-0","16460567998690228b-1"],"settings":{"backgound":"","text_color":"","align_text":"center","narrow_column":true,"divider":false,"enable_spacing":false}},"16460568603d94e7d7":{"type":"rich-text","blocks":{"164605686083d6ed49-0":{"type":"heading","settings":{"title":"Overview","title_h1":false,"align_title":"center"}},"164605686083d6ed49-1":{"type":"text","settings":{"enlarge_text":false,"text":"<p><a href=\"https:\/\/www.wix.com\/\" target=\"_blank\" title=\"Wix Website\">Wix <\/a>is a drag and drop interface with bundled templates. It is built for you to \"create a website you're proud of\". As the pitch suggests, it is more for creatives who want to build content based websites and to-date remains the best choice for creative freelancers and smaller service-based businesses. <\/p><p><a href=\"https:\/\/www.shopify.in\/\" target=\"_blank\" title=\"Shopify Website\">Shopify<\/a> on the other hand was built exclusively for creating ecommerce websites that are backed by powerful tools to start, manage and market your online business. The nature of ecommerce transactions online has always been at the core of Shopify's offerings. It says that \"anyone, anywhere can start an ecommerce website\" and that is evident with Shopify's presence in 175+ countries globally!<\/p>"}}},"block_order":["164605686083d6ed49-0","164605686083d6ed49-1"],"settings":{"backgound":"#ffffff","text_color":"#14151b","align_text":"left","narrow_column":true,"divider":false,"enable_spacing":true}},"1646056901560316e2":{"type":"rich-text","blocks":{"1646056901a61d6e59-0":{"type":"heading","settings":{"title":"Free plans & Pricing tiers","title_h1":false,"align_title":"center"}},"1646056901a61d6e59-1":{"type":"text","settings":{"enlarge_text":false,"text":"<p>Wix offers an entirely free plan. However, the caveat is that a free website comes along with a wix site url and a permanent banner at the website header with a wix ad as shown in the picture below .<\/p><p><br\/><\/p>"}},"4a8945ba-cc3b-4c28-8af1-1b7d5b964eec":{"type":"image","settings":{"image":"shopify:\/\/shop_images\/Banner_Ad.png","image_width":100}},"a84d4458-480d-49ba-b037-c999f100b895":{"type":"text","settings":{"enlarge_text":false,"text":"<p><strong>Wix has <\/strong><a href=\"https:\/\/www.wix.com\/upgrade\/website\" target=\"_blank\" title=\"Wix Pricing\"><strong>4 plans<\/strong><\/a><strong> for building a simple (non-ecommerce) website:<\/strong><br\/>Connect Domain: Rs.80 per month<br\/>Combo: Rs.125 per month<br\/>Unlimited: Rs.185 per month<br\/>VIP: Rs.325 per month<br\/><br\/><strong>It has 4 Business and Ecommerce plans:<\/strong><br\/>Business Basic: Rs.225 per month<br\/>Business Unlimited: Rs.300 per month<br\/>Business VIP: Rs.500 per month<br\/>Enterprise: Custom pricing<\/p>"}},"49bb6890-b959-43c6-b7a3-46023e5c8964":{"type":"text","settings":{"enlarge_text":false,"text":"<p><br\/>Shopify does not provide an entirely free plan.  But it does offer a 14-day free trial.<\/p><p>On the other hand, Shopify has <a href=\"https:\/\/www.shopify.in\/pricing\" target=\"_blank\" title=\"https:\/\/www.shopify.in\/pricing\">5 pricing plans:<\/a><br\/>Shopify Lite: $9\/month (Rs.672 approx)<br\/>Basic Shopify: $29\/month (Rs.2166 approx)<br\/>Shopify: $79\/month (Rs.5902 approx)<br\/>Advanced Shopify: $299\/month (Rs.22,340 approx)<br\/>Shopify Plus (The enterprise plan): starts at $2000\/month (Rs.1,50,000) approx<br\/><\/p>"}},"c5c1d8a0-1f58-402d-919e-63566af7be7e":{"type":"text","settings":{"enlarge_text":false,"text":"<p><br\/>At face value, it may look like Wix is far more cost effective than Shopify. However, Wix's plans contain significant limitations. For example, the 3 business plans limit the amount of storage you can use to 25GB, 35GB, and 50GB, respectively. It also imposes limitations on the hours of video uploaded and number of pages per store. In contrast, Shopify provides unlimited storage, bandwidth, and website pages on every plan. <\/p><p><br\/><\/p>"}},"81ec9ab3-3de1-4fcb-bf5e-4c13597edb45":{"type":"button","settings":{"link":"https:\/\/forms.monday.com\/forms\/1f21d33f2cf5b306092689b5370b7412?r=use1","link_text":"Talk to our experts","align_button":"center"}}},"block_order":["1646056901a61d6e59-0","1646056901a61d6e59-1","4a8945ba-cc3b-4c28-8af1-1b7d5b964eec","a84d4458-480d-49ba-b037-c999f100b895","49bb6890-b959-43c6-b7a3-46023e5c8964","c5c1d8a0-1f58-402d-919e-63566af7be7e","81ec9ab3-3de1-4fcb-bf5e-4c13597edb45"],"settings":{"backgound":"","text_color":"","align_text":"left","narrow_column":true,"divider":false,"enable_spacing":false}},"16460571883ea30eef":{"type":"rich-text","blocks":{"1646057188044734f8-0":{"type":"heading","settings":{"title":"Themes & Design","title_h1":false,"align_title":"center"}},"1646057188044734f8-1":{"type":"text","settings":{"enlarge_text":false,"text":"<p>Majority of the platform builders today provide themes or templates which expedites the process of creating a website and drastically reduces costs. The templates on Wix and the themes on Shopify can be easily accessed and setup by anyone without a technical background.<\/p><p>While Wix offers <a href=\"https:\/\/www.wix.com\/website\/templates\" target=\"_blank\" title=\"Wix Website Templates\">800 templates<\/a> compared to Shopify's <a href=\"https:\/\/themes.shopify.com\/\" target=\"_blank\" title=\"Shopify Theme Store\">81 themes<\/a> (9 free and 72 paid), there are 3rd party websites like <a href=\"https:\/\/themeforest.net\/\" target=\"_blank\" title=\"https:\/\/themeforest.net\/\">Theme Forest<\/a> that offer more than 1200 themes. Numbers aside though, Wix themes are quite creative, distinct and out of the box as compared to Shopify. Wix's drag and drop editor works on all the templates for re-arranging or tweaking elements.<\/p>"}},"f66f389c-6183-4843-b287-4378a2be58ef":{"type":"text","settings":{"enlarge_text":false,"text":"<p><\/p><p>However, these templates are not auto-responsive and the design needs to be tweaked individually for the desktop, iPad & mobile screens. However much one tries, achieving 100% compatibility with a customized Wix site remains a challenge whereas Shopify themes are optimized for device compatibility.<\/p><p>In a world where over 70% of global online purchases take place on mobile devices, Shopify emerges as a clear winner here.<\/p>"}}},"block_order":["1646057188044734f8-0","1646057188044734f8-1","f66f389c-6183-4843-b287-4378a2be58ef"],"settings":{"backgound":"#ffffff","text_color":"#14151b","align_text":"left","narrow_column":true,"divider":false,"enable_spacing":true}},"164621007756ef2040":{"type":"rich-text","blocks":{"164621007791fb9844-0":{"type":"heading","settings":{"title":"Customizability","title_h1":false,"align_title":"center"}},"164621007791fb9844-1":{"type":"text","settings":{"enlarge_text":false,"text":"<p>Wix offers three built-in design tools to help store owners quickly design their storefront, <a href=\"https:\/\/www.editorx.com\/\" target=\"_blank\" title=\"https:\/\/www.editorx.com\/\">Wix Editor<\/a> X, Wix ADI, and Editor. You can also use <a href=\"https:\/\/www.wix.com\/velo\" target=\"_blank\" title=\"https:\/\/www.wix.com\/velo\">Velo<\/a>, a full-stack development platform by Wix that empowers you to rapidly build, manage and deploy professional web apps. However, once you choose a Wix template, you need to stick with it till the end. Migrating to another template isn't easy. It will require a complete rebrand.<\/p>"}},"d47d903a-2def-46a9-a5fa-6ede18e5587f":{"type":"text","settings":{"enlarge_text":false,"text":"<p><\/p><p>Shopify offers very structured themes and to modify those you'll need a technical expert, commonly known as a \"Shopify Developer\", well-versed with Shopify's native <a href=\"https:\/\/github.com\/Shopify\/liquid\" target=\"_blank\" title=\"https:\/\/github.com\/Shopify\/liquid\">\"Liquid\"<\/a> language. Shopify Plus merchants also have access to the <a href=\"https:\/\/apps.shopify.com\/script-editor\" target=\"_blank\" title=\"https:\/\/apps.shopify.com\/script-editor\">Script Editor app<\/a> that comes with some script templates for standard ecommerce customizations.<\/p>"}}},"block_order":["164621007791fb9844-0","164621007791fb9844-1","d47d903a-2def-46a9-a5fa-6ede18e5587f"],"settings":{"backgound":"","text_color":"","align_text":"center","narrow_column":true,"divider":false,"enable_spacing":false}},"1646057298a467639b":{"type":"rich-text","blocks":{"1646057298bf46d20d-0":{"type":"heading","settings":{"title":"Apps & Integrations","title_h1":false,"align_title":"center"}},"1646057298bf46d20d-1":{"type":"text","settings":{"enlarge_text":false,"text":"<p>Currently, Wix offers over <a href=\"https:\/\/www.wix.com\/app-market\" target=\"_blank\" title=\"https:\/\/www.wix.com\/app-market\">200 apps<\/a> and add-ons which include 6 main categories. Those are marketing, sell online, services & events, media & content, design elements, and communication as seen in the picture below.<\/p>"}},"4f7efe31-47d4-43b1-93e1-e08fe0c40a62":{"type":"image","settings":{"image":"shopify:\/\/shop_images\/App_Market.png","image_width":100}},"85bd17ae-fb85-4f43-8732-c542aa8a20ae":{"type":"text","settings":{"enlarge_text":false,"text":"<p>While Shopify, with it's <a href=\"https:\/\/apps.shopify.com\/\" target=\"_blank\" title=\"https:\/\/apps.shopify.com\/\">5000+ apps<\/a> in it's store is classified into 9 categories as seen in the image below.<\/p><p>Classified into collections such as marketing, merchandising, fulfillment, customer service etc. makes finding the right app to solve a pain point becomes much easier. Since Shopify is e-commerce focused, all the apps on Shopify cater to one of the aspects in your ecommerce journey.<\/p><p><\/p>"}}},"block_order":["1646057298bf46d20d-0","1646057298bf46d20d-1","4f7efe31-47d4-43b1-93e1-e08fe0c40a62","85bd17ae-fb85-4f43-8732-c542aa8a20ae"],"settings":{"backgound":"#ffffff","text_color":"#14151b","align_text":"center","narrow_column":true,"divider":false,"enable_spacing":true}},"16462241505aeef61d":{"type":"rich-text","blocks":{"16462241506c14b1f4-0":{"type":"heading","settings":{"title":"POS (Point Of Sale) Solution","title_h1":false,"align_title":"center"}},"16462241506c14b1f4-1":{"type":"text","settings":{"enlarge_text":false,"text":"<p>Wix POS just launched in June 2021 and is \"currently available to select U.S.-based merchants only.\" So, most Wix users will need to set up a POS integration with a third party service. It has different versions such as POS for retail, POS for services, POS for events and a native payments collector!<\/p><p><strong>On the other hand, the Shopify POS has been around for a while. It let's you:<\/strong><br\/>- Generate purchase orders and transfer stock based on inventory forecasts and performance.<br\/>- Make informed decisions faster with reports that unify data from your website and POS system.<br\/>- Email customers their in-store favorites, right from your point of sale.<br\/>- Collect contact details and tailor marketing campaigns to share exclusive discounts and sneak previews.<br\/>- Add loyalty apps to your POS system to reward customers for shopping with you, both in store and online.<\/p>"}}},"block_order":["16462241506c14b1f4-0","16462241506c14b1f4-1"],"settings":{"backgound":"","text_color":"","align_text":"center","narrow_column":true,"divider":false,"enable_spacing":false}},"1646224815c16592a6":{"type":"rich-text","blocks":{"1646224815a0207427-0":{"type":"heading","settings":{"title":"Shopify emerges winner","title_h1":false,"align_title":"center"}},"1646224815a0207427-1":{"type":"text","settings":{"enlarge_text":false,"text":"<p>Both Shopify and Wix are excellent options for building an e-commerce website in their own capacity! However, given the creative freedom of Wix, it's more suited to smaller service based businesses. When it comes to e-commerce though, Shopify emerges winner. The structure coupled with the ease of functionality and potential to scale makes it the best choice for e-commerce brands! Additionally, Shopify's support for AMPs (Accelerated Mobile Pages), device compatibility and multi-lingual support adds to it's merit!<\/p><p><\/p>"}},"1a692dd0-11d3-4d56-91ea-74ab2760bc11":{"type":"image","settings":{"image":"shopify:\/\/shop_images\/Slurrp_Farm_Additional_COD_Charges_at_checkout.jpg","image_width":100}},"f8a51e48-d187-4597-8098-a5f6d0425151":{"type":"button","settings":{"link":"https:\/\/forms.monday.com\/forms\/1f21d33f2cf5b306092689b5370b7412?r=use1","link_text":"Talk to our expert","align_button":"center"}}},"block_order":["1646224815a0207427-0","1646224815a0207427-1","1a692dd0-11d3-4d56-91ea-74ab2760bc11","f8a51e48-d187-4597-8098-a5f6d0425151"],"settings":{"backgound":"#ffffff","text_color":"#000000","align_text":"center","narrow_column":true,"divider":false,"enable_spacing":true}}},"order":["main","1646056720b61de75a","1646056746188470a5","164605679929b41f5e","16460568603d94e7d7","1646056901560316e2","16460571883ea30eef","164621007756ef2040","1646057298a467639b","16462241505aeef61d","1646224815c16592a6"]}