{"sections":{"main":{"type":"main-page","disabled":true,"settings":{}},"16469907231e5fd244":{"type":"text-and-image","settings":{"image":"shopify:\/\/shop_images\/masterCard_Updated.jpg","image_width":700,"subtitle":"","title":"Unlock savings on MARMETO’s select services with your Business Mastercard","enable_large_title":false,"text":"","button_label":"Start your free 14 day trial","button_link":"https:\/\/forms.monday.com\/forms\/1a6b069d10bada96f56b032182ffd3c8?r=use1","button_style":"primary","align_text":"left","layout":"right","divider":false,"remove_top_spacing":false}},"1646990888afd84e5b":{"type":"rich-text","blocks":{"164699088812d476ba-0":{"type":"heading","settings":{"title":"Unlock SHOPIFY benefits with your Business Mastercard:","title_h1":false,"align_title":"center"}},"164699088812d476ba-1":{"type":"text","settings":{"enlarge_text":false,"text":"<p><br\/>- Get free services worth USD 1,250 promo that can include: <br\/>Shopify Store Setup- Shopify Theme Customization- Ecommerce Consultation- Shopify App Installation<br\/><br\/>- 3 months free subscription for Shopify apps \/ products worth USD 1000<\/p><p>- Priority Support<br\/><br\/><\/p>"}},"a6952f63-b7de-4695-95c7-dd7f219cc79e":{"type":"button","settings":{"link":"https:\/\/forms.monday.com\/forms\/1a6b069d10bada96f56b032182ffd3c8?r=use1","link_text":"Start your free 14 day trial","align_button":"center"}}},"block_order":["164699088812d476ba-0","164699088812d476ba-1","a6952f63-b7de-4695-95c7-dd7f219cc79e"],"settings":{"backgound":"","text_color":"","align_text":"left","narrow_column":true,"divider":false,"enable_spacing":false}},"164699111572778673":{"type":"text-columns","blocks":{"1646991115f9446b81-0":{"type":"text_block","settings":{"enable_image":true,"image":"shopify:\/\/shop_images\/marmeto.webp","image_width":200,"title":"","text":"<p>Avail Select Marmeto Services <br\/>at no cost!<\/p>","button_label":"","button_link":""}},"1646991115f9446b81-1":{"type":"text_block","settings":{"enable_image":true,"image":"shopify:\/\/shop_images\/shopify.webp","image_width":200,"title":"","text":"<p>Shopify Benefits on Services <br\/>and Subscription Plans!<\/p>","button_label":"","button_link":""}},"1646991115f9446b81-2":{"type":"text_block","settings":{"enable_image":true,"image":"shopify:\/\/shop_images\/mcard.jpg","image_width":200,"title":"","text":"<p>Reward your business with Easy Savings Specials<\/p>","button_label":"","button_link":""}}},"block_order":["1646991115f9446b81-0","1646991115f9446b81-1","1646991115f9446b81-2"],"settings":{"backgound":"#ffffff","text_color":"#14151b","title":"","text":"","align_text":"center","divider":false,"enable_spacing":true}},"16469913032b3f7b3f":{"type":"text-and-image","settings":{"image":"shopify:\/\/shop_images\/story.webp","image_width":700,"subtitle":"","title":"MARMETO's select services at no cost!","enable_large_title":false,"text":"<p>- Conversion optimisation<br\/>- User journey enhancement<br\/>- App suggestions and integrations<br\/>- Data Migration Services worth USD 200 at no cost!<\/p>","button_label":"Start your free 14 day trial","button_link":"https:\/\/forms.monday.com\/forms\/1a6b069d10bada96f56b032182ffd3c8?r=use1","button_style":"primary","align_text":"left","layout":"right","divider":false,"remove_top_spacing":false}},"1646991441e0a446db":{"type":"rich-text","blocks":{"16469914411eb0f1f5-0":{"type":"heading","settings":{"title":"Why SHOPIFY is the best ecommerce platform for you?","title_h1":false,"align_title":"center"}},"16469914411eb0f1f5-1":{"type":"text","settings":{"enlarge_text":false,"text":"<p><br\/>- For starters, it powers over 500,000 business in over 175 countries!<br\/>- Shopify is a cloud-based setup and hosted solution where you no need to worry about servers or databases.<br\/>- It's seamless integration with Google Ads and other marketing tools like Facebook, Twitter and Pinterest lower the startup website cost considerably!<br\/>- Tons of professional looking themes to customize the look and feel of your online store!<br\/>- Integration with the top payment providers as well as the much in-demand \"buy now, pay later\" apps.<br\/>- Shopify is a user-friendly website builder as well as a content management system (CMS) that gives you end-to-end control.<br\/>- Shopify's own POS app integrates seamlessly with your online store for better retail management.<br\/>- The advanced reporting and seamless data tracking largely aids the marketing efforts.<br\/>- Shopify integrates with most major shipping carriers by default, including FedEx, UPS and USPS.The 24-hour technical support team can be reached out to at any time!<br\/><br\/><br\/><\/p>"}},"d43c3048-1201-4c0b-9df7-7e6c4d94a0fb":{"type":"button","settings":{"link":"https:\/\/forms.monday.com\/forms\/1a6b069d10bada96f56b032182ffd3c8?r=use1","link_text":"Start your free 14 day trial","align_button":"center"}}},"block_order":["16469914411eb0f1f5-0","16469914411eb0f1f5-1","d43c3048-1201-4c0b-9df7-7e6c4d94a0fb"],"settings":{"backgound":"#ffffff","text_color":"#14151b","align_text":"left","narrow_column":true,"divider":false,"enable_spacing":true}},"1646991614f9088460":{"type":"rich-text","blocks":{"1646991614f5300e92-0":{"type":"heading","settings":{"title":"Terms and Conditions","title_h1":false,"align_title":"center"}},"1646991614f5300e92-1":{"type":"text","settings":{"enlarge_text":false,"text":"<p><br\/>- All promo codes issued by Tatynerds Private Limited are subjected to a set of terms and conditions, which we reserve the right to change without prior notice in the best interests of the company.<br\/>- Promo Codes will expire one month from the date of issuance by Tatynerds Private Limited. Promo Codes cannot be used to purchase other services. Promo Codes cannot be resold, transferred for value, or redeemed for cash, except to the extent required by law.<br\/>- The value of promo codes cannot be partially utilized. If done, any unused amount will not be refunded.<br\/>- Tatynerds Private Limited will not be responsible for replacing any lost or stolen promo codes.<br\/>- Tatynerds Private Limited reserves the right to amend the validity date of promo codes or reject promo codes to protect the interests of the company or under circumstances of abuse.<br\/>- Tatynerds Private Limited reserves the absolute right to withdraw and\/or alter any of the leans and conditions of the Offer at any time without prior notice.<br\/>- Any disputes arising out of and in connection with this Offer shall be subject to the jurisdiction of the courts of New Delhi, India only.<\/p>"}}},"block_order":["1646991614f5300e92-0","1646991614f5300e92-1"],"settings":{"backgound":"","text_color":"","align_text":"left","narrow_column":true,"divider":false,"enable_spacing":false}}},"order":["main","16469907231e5fd244","1646990888afd84e5b","164699111572778673","16469913032b3f7b3f","1646991441e0a446db","1646991614f9088460"]}