{"sections":{"main":{"type":"main-page","disabled":true,"settings":{}},"758a34d5-b24d-4f6e-9d38-7a7d59bb8ac4":{"type":"rich-text","blocks":{"template--16067274145962__758a34d5-b24d-4f6e-9d38-7a7d59bb8ac4-16760070275b5b015a-0":{"type":"heading","settings":{"title":"Services To Choose From","title_h1":false,"align_title":"center"}},"template--16067274145962__758a34d5-b24d-4f6e-9d38-7a7d59bb8ac4-16760070275b5b015a-1":{"type":"text","settings":{"enlarge_text":true,"text":"<p>There are multiple ways to get your online store up and running. However the two globally accepted and running methods are detailed below.<\/p>"}}},"block_order":["template--16067274145962__758a34d5-b24d-4f6e-9d38-7a7d59bb8ac4-16760070275b5b015a-0","template--16067274145962__758a34d5-b24d-4f6e-9d38-7a7d59bb8ac4-16760070275b5b015a-1"],"settings":{"backgound":"","text_color":"","align_text":"center","narrow_column":true,"divider":false,"enable_spacing":false}},"52973366-d8da-428b-8ab0-97052705a1da":{"type":"text-columns","blocks":{"template--16076538937514__52973366-d8da-428b-8ab0-97052705a1da-167698306301ee9aa8-1":{"type":"text_block","settings":{"enable_image":true,"image":"shopify:\/\/shop_images\/Performance_Opt_2x-100.jpg","image_width":650,"title":"Performance Optimization","text":"<p>High-speed online stores can lead to better user experiences, increased revenue, improved SEO, and increased customer loyalty. Ensuring that your website is fast and responsive is essential for any online business.<\/p>","button_label":"Know More","button_link":"shopify:\/\/pages\/performance-optimisation","open_popup":false,"enquiry":"Performance Optimization"}},"template--16076538937514__52973366-d8da-428b-8ab0-97052705a1da-167698306301ee9aa8-0":{"type":"text_block","settings":{"enable_image":true,"image":"shopify:\/\/shop_images\/Platform_migration_2x-100_1.jpg","image_width":650,"title":"Platform Migration","text":"<p>Online store platform migration is the process of moving an online store from one platform to another. There are several reasons why businesses might consider migrating their online store.<\/p>","button_label":"Connect With Us","button_link":"","open_popup":true,"enquiry":"Platform Migration"}}},"block_order":["template--16076538937514__52973366-d8da-428b-8ab0-97052705a1da-167698306301ee9aa8-1","template--16076538937514__52973366-d8da-428b-8ab0-97052705a1da-167698306301ee9aa8-0"],"settings":{"backgound":"","text_color":"","title":"","text":"","align_text":"center","divider":false,"enable_spacing":false}},"62459ab1-8019-4e5c-acaa-cc303ad279a9":{"type":"text-columns","blocks":{"template--16067274145962__62459ab1-8019-4e5c-acaa-cc303ad279a9-1676007195c74cac2f-0":{"type":"text_block","settings":{"enable_image":true,"image":"shopify:\/\/shop_images\/Day_to_day_maintain_2x-100.jpg","image_width":650,"title":"Store Maintainance","text":"<p>By implementing regular online store maintenance, you can help ensure that your website is running smoothly and providing the best possible experience for your customers.<\/p>","button_label":"Know More","button_link":"shopify:\/\/pages\/retainer-engagements","open_popup":false,"enquiry":""}},"template--16067274145962__62459ab1-8019-4e5c-acaa-cc303ad279a9-1676007195c74cac2f-1":{"type":"text_block","settings":{"enable_image":true,"image":"shopify:\/\/shop_images\/Feature_Dev_2x-100.jpg","image_width":650,"title":"Feature Development","text":"<p>Online store feature development involves the process of adding new features or functionalities to an existing online store. From improving the user experience, increasing sales, to keeping up with industry trends, this can be used along.<br\/><\/p>","button_label":"Connect With Us","button_link":"","open_popup":true,"enquiry":"Feature Development"}}},"block_order":["template--16067274145962__62459ab1-8019-4e5c-acaa-cc303ad279a9-1676007195c74cac2f-0","template--16067274145962__62459ab1-8019-4e5c-acaa-cc303ad279a9-1676007195c74cac2f-1"],"settings":{"backgound":"","text_color":"","title":"","text":"","align_text":"center","divider":false,"enable_spacing":false}},"2a3c9040-5e12-44b0-ad2c-3260bd434118":{"type":"image-banner","settings":{"image_banner":"shopify:\/\/shop_images\/Consultation_2x-100.jpg","image_banner_mobile":"shopify:\/\/shop_images\/Shopify_app_dev_copy_2x-100.jpg","banner_link":"shopify:\/\/pages\/performance-optimisation"}},"e22ebfe6-3368-4c3f-8a0d-285e95d1e758":{"type":"faq","disabled":true,"blocks":{"template--16067274145962__e22ebfe6-3368-4c3f-8a0d-285e95d1e758-16760107387c3b634c-0":{"type":"question","settings":{"title":"What are your hourly charges?","text":"<p>We don't have an hourly charges concept. We work on team model where we have monthly operating costs. Conatct us and our Team will assist with further details.<\/p>","button_label":"","button_link":""}},"template--16067274145962__e22ebfe6-3368-4c3f-8a0d-285e95d1e758-16760107387c3b634c-1":{"type":"question","settings":{"title":"How is your plan different form another agencies?","text":"<p>The plan offers your a team that is qualified to solve your technology problems. The team acts as your internal tech team and that way it is not different. We are preferred by most enterprises and high volume DTC brands because of our validations of solutions done on the platforms.<\/p>","button_label":"","button_link":""}},"47379e15-40ea-4382-b183-d688b68bd069":{"type":"question","settings":{"title":"What are your work timings?","text":"<p>The work timings for the team is just as any other team operates. Starts from 10:00 am and goes till 7:00 pm. Monday to Friday.<\/p>","button_label":"","button_link":""}},"f715d37c-0c63-4765-9093-7f67e6db08ca":{"type":"question","settings":{"title":"What if something goes wrong on a non-working day?","text":"<p>The teams work as your team itself and you can reach out to them. If they have their availability, they will surely assist.<br\/><br\/>Having said that, we guide you to avoid releases and new launches a day efore holidays so that all the teams can be breathing space to recover and come back strong.<\/p>","button_label":"","button_link":""}},"120c4f83-a83d-4127-9351-e62fea33d564":{"type":"question","settings":{"title":"How many hours of development we get in these plans?","text":"<p>We don't focus on hours of development. We are sure that any internal team hired also does not work on hours and more on releases, bug fixes and solutions. So we expect our teams also to be 75% - 80% efficient in their span of 20-22 working days.<\/p>","button_label":"","button_link":""}},"a73d9f5e-65b9-4527-9221-c572555800a8":{"type":"question","settings":{"title":"What is the main difference between growth plan and scale plan?","text":"<p>Growth plan is for brands that would require teams on monthly half day engagement. Scale plan is for brands that are on the scale sprint and would need undivided attention of team on daily basis. It will be a montly full day engagement.<\/p>","button_label":"","button_link":""}},"41af019b-0387-4396-8643-68a87521915b":{"type":"question","settings":{"title":"So you do all the coding work related to Shopify?","text":"<p>No, we assist in all the frontend development works in this plan. Any backend work or third party integration is taken care by teams with different skillset.<\/p>","button_label":"","button_link":""}}},"block_order":["template--16067274145962__e22ebfe6-3368-4c3f-8a0d-285e95d1e758-16760107387c3b634c-0","template--16067274145962__e22ebfe6-3368-4c3f-8a0d-285e95d1e758-16760107387c3b634c-1","47379e15-40ea-4382-b183-d688b68bd069","f715d37c-0c63-4765-9093-7f67e6db08ca","120c4f83-a83d-4127-9351-e62fea33d564","a73d9f5e-65b9-4527-9221-c572555800a8","41af019b-0387-4396-8643-68a87521915b"],"settings":{"title":"FAQs","divider":false}},"b7d07429-9735-4b31-a2fc-1c782568a016":{"type":"contact-form-strip","settings":{"section_heading":"Tell Us Your Commerce problem","page_source":"running-store-queries","spacing_top":40,"spacing_bottom":0}}},"order":["main","758a34d5-b24d-4f6e-9d38-7a7d59bb8ac4","52973366-d8da-428b-8ab0-97052705a1da","62459ab1-8019-4e5c-acaa-cc303ad279a9","2a3c9040-5e12-44b0-ad2c-3260bd434118","e22ebfe6-3368-4c3f-8a0d-285e95d1e758","b7d07429-9735-4b31-a2fc-1c782568a016"]}