{"sections":{"main":{"type":"page-title","disabled":true,"settings":{"title":"Our Works","subtitle":"","text":"","cta_text1":"","cta_link1":"","cta_text2":"","cta_link2":"","divider":false}},"1643222578951ed816":{"type":"rich-text","blocks":{"164322257848c8ac34-0":{"type":"heading","settings":{"title":"Our Work","title_h1":true,"align_title":"center"}},"164322257848c8ac34-1":{"type":"text","settings":{"enlarge_text":true,"text":"<p>Your Preferred Ecommerce Partners<\/p>"}}},"block_order":["164322257848c8ac34-0","164322257848c8ac34-1"],"settings":{"backgound":"","text_color":"","align_text":"center","narrow_column":true,"divider":false,"enable_spacing":false}},"16432250735f1e60f8":{"type":"image-accordion","blocks":{"cf70bc0a-5ae4-43af-922e-8b52b3a98239":{"type":"image-content","settings":{"title":"BEAUTY & SKIN CARE","image_1":"shopify:\/\/shop_images\/Juicy_Chemistry_070b6b43-3582-45e4-948a-c87eacef31cc.jpg","title_1":"Juicy Chemistry","image_link_1":"https:\/\/juicychemistry.com\/","image_2":"shopify:\/\/shop_images\/Wow_Marmeto_MiniBanner.jpg","title_2":"WOW Skin Science","image_link_2":"","image_3":"shopify:\/\/shop_images\/Sugar_Marmeto_MiniBanner02.jpg","title_3":"Sugar Cosmetics","image_link_3":"","image_4":"shopify:\/\/shop_images\/Delixirs_2x-100.jpg","title_4":"Delixirs","image_link_4":"https:\/\/delixirs.in\/","image_5":"shopify:\/\/shop_images\/Reequil_2x-100.jpg","title_5":"Re'equil","image_link_5":"https:\/\/www.reequil.com\/","image_6":"shopify:\/\/shop_images\/Minimalist_2x-100.jpg","title_6":"Minimalist","image_link_6":"https:\/\/beminimalist.co\/","video_id_1":"LEGn689oVAY","video_image_1":"shopify:\/\/shop_images\/TheFaceShop_Marmeto_Thumbnail.jpg","video_id_2":"lThT2UIYI2c","video_image_2":"shopify:\/\/shop_images\/mCaffeine_bb29be6b-8c52-4545-bdd2-d1538ad6e099.jpg","video_id_3":"M42Tprp8ULQ","video_image_3":"shopify:\/\/shop_images\/Belif_Marmeto_Thumbnail.jpg","video_id_4":"eGoTwsW5DFw","video_image_4":"shopify:\/\/shop_images\/Pink_Foundary_Thumbnail_3x-100.jpg","video_id_5":"yRuj6Gtkk4g","video_image_5":"shopify:\/\/shop_images\/Thumbnail_3x-100.jpg","video_id_6":"","text":"<p>A FEW MORE<\/p>","logo_image_1":"shopify:\/\/shop_images\/Wow_Marmeto_Works_jpg.png","logo_image_2":"shopify:\/\/shop_images\/TheManCompany_Marmeto_Works_jpg.png","logo_image_3":"shopify:\/\/shop_images\/Plum_Marmeto_Works_jpg.png","logo_image_4":"shopify:\/\/shop_images\/JustHerbs_Marmeto_Works_jpg.png","logo_image_5":"shopify:\/\/shop_images\/MitchellUSA_Marmeto_Works.png","logo_image_6":"shopify:\/\/shop_images\/Naturali_Marmeto_Works.png","logo_image_7":"shopify:\/\/shop_images\/NicciSkinCare_Marmeto_Works.png","logo_image_8":"shopify:\/\/shop_images\/BellaVitaOrganic_Marmeto_Works.png"}},"6b64ef90-0ac4-4e56-a6b4-c2d2b7962d52":{"type":"image-content","settings":{"title":"CLOTHING","image_1":"shopify:\/\/shop_images\/RajasthanRoyals_Marmeto_MiniBanner.jpg","title_1":"Rajasthan Royals","image_link_1":"","image_2":"shopify:\/\/shop_images\/NUSH_Marmeto_MiniBanner.jpg","title_2":"NUSH","image_link_2":"","image_3":"shopify:\/\/shop_images\/Tilfi_Marmeto_MiniBanner.jpg","title_3":"Tilfi","image_link_3":"","image_4":"shopify:\/\/shop_images\/Koskii_3x-100.jpg","title_4":"Koskii","image_link_4":"https:\/\/www.koskii.com\/","image_5":"shopify:\/\/shop_images\/Jadeblue_3x-100.jpg","title_5":"Jade Blue","image_link_5":"https:\/\/jadeblue.com\/","image_6":"shopify:\/\/shop_images\/BSC_3x-100.jpg","title_6":"Bombay Shirt Company","image_link_6":"https:\/\/www.bombayshirts.com\/","video_id_1":"xgXmAIIxX28","video_image_1":"shopify:\/\/shop_images\/Saundh_Marmeto_Thumbnail1.jpg","video_id_2":"oEVar1rAz84","video_image_2":"shopify:\/\/shop_images\/Blackberrys_Marmeto_Thumbnail.jpg","video_id_3":"VGePZ-JkehQ","video_image_3":"shopify:\/\/shop_images\/XYXX_Marmeto_Thumbnail.jpg","video_id_4":"","video_id_5":"","video_id_6":"","text":"<p>A FEW MORE<\/p>","logo_image_1":"shopify:\/\/shop_images\/KnightRiders_Marmeto_Works.png","logo_image_2":"shopify:\/\/shop_images\/TheWeddingBrigade_Marmeto_Works.png","logo_image_3":"shopify:\/\/shop_images\/TataCliq_Marmeto_Works.png","logo_image_4":"shopify:\/\/shop_images\/Jodi_Marmeto_Works.png","logo_image_5":"shopify:\/\/shop_images\/RareRabbit_Marmeto_Works.png","logo_image_6":"shopify:\/\/shop_images\/Aristobrat_Marmeto_Works.png","logo_image_7":"shopify:\/\/shop_images\/Tjori_Marmeto_Works.png","logo_image_8":"shopify:\/\/shop_images\/Fashor_Marmeto_Works.png"}},"2b990359-db5f-4725-ab79-3d443ba6e604":{"type":"image-content","settings":{"title":"ACCESSORIES, BAGS & SHOES","image_1":"shopify:\/\/shop_images\/Hidesign_Marmeto_MiniBanner.jpg","title_1":"Hidesign","image_link_1":"","image_2":"shopify:\/\/shop_images\/Tjori_Marmeto_MiniBanner_7d0fab3e-dae8-4d0c-8e5a-ecf18705a13d.jpg","title_2":"Tjori","image_link_2":"","image_3":"shopify:\/\/shop_images\/Chumbak_Marmeto_MiniBanner_331bd728-7462-4c4d-8b9b-52d0695a7fc4.jpg","title_3":"Chumbak","image_link_3":"","image_4":"shopify:\/\/shop_images\/Birkenstock_3x-100.jpg","title_4":"Birkenstock","image_link_4":"https:\/\/www.birkenstock.in\/","image_5":"shopify:\/\/shop_images\/Layerss_2x-100.jpg","title_5":"Layers","image_link_5":"https:\/\/www.layers.shop\/","image_6":"shopify:\/\/shop_images\/Superkicks_2x-100.jpg","title_6":"Superkicks","image_link_6":"https:\/\/www.superkicks.in\/","video_id_1":"z9GtHfQw_0Y","video_image_1":"shopify:\/\/shop_images\/Enchanted_Marmeto_Thumbnail.jpg","video_id_2":"jjcucCkrY-4&t=1s","video_image_2":"shopify:\/\/shop_images\/StarWars_Marmeto_Thumbnail1.jpg","video_id_3":"lMbgc39aO6U","video_image_3":"shopify:\/\/shop_images\/Jwelili_Marmeto_Thumbnail.jpg","video_id_4":"","video_id_5":"","video_id_6":"","text":"<p>A FEW MORE<\/p>","logo_image_1":"shopify:\/\/shop_images\/Fengari_Marmeto_Works.png","logo_image_2":"shopify:\/\/shop_images\/SaintG_Marmeto_Works.png","logo_image_3":"shopify:\/\/shop_images\/KushalsFashionJewellery_Marmeto_Works.png","logo_image_4":"shopify:\/\/shop_images\/Harissons_Marmeto_Works.png","logo_image_5":"shopify:\/\/shop_images\/Giva_Marmeto_Works.png","logo_image_6":"shopify:\/\/shop_images\/Quirksmith_Marmeto_Works.png","logo_image_7":"shopify:\/\/shop_images\/FizzyGoblet_Marmeto_Works.png","logo_image_8":"shopify:\/\/shop_images\/Plaeto_Marmeto_Works.png"}},"fc2ebc78-3884-4d64-b25e-2f25b846b39f":{"type":"image-content","settings":{"title":"FOOD & DRINKS","image_1":"shopify:\/\/shop_images\/MTRFoods_Marmeto_MiniBanner.jpg","title_1":"MTR Foods","image_link_1":"","image_2":"shopify:\/\/shop_images\/DrinkShunya_Marmeto_MiniBanner.jpg","title_2":"Shunya","image_link_2":"","image_3":"shopify:\/\/shop_images\/4700BcPopcorn_Marmeto_MiniBanner_78050f48-25f3-4f33-8834-e9dc60753632.jpg","title_3":"4700 BC","image_link_3":"","image_4":"shopify:\/\/shop_images\/Mapro_3x-100.jpg","title_4":"Mapro","image_link_4":"https:\/\/www.mapro.com\/","image_5":"shopify:\/\/shop_images\/Open_secret_2x-100.jpg","title_5":"Open Secret","image_link_5":"https:\/\/opensecret.in\/","image_6":"shopify:\/\/shop_images\/Gadre_marines_3x-100.jpg","title_6":"Gadre Marine","image_link_6":"https:\/\/www.gadre.co.in\/","video_id_1":"anG0fUVKUHo","video_image_1":"shopify:\/\/shop_images\/epigamia_Marmeto_Thumbnail.jpg","video_id_2":"Dfk2dAdDJuQ","video_image_2":"shopify:\/\/shop_images\/Aazol_Marmeto_Thumbnail.jpg","video_id_3":"SuElZrJ6YWE","video_image_3":"shopify:\/\/shop_images\/SlurrpFarm_Marmeto_Thumbnail.jpg","video_id_4":"","video_id_5":"","video_id_6":"","text":"<p>A FEW MORE<\/p>","logo_image_1":"shopify:\/\/shop_images\/SlayCoffee_Marmeto_Works_0abda5e4-ee1e-4c73-a110-61ff4ab05f24.png","logo_image_2":"shopify:\/\/shop_images\/ITC_Marmeto_Works_jpg.png","logo_image_3":"shopify:\/\/shop_images\/Qtrove_Marmeto_Works_23ec45b5-caa5-4abb-b5dc-b7a22b4cf743.png","logo_image_4":"shopify:\/\/shop_images\/MonsoonHarvest_Marmeto_Works.png","logo_image_5":"shopify:\/\/shop_images\/BrewHouse_Marmeto_Works_jpg.png","logo_image_6":"shopify:\/\/shop_images\/ThirdCulture_Marmeto_Works_jpg_e347ac9a-4ba7-409a-8bfa-4c0d543e6138.png","logo_image_7":"shopify:\/\/shop_images\/BeyondWater_Marmeto_Works_jpg.png"}},"2f013a95-b374-444d-8cbd-f2660673055c":{"type":"image-content","settings":{"title":"HEALTH & PERSONAL CARE","image_1":"shopify:\/\/shop_images\/NuStrips_Marmeto_MiniBanner_940081d7-09d7-41e3-8ebb-1508d63a4a5c.jpg","title_1":"NuStrips","image_link_1":"","image_2":"shopify:\/\/shop_images\/DrTrust_Marmeto_MiniBanner.jpg","title_2":"Dr Trust","image_link_2":"","image_3":"shopify:\/\/shop_images\/PinkAnee_Marmeto_MiniBanner1.jpg","title_3":"PINK ANEE","image_link_3":"","image_4":"shopify:\/\/shop_images\/Prima_world_2x-100_9279a9cd-f02c-4ef8-ab18-884305c31452.jpg","title_4":"Prima World","image_link_4":"https:\/\/primaworld.in\/","image_5":"shopify:\/\/shop_images\/Dermatouch_2x-100.jpg","title_5":"Dermatouch","image_link_5":"https:\/\/dermatouch.com\/","image_6":"shopify:\/\/shop_images\/Well_being_nutrition_3x-100.jpg","title_6":"Well Being Nutrition","image_link_6":"https:\/\/wellbeingnutrition.com\/","video_id_1":"eJRvXxCEh-A","video_image_1":"shopify:\/\/shop_images\/PowerGummies_Marmeto_Thumbnail.jpg","video_id_2":"tQpx4jXtFbM","video_image_2":"shopify:\/\/shop_images\/MyAvni_Marmeto_Thumbnail1.jpg","video_id_3":"RZPYOsKLs28","video_image_3":"shopify:\/\/shop_images\/SuperBottoms_Marmeto_Thumbnail_0681a842-3dbf-4e55-8249-194ccacd1602.jpg","video_id_4":"JYVLt2TuJwQ","video_image_4":"shopify:\/\/shop_images\/Thumbnail_-_Wiggle_3x-100.jpg","video_id_5":"ysctGUDLI0E","video_image_5":"shopify:\/\/shop_images\/Puer_thumbnail_3x-100.jpg","video_id_6":"0d3yMg7oBTs","video_image_6":"shopify:\/\/shop_images\/Thumbnail_-_Wiggle_4x-100_2.jpg","text":"<p>A FEW MORE<\/p>","logo_image_1":"shopify:\/\/shop_images\/Shyn_Marmeto_Works.png","logo_image_2":"shopify:\/\/shop_images\/Cora_Marmeto_Works1.png","logo_image_3":"shopify:\/\/shop_images\/FriendsDiapers_Marmeto_Works.png","logo_image_4":"shopify:\/\/shop_images\/Keto_Marmeto_Works.png","logo_image_5":"shopify:\/\/shop_images\/Menoquil_Marmeto_Works.png","logo_image_6":"shopify:\/\/shop_images\/Plush_Marmeto_Works.png","logo_image_7":"shopify:\/\/shop_images\/SriSriTattva_Marmeto_Works.png","logo_image_8":"shopify:\/\/shop_images\/PHYMen_Marmeto_Works.png"}},"9f47c39a-7e0b-4d0b-9e96-dc79b5d3b9c7":{"type":"image-content","settings":{"title":"HOME DECOR & KITCHEN","image_1":"shopify:\/\/shop_images\/Wonderchef_Marmeto_MiniBanner.jpg","title_1":"Wonderchef","image_link_1":"","image_2":"shopify:\/\/shop_images\/Glen_Marmeto_MiniBanner.jpg","title_2":"GLEN","image_link_2":"","image_3":"shopify:\/\/shop_images\/Kohler_Marmeto_MiniBanner.jpg","title_3":"KOHLER","image_link_3":"","image_4":"shopify:\/\/shop_images\/TSC_3x-100.jpg","title_4":"The Sleep Company","image_link_4":"https:\/\/thesleepcompany.in\/","image_5":"shopify:\/\/shop_images\/Codesustain_3x-100.jpg","title_5":"Codesustain","image_link_5":"https:\/\/codesustain.in\/","image_6":"shopify:\/\/shop_images\/Cycle_agarbatti_3x-100.jpg","title_6":"Yagna Cycle Agarbatti","image_link_6":"https:\/\/www.cycle.in\/yagna-incense-sticks","video_id_1":"7AXrs4Nfm4M","video_image_1":"shopify:\/\/shop_images\/DesignCafe_Marmeto_Thumbnail.jpg","video_id_2":"4djBvgnAb8o","video_image_2":"shopify:\/\/shop_images\/ModernMatter_Marmeto_Thumbnail.jpg","video_id_3":"7zcIUievLOw","video_image_3":"shopify:\/\/shop_images\/Ugaoo_STORY_-_Thumbnail_3x-100.jpg","video_id_4":"GRQ6sjO6CcU","video_image_4":"shopify:\/\/shop_images\/Good_karma_thumbnail_3x-100.jpg","video_id_5":"RrvVu9qB4PA","video_image_5":"shopify:\/\/shop_images\/Screenshot_28_0b4af1ec-49b1-40ee-9307-34db522e101d.png","video_id_6":"","text":"<p>A FEW MORE<\/p>","logo_image_1":"shopify:\/\/shop_images\/TheHindu_Marmeto_Works.png","logo_image_2":"shopify:\/\/shop_images\/ExclusiveLane_Marmeto_Works.png","logo_image_3":"shopify:\/\/shop_images\/OrientElectric_Marmeto_Works.png","logo_image_4":"shopify:\/\/shop_images\/Flo_Marmeto_Works.png","logo_image_5":"shopify:\/\/shop_images\/MordiallacFlorist_Marmeto_Works.png","logo_image_6":"shopify:\/\/shop_images\/PropShop24_Marmeto_Works.png","logo_image_7":"shopify:\/\/shop_images\/Duroflex_Marmeto_Works.png","logo_image_8":"shopify:\/\/shop_images\/Borosil_Marmeto_Works.png"}},"2409d88e-127d-4daf-b0e8-f13569927a88":{"type":"image-content","settings":{"title":"ELECTRONICS & MANUFACTURING","image_1":"shopify:\/\/shop_images\/Ptron_Marmeto_MiniBanner.jpg","title_1":"pTron","image_link_1":"https:\/\/ptron.in\/","image_2":"shopify:\/\/shop_images\/boat_Marmeto_MiniBanner1.jpg","title_2":"boAt","image_link_2":"https:\/\/www.boat-lifestyle.com\/","image_3":"shopify:\/\/shop_images\/imagine_Marmeto_MiniBanner1.jpg","title_3":"imagine","image_link_3":"https:\/\/imagineonline.store\/","image_4":"shopify:\/\/shop_images\/Dalmia_Cement_3x-100.jpg","title_4":"Dalmia Cement","image_link_4":"https:\/\/www.dalmiacement.com\/","image_5":"shopify:\/\/shop_images\/TIV_2x-100_ba7b5843-4e44-4310-8a0c-6bc708c27c66.jpg","title_5":"The Indus Valley","image_link_5":"https:\/\/www.theindusvalley.in\/","image_6":"shopify:\/\/shop_images\/Delhivery_2x-100.jpg","title_6":"Dehlivery","image_link_6":"https:\/\/www.delhivery.com\/","video_id_1":"KLHm7UqrTE0","video_image_1":"shopify:\/\/shop_images\/imagine_Marmeto_Thumbnail.jpg","video_id_2":"5U09i8Kp4m0","video_image_2":"shopify:\/\/shop_images\/YesWelder_Marmeto_Thumbnail.jpg","video_id_3":"1roo6pnCpPY","video_image_3":"shopify:\/\/shop_images\/Ugaoo_STORY_-_Thumbnail_4x-100_1.jpg","video_id_4":"","video_id_5":"","video_id_6":"","text":"<p>A FEW MORE<\/p>","logo_image_1":"shopify:\/\/shop_images\/HeadphoneZone_Marmeto_Works.png","logo_image_2":"shopify:\/\/shop_images\/Bajaao_Marmeto_Works.png","logo_image_3":"shopify:\/\/shop_images\/noise_Marmeto_Works.png","logo_image_4":"shopify:\/\/shop_images\/Robobull_Marmeto_Works.png","logo_image_5":"shopify:\/\/shop_images\/Electrixmart_Marmeto_Works.png","logo_image_6":"shopify:\/\/shop_images\/DesireDesire_Marmeto_Works.png","logo_image_7":"shopify:\/\/shop_images\/LoonOutdoors_Marmeto_Works.png","logo_image_8":"shopify:\/\/shop_images\/Soundscape_Marmeto_Works.png"}},"e050c941-01d0-4fc6-a206-525317bd99a3":{"type":"image-content","settings":{"title":"KIDS","image_1":"shopify:\/\/shop_images\/SlurrpFarms_Marmeto_MiniBanner.jpg","title_1":"Slurrp Farm","image_link_1":"","image_2":"shopify:\/\/shop_images\/Uptot_Marmeto_MiniBanner.jpg","title_2":"Uptot","image_link_2":"","image_3":"shopify:\/\/shop_images\/Shumee_Marmeto_MiniBanner.jpg","title_3":"Shumee","image_link_3":"","title_4":"","image_link_4":"","title_5":"","image_link_5":"","title_6":"","image_link_6":"","video_id_1":"RZPYOsKLs28","video_image_1":"shopify:\/\/shop_images\/SuperBottoms_Marmeto_Thumbnail.jpg","video_id_2":"M4eKbXeKGZ4","video_image_2":"shopify:\/\/shop_images\/Uptot_Marmeto_Thumbnail.jpg","video_id_3":"SuElZrJ6YWE","video_image_3":"shopify:\/\/shop_images\/SlurrpFarm_Marmeto_Thumbnail_cb48a310-13bd-4dfc-a15f-8e0ece73ec72.jpg","video_id_4":"","video_id_5":"","video_id_6":"","text":""}}},"block_order":["cf70bc0a-5ae4-43af-922e-8b52b3a98239","6b64ef90-0ac4-4e56-a6b4-c2d2b7962d52","2b990359-db5f-4725-ab79-3d443ba6e604","fc2ebc78-3884-4d64-b25e-2f25b846b39f","2f013a95-b374-444d-8cbd-f2660673055c","9f47c39a-7e0b-4d0b-9e96-dc79b5d3b9c7","2409d88e-127d-4daf-b0e8-f13569927a88","e050c941-01d0-4fc6-a206-525317bd99a3"],"settings":{"divider":false}},"ed5e55ba-0a29-4ed3-ac87-040b3ce9ad68":{"type":"contact-form-strip","settings":{"section_heading":"Connect for eCommerce Development","page_source":"Our Work","spacing_top":0,"spacing_bottom":0}},"164431408481d46d4f":{"type":"article-list","blocks":{"6d7884ee-9b5b-44a2-b79a-02055e3d86ba":{"type":"article","settings":{"article":"testimonials\/slurrp-farm-crafting-the-plus-experience"}},"156f9670-d014-4c4d-ad39-e31ba803ecc7":{"type":"article","settings":{"article":"news\/xyxx-apparels-raising-the-bar-briefly"}},"d34a0ec1-f1cd-48dc-8dfe-6ad7211e35d3":{"type":"article","settings":{"article":"testimonials\/power-gummies-nutraceutical-gummies-go-global-with-marmeto"}}},"block_order":["6d7884ee-9b5b-44a2-b79a-02055e3d86ba","156f9670-d014-4c4d-ad39-e31ba803ecc7","d34a0ec1-f1cd-48dc-8dfe-6ad7211e35d3"],"settings":{"enable_light_bg":true,"title":"Our Success Stories","text":"<p>To read about all our client successes, check our <a href=\"\/pages\/customer-stories\" title=\"Customer Stories\">Customer Stories<\/a> section.<\/p>","link_text":"","link_url":"","blog_show_tags":false,"blog_show_date":true,"blog_show_comments":false,"blog_show_author":false,"divider":false}},"16429603756bd965ab":{"type":"rich-text","disabled":true,"blocks":{"16429603759f05c46d-0":{"type":"heading","settings":{"title":"Interested in our solutions?","title_h1":false,"align_title":"center"}},"16429603759f05c46d-1":{"type":"text","settings":{"enlarge_text":false,"text":"<p>Reach out to us and let's discuss your ecommerce needs. Whether it's a small feature or an entire website from scratch, <br\/>we're all ears! Drop us an email or give us a call and we’ll be happy to help.<\/p><p><\/p>"}},"c916732c-fb13-4b02-b270-5b6e0e6942d7":{"type":"button","settings":{"link":"shopify:\/\/pages\/contact","link_text":"Let's talk","align_button":"center"}}},"block_order":["16429603759f05c46d-0","16429603759f05c46d-1","c916732c-fb13-4b02-b270-5b6e0e6942d7"],"settings":{"backgound":"","text_color":"","align_text":"center","narrow_column":true,"divider":false,"enable_spacing":false}}},"order":["main","1643222578951ed816","16432250735f1e60f8","ed5e55ba-0a29-4ed3-ac87-040b3ce9ad68","164431408481d46d4f","16429603756bd965ab"]}