{"sections":{"main":{"type":"main-page","disabled":true,"settings":{}},"1646056720b61de75a":{"type":"text-and-image","settings":{"image":"shopify:\/\/shop_images\/Marmeto_Qwikcilver.jpg","image_width":700,"subtitle":"A gifting solution partnership with","title":"Qwikcilver","enable_large_title":true,"text":"<p>To issue and redeem Gift Cards on the Shopify platform. Qwikcilver’s commitment to continuous innovation and futuristic solutions makes them the trusted go-to Gift Card and Pre-Paid solutions partner globally.<\/p>","button_label":"Know More","button_link":"shopify:\/\/pages\/contact","button_style":"primary","align_text":"left","layout":"right","divider":false,"remove_top_spacing":false}},"1646056746188470a5":{"type":"text-columns","blocks":{"164605674645c87ec2-0":{"type":"text_block","settings":{"enable_image":true,"image":"shopify:\/\/shop_images\/gift_card_partner.png","image_width":200,"title":"End to end gift card partner","text":"<p>We take care of your entire Gift Card Program right from launching in no time to a comprehensive program management.<\/p>","button_label":"","button_link":""}},"164605674645c87ec2-1":{"type":"text_block","settings":{"enable_image":true,"image":"shopify:\/\/shop_images\/gift_card_network_067a59a6-b046-4c5e-98f1-2ddefb1050d1.png","image_width":200,"title":"Extensive gift card network","text":"<p>Get unparalleled reach, scale, and visibility for your brand with one of the widest gift cards distribution networks like Online Marketplaces and Corporate Catalogues.<\/p>","button_label":"","button_link":""}},"164605674645c87ec2-2":{"type":"text_block","settings":{"enable_image":true,"image":"shopify:\/\/shop_images\/Consolidated_reports.png","image_width":200,"title":"Fulfil bulk orders with ease","text":"<p>With a suite of self-serve tools, fulfilment of large corporate orders for Corporate Rewards and Corporate Gifting becomes a breeze.<\/p>","button_label":"","button_link":""}},"c13e755e-b9db-4082-b7ae-5c424fb56018":{"type":"text_block","settings":{"enable_image":true,"image":"shopify:\/\/shop_images\/integrated_and_global.png","image_width":200,"title":"Truly integrated and global","text":"<p>With a complete integration with any Shopify Plus, you can now launch your Gift Card program in a flat 15 Days anywhere across the Globe.<\/p>","button_label":"","button_link":""}}},"block_order":["164605674645c87ec2-0","164605674645c87ec2-1","164605674645c87ec2-2","c13e755e-b9db-4082-b7ae-5c424fb56018"],"settings":{"backgound":"#14151b","text_color":"#ffffff","title":"How this partnership benefits you","text":"","align_text":"center","divider":false,"enable_spacing":false}},"16485575223bc8bb81":{"type":"text-and-image","settings":{"image":"shopify:\/\/shop_images\/Qwikcilver.jpg","image_width":700,"subtitle":"","title":"About Qwikcilver","enable_large_title":false,"text":"<p>A global leader, powering every segment of the gift card industry – Qwikcilver is trusted by more than 200 brands across the world to power their Gift Card and Pre-Paid programs.<\/p>","button_label":"Know More","button_link":"shopify:\/\/pages\/contact","button_style":"primary","align_text":"left","layout":"right","divider":false,"remove_top_spacing":false}}},"order":["main","1646056720b61de75a","1646056746188470a5","16485575223bc8bb81"]}