{"sections":{"main":{"type":"main-page","disabled":true,"settings":{}},"1646056720b61de75a":{"type":"text-and-image","settings":{"image":"shopify:\/\/shop_images\/Marmeto_Vajro.jpg","image_width":700,"subtitle":"A mobile app partnership with","title":"Vajro","enable_large_title":true,"text":"<p>A zero-code mobile app builder on Shopify that enables online stores to build their own mobile app with a simple drag-and-drop functionality. <\/p>","button_label":"Know More","button_link":"shopify:\/\/pages\/contact","button_style":"primary","align_text":"left","layout":"right","divider":false,"remove_top_spacing":false}},"1646056746188470a5":{"type":"text-columns","blocks":{"164605674645c87ec2-0":{"type":"text_block","settings":{"enable_image":true,"image":"shopify:\/\/shop_images\/Level-3_AI_bot.png","image_width":200,"title":"Idea to app in 60 minutes","text":"","button_label":"","button_link":""}},"164605674645c87ec2-1":{"type":"text_block","settings":{"enable_image":true,"image":"shopify:\/\/shop_images\/Human_Chatbot.png","image_width":200,"title":"Dedicated customer success teams","text":"","button_label":"","button_link":""}},"164605674645c87ec2-2":{"type":"text_block","settings":{"enable_image":true,"image":"shopify:\/\/shop_images\/Conversion.png","image_width":200,"title":"50+ premium plug-ins","text":"","button_label":"","button_link":""}},"c13e755e-b9db-4082-b7ae-5c424fb56018":{"type":"text_block","settings":{"enable_image":true,"image":"shopify:\/\/shop_images\/single_platform.png","image_width":200,"title":"Automated & scheduled push notifications","text":"","button_label":"","button_link":""}}},"block_order":["164605674645c87ec2-0","164605674645c87ec2-1","164605674645c87ec2-2","c13e755e-b9db-4082-b7ae-5c424fb56018"],"settings":{"backgound":"#14151b","text_color":"#ffffff","title":"How this partnership benefits you","text":"","align_text":"center","divider":false,"enable_spacing":false}},"16485575223bc8bb81":{"type":"text-and-image","settings":{"image":"shopify:\/\/shop_images\/Vajro.jpg","image_width":700,"subtitle":"","title":"About Vajro","enable_large_title":false,"text":"<p>The most reviewed top-rated mobile app builder on Shopify that comes with a wide range of features and 50+ integrations that help businesses grow 5x! <\/p>","button_label":"Know More","button_link":"shopify:\/\/pages\/contact","button_style":"primary","align_text":"left","layout":"right","divider":false,"remove_top_spacing":false}}},"order":["main","1646056720b61de75a","1646056746188470a5","16485575223bc8bb81"]}