{"sections":{"main":{"type":"main-page","disabled":true,"settings":{}},"1645783149e261a724":{"type":"text-strip","settings":{"narrow_column":true,"backgound":"#e3ff53","text_color":"#14151b","align_text":"center","title":"A Shopify Plus Solution"}},"164574590128d7210b":{"type":"text-and-image","settings":{"image":"shopify:\/\/shop_images\/Banner_Image_Hiding_COD_option_at_checkout_1.jpg","image_width":700,"subtitle":"","title":"Selectively Hide COD Option With Smarter Checkouts","enable_large_title":false,"text":"<p>Safeguard your online business and <strong>minimize losses, risks, and handling costs.<\/strong><\/p>","button_label":"Hide COD at Checkout","button_link":"https:\/\/forms.monday.com\/forms\/1f21d33f2cf5b306092689b5370b7412?r=use1","button_style":"primary","align_text":"left","layout":"right","divider":false,"remove_top_spacing":false}},"16457459198d6a0fc7":{"type":"text-columns","blocks":{"164574591969942641-0":{"type":"text_block","settings":{"enable_image":true,"image":"shopify:\/\/shop_images\/Minimise_impulsive_purchases_and_fraud.png","image_width":200,"title":"","text":"<p>Minimize impulsive purchases and fraud.<\/p>","button_label":"","button_link":""}},"164574591969942641-1":{"type":"text_block","settings":{"enable_image":true,"image":"shopify:\/\/shop_images\/Reduce_losses_due_to_free_returns.png","image_width":200,"title":"","text":"<p>Reduce losses due to free returns.<\/p>","button_label":"","button_link":""}},"164574591969942641-2":{"type":"text_block","settings":{"enable_image":true,"image":"shopify:\/\/shop_images\/Obtain_authentic_customer_information.png","image_width":200,"title":"","text":"<p>Obtain authentic customer information.<\/p>","button_label":"","button_link":""}},"02b20b6f-b6c0-4c51-ac44-bdb412ff20cc":{"type":"text_block","settings":{"enable_image":true,"image":"shopify:\/\/shop_images\/Assured_payments_for_costly_fragile_products.png","image_width":200,"title":"","text":"<p>Assured payments for costly\/fragile products.<\/p>","button_label":"","button_link":""}}},"block_order":["164574591969942641-0","164574591969942641-1","164574591969942641-2","02b20b6f-b6c0-4c51-ac44-bdb412ff20cc"],"settings":{"backgound":"","text_color":"","title":"","text":"","align_text":"center","divider":false,"enable_spacing":false}},"16457463727b9f71e8":{"type":"rich-text","blocks":{"1645746372a2108791-0":{"type":"heading","settings":{"title":"The Problem","title_h1":false,"align_title":"center"}},"1645746372a2108791-1":{"type":"text","settings":{"enlarge_text":false,"text":"<p>COD (Cash on Delivery) has been a sensitive topic of discussion in the e-commerce market space. Though it enables buyers to confidently shop online without a debit\/credit card, this payment method is fraught with uncertainty and inconvenience for e-commerce retailers.<\/p><p>While COD is a popular payment choice by buyers in many countries,  as an online retailer looking to grow your business, the question arises, ‘At what cost?’<\/p><p>COD comes with its own challenges, leaving sellers vulnerable to delivery cancellations, additional logistics costs, damages during delivery, returns and refund issues, fraud, cash flow, and other related issues. <\/p><p>40% of COD orders get returned to their origin in India alone.  A single return reportedly costs an online retailer <a href=\"https:\/\/www.news18.com\/news\/business\/one-out-of-three-cash-on-delivery-orders-in-india-remain-undelivered-report-2382381.html\"><span style=\"text-decoration:underline\">INR 50-150<\/span><\/a> depending on the parcel size. It is also one of the most preferred payment methods in <a href=\"https:\/\/janio.asia\/articles\/e-commerce-in-southeast-asia-should-merchants-offer-cash-on-delivery\/\"><span style=\"text-decoration:underline\">Southeast Asian countries.<\/span><\/a><\/p><p>However, with online buyers increasingly adopting digital payments in these markets, it may be just the right time for online retailers to promote digital transactions and minimize the business risks associated with COD transactions.<\/p><p><strong>Smart checkout solutions from Marmeto for Hiding COD payment gateways can<\/strong> <strong>help!<\/strong><\/p>"}}},"block_order":["1645746372a2108791-0","1645746372a2108791-1"],"settings":{"backgound":"#ffffff","text_color":"#000000","align_text":"left","narrow_column":true,"divider":false,"enable_spacing":true}},"16457464561a611fe1":{"type":"rich-text","blocks":{"1645746456ef3f85af-0":{"type":"heading","settings":{"title":"The Solution","title_h1":false,"align_title":"center"}},"1645746456ef3f85af-1":{"type":"text","settings":{"enlarge_text":false,"text":"<p>There’s no doubt that COD has played a vital role in driving e-commerce, especially in regions characterized by low awareness and poor infrastructure for online payments. At the same time, you cannot ignore the high costs associated with unsuccessful CODs.<\/p><p>One way to get around this problem is to restrict COD payment options in specific high-risk conditions and leverage the growing acceptance of digital payment to mitigate risks and losses for your online store.<\/p><p>Marmeto’s dedicated solution for this use-case can help you hide the COD option from high-risk transactions, including customer-specific issues, the perishable or fragile nature of the product, the total cart price, and other such conditions unique to your online store.<\/p>"}}},"block_order":["1645746456ef3f85af-0","1645746456ef3f85af-1"],"settings":{"backgound":"#14151b","text_color":"#ffffff","align_text":"left","narrow_column":true,"divider":false,"enable_spacing":false}},"1645746567ed9690e4":{"type":"rich-text","blocks":{"164574656778ba2470-0":{"type":"heading","settings":{"title":"How Does This Feature Work?","title_h1":false,"align_title":"center"}},"164574656778ba2470-1":{"type":"text","settings":{"enlarge_text":false,"text":"<p><strong>This solution can be custom-implemented on Shopify Plus websites.<\/strong><\/p><p>It enables online retailers using Shopify Plus to hide the customers’ COD option while making the payment. Merchants can thus control the payment options for their customers based on the risk potential of the transaction.<\/p><p>To explain, if you are on the Shopify Plus plan, you could restrict COD to your customers - for example, based on their geographical location - while promoting assured sales.<\/p><p>By hiding the COD option during checkout, you can also implement payment controls based on the nature of the fragile shipment, such as glassware, electronics, etc. Along with supporting pre-paid sales, it safeguards your business against losses caused by returns due to accidental damage by a third party during delivery.<\/p><p>In addition, the capability to hide the COD payment option if the cart exceeds a specific value is another enhancement that helps retailers on Shopify Plus minimize the risks associated with such transactions.<\/p><p>In a nutshell, by incorporating COD hiding capabilities, Shopify Plus supports your online business, giving you more control over when and how your customers can pay using the Cash on Delivery payment method.<\/p><p><\/p>"}},"2b327da5-2c55-4385-983a-a3b5ddc1fb57":{"type":"button","settings":{"link":"https:\/\/forms.monday.com\/forms\/1f21d33f2cf5b306092689b5370b7412?r=use1","link_text":"Hide COD at Checkout","align_button":"center"}}},"block_order":["164574656778ba2470-0","164574656778ba2470-1","2b327da5-2c55-4385-983a-a3b5ddc1fb57"],"settings":{"backgound":"#ffffff","text_color":"#14151b","align_text":"left","narrow_column":true,"divider":false,"enable_spacing":true}},"1645746705fd0dba64":{"type":"rich-text","blocks":{"16457467052c6a94dd-0":{"type":"heading","settings":{"title":"Why Do We Need It?","title_h1":false,"align_title":"center"}},"16457467052c6a94dd-1":{"type":"text","settings":{"enlarge_text":false,"text":"<p>Hiding the COD option for your customers while they’re at checkout helps you minimize the inherent risks associated with COD.<\/p><p>These risks include your customers’ refusal to accept delivery, trolls seeking to annoy others,  high costs of logistics, and refund processing that can impact your overall profitability.<\/p><p>Although COD helps you to increase the number of orders up to a specific price point, beyond that it may need a careful review within your overall ecommerce strategy. <\/p><p>Shopify Plus’s COD hiding feature frees you of the worries related to risky COD purchases and lets you focus on your business and enhance customer interactions in your online store.<\/p>"}}},"block_order":["16457467052c6a94dd-0","16457467052c6a94dd-1"],"settings":{"backgound":"#14151b","text_color":"#ffffff","align_text":"left","narrow_column":true,"divider":false,"enable_spacing":false}},"16457468007e4feed0":{"type":"text-columns","blocks":{"164574680029385df2-0":{"type":"text_block","settings":{"enable_image":true,"image":"shopify:\/\/shop_images\/mCaffeine_Hiding_COD_option_at_checkout_1.jpg","image_width":650,"title":"","text":"","button_label":"","button_link":""}},"164574680029385df2-1":{"type":"text_block","settings":{"enable_image":true,"image":"shopify:\/\/shop_images\/4700BC_Hiding_COD_option_at_checkout_1.jpg","image_width":650,"title":"","text":"","button_label":"","button_link":""}}},"block_order":["164574680029385df2-0","164574680029385df2-1"],"settings":{"backgound":"#ffffff","text_color":"#14151b","title":"SPOTTED!!!!","text":"<p>\"Hide COD at Checkout\" as seen on...<\/p>","align_text":"center","divider":false,"enable_spacing":true}},"164574693167eea5ff":{"type":"rich-text","blocks":{"16457469317de5c06c-0":{"type":"heading","settings":{"title":"About Marmeto","title_h1":false,"align_title":"center"}},"16457469317de5c06c-1":{"type":"text","settings":{"enlarge_text":false,"text":"<p><strong>Marmeto is one of India's leading Shopify and Shopify Plus solution providers for all ecommerce stores <\/strong>with customized solutions. With everything centered around Shopify, we offer simplified ecommerce solutions ranging from building customized solutions & integrations for your Shopify website to building Shopify apps to Enterprise Solutions centered around Shopify! We have developed over <strong>900 Shopify websites, 60 Shopify Plus stores <\/strong>and have successful collaborations with an array of partner ranging from marketing to logistics domains.<br\/><strong>At Marmeto, there's a singular goal. To Simplify Ecommerce. Have you experienced it yet?<\/strong><\/p>"}}},"block_order":["16457469317de5c06c-0","16457469317de5c06c-1"],"settings":{"backgound":"#14151b","text_color":"#ffffff","align_text":"center","narrow_column":true,"divider":false,"enable_spacing":false}},"16457469812a2db1d6":{"type":"video-list","blocks":{"1645746981032cd302-0":{"type":"video_block","settings":{"image":"shopify:\/\/shop_images\/LP.jpg","video_id":"lThT2UIYI2c"}},"1645746981032cd302-1":{"type":"video_block","settings":{"image":"shopify:\/\/shop_images\/power_gummies_thumbnail.jpg","video_id":"eJRvXxCEh-A"}},"1645746981032cd302-2":{"type":"video_block","settings":{"image":"shopify:\/\/shop_images\/xyxx_thumbnail.jpg","video_id":"VGePZ-JkehQ"}},"1645746981032cd302-3":{"type":"video_block","settings":{"image":"shopify:\/\/shop_images\/epigamia.jpg","video_id":"anG0fUVKUHo&t=1s"}}},"block_order":["1645746981032cd302-0","1645746981032cd302-1","1645746981032cd302-2","1645746981032cd302-3"],"settings":{"backgound":"#ffffff","text_color":"#14151b","title":"Our Folio","text":"<p>Over the past few years, we've helped a lot of brands & business build and enhance their online presence.<br\/>Here's a glimpse of our latest work.<\/p>","align_text":"center","divider":false,"enable_spacing":true}}},"order":["main","1645783149e261a724","164574590128d7210b","16457459198d6a0fc7","16457463727b9f71e8","16457464561a611fe1","1645746567ed9690e4","1645746705fd0dba64","16457468007e4feed0","164574693167eea5ff","16457469812a2db1d6"]}