{"sections":{"main":{"type":"main-page","disabled":true,"settings":{}},"1646056720b61de75a":{"type":"text-and-image","settings":{"image":"shopify:\/\/shop_images\/Marmeto_Searchtap.jpg","image_width":700,"subtitle":"A search optimisation partnership with","title":"Searchtap","enable_large_title":true,"text":"<p>A leading search & merchandising solutions company, with 3 core offerings - eCommerce Search, Category\/Collection Page Filters and Algorithm-based Merchandising.<\/p>","button_label":"Know More","button_link":"shopify:\/\/pages\/contact","button_style":"primary","align_text":"left","layout":"right","divider":false,"remove_top_spacing":false}},"1646056746188470a5":{"type":"text-columns","blocks":{"164605674645c87ec2-0":{"type":"text_block","settings":{"enable_image":true,"image":"shopify:\/\/shop_images\/AMAZINGLY_POWERFUL_2.png","image_width":200,"title":"Amazingly powerful","text":"<p>Ultra fast & accurate results <\/p><p>Adaptive machine learning algorithm <\/p><p>Robust & secure cloud infrastructure<\/p>","button_label":"","button_link":""}},"164605674645c87ec2-1":{"type":"text_block","settings":{"enable_image":true,"image":"shopify:\/\/shop_images\/FULLY_CUSTOMISABLE.png","image_width":200,"title":"Fully customizable","text":"<p>Smart dynamic filters<\/p><p>Geo-location based search results<\/p><p>Optimised for mobile devices<\/p>","button_label":"","button_link":""}},"164605674645c87ec2-2":{"type":"text_block","settings":{"enable_image":true,"image":"shopify:\/\/shop_images\/EASY_TO_INTEGRATE_2.png","image_width":200,"title":"Easy to intergrate","text":"<p>Seamless real-time indexing<\/p><p>Multiple platform integrations<\/p><p>Guided setup by search specialists<\/p>","button_label":"","button_link":""}},"c13e755e-b9db-4082-b7ae-5c424fb56018":{"type":"text_block","settings":{"enable_image":true,"image":"shopify:\/\/shop_images\/INTELLIGENT_INSIGHTS.png","image_width":200,"title":"Intelligent insights","text":"<p>Actionable analytics<\/p><p>Simple & intuitive dashboards<\/p><p>Top searches & zero result queries<\/p>","button_label":"","button_link":""}}},"block_order":["164605674645c87ec2-0","164605674645c87ec2-1","164605674645c87ec2-2","c13e755e-b9db-4082-b7ae-5c424fb56018"],"settings":{"backgound":"#14151b","text_color":"#ffffff","title":"How this partnership benefits you","text":"","align_text":"center","divider":false,"enable_spacing":false}},"16485575223bc8bb81":{"type":"text-and-image","settings":{"image":"shopify:\/\/shop_images\/MacDesktopBanner_Searchtap.jpg","image_width":700,"subtitle":"","title":"About Searchtap","enable_large_title":false,"text":"<p>It is a subscription based <strong>hosted search solution <\/strong>for websites, mobile applications and enterprise softwares. With investments in unrivalled technology and best in class cloud infrastructure, SearchTap helps you build the best search experience for your users and offers <strong>world class speed and reliability <\/strong>right from the very the first keystroke.<\/p>","button_label":"Know More","button_link":"shopify:\/\/pages\/contact","button_style":"primary","align_text":"left","layout":"right","divider":false,"remove_top_spacing":false}}},"order":["main","1646056720b61de75a","1646056746188470a5","16485575223bc8bb81"]}