{"sections":{"main":{"type":"main-page","disabled":true,"settings":{}},"1644493261e3018426":{"type":"rich-text","blocks":{"16444932612d783041-0":{"type":"heading","settings":{"title":"Customer Stories","title_h1":true,"align_title":"center"}},"16444932612d783041-1":{"type":"text","settings":{"enlarge_text":true,"text":"<p>Find out why India's best brands choose Marmeto.<\/p>"}}},"block_order":["16444932612d783041-0","16444932612d783041-1"],"settings":{"backgound":"","text_color":"","align_text":"center","narrow_column":true,"divider":false,"enable_spacing":false}},"16444944762be32aac":{"type":"client-stories","blocks":{"3225a77c-7c46-443c-bcfa-c6788e124647":{"type":"text_block","settings":{"image":"shopify:\/\/shop_images\/Imagine_-_Small_banner_4x-100.jpg","logo_image":"shopify:\/\/shop_images\/imagine_-_logo_4x-8.png","text":"<p>Apple is undoubtedly one of the most prestigious tech companies in the world today, and when the opportunity presented itself to work with Ample (Imagine Store’s Website) we jumped at the sight of it!<\/p>","client_name":"Ravi Shrivas","client_designation":"E-Commerce Manager, Ample Tech","block_link":"shopify:\/\/blogs\/testimonials\/ample-into-the-realm-of-imagine-store-online"}},"e65410f4-430e-4dd3-82b4-7ff4607920de":{"type":"text_block","settings":{"image":"shopify:\/\/shop_images\/thumbnail.jpg","logo_image":"shopify:\/\/shop_images\/neeman_s_mobile_logo.webp","text":"<p>The agile and versatile processes coupled with the Marmeto team’s proactive approach have made it a very good experience for Neeman’s.<\/p>","client_name":"Taran Chhabra","client_designation":"Founder, Neeman's","block_link":"https:\/\/marmeto.com\/blogs\/testimonials\/users-comfort-matters-most-from-buying-shoes-to-wearing-them"}},"1644494476aed0eb9d-1":{"type":"text_block","settings":{"image":"shopify:\/\/shop_images\/PowerGummies_Marmeto_minibanner2.jpg","logo_image":"shopify:\/\/shop_images\/power_gummies_2df660aa-9912-4219-a524-9d20551ffc48.png","text":"<p>Once we began work with Marmeto,  the team delivered the entire work in a span of 48-50 days only!<\/p>","client_name":"Kapil Mittal","client_designation":"Chief of Business Strategy, Power Gummies","block_link":"shopify:\/\/blogs\/testimonials\/power-gummies-nutraceutical-gummies-go-global-with-marmeto"}},"782784af-9f4d-451c-8e17-c6311bb30999":{"type":"text_block","settings":{"image":"shopify:\/\/shop_images\/Ewq9sWzVIAc11dq.jpg","logo_image":"shopify:\/\/shop_images\/Epigamia_logo_PNG.png","text":"<p>The Marmeto team has exceeded all our expectations and given us solutions that were not even in their scope of work.<\/p>","client_name":"Shreyansh Mehta","client_designation":"Strategic Initiatives, Epigamia","block_link":"shopify:\/\/blogs\/testimonials\/marmeto-s-unnatural-journey-with-epigamia"}},"64a389dd-6510-4773-83a4-59695c740a00":{"type":"text_block","settings":{"image":"shopify:\/\/shop_images\/SuperBottoms_Marmeto_minibanner.jpg","logo_image":"shopify:\/\/shop_images\/SuperBottoms_logo_PNG.png","text":"<p>We haven't met any agency till now that was this positive! They are collaborative, open, knowledgeable, and honest!<\/p>","client_name":"Pallavi Utagi","client_designation":"Co-Founder, Superbottoms","block_link":"shopify:\/\/blogs\/testimonials\/from-wordpress-to-a-shopify-plus-website-superbottoms-ready-in-20-days-1"}},"2aa186e2-bd93-4240-a2e7-a728030bab6b":{"type":"text_block","settings":{"image":"shopify:\/\/shop_images\/MPLsports_Marmeto_minibanner.jpg","logo_image":"shopify:\/\/shop_images\/MPLsports_logo_PNG.png","text":"<p>I liked the approachability, professionalism, and commitment at Marmeto.<\/p>","client_name":"Shobhit Gupta","client_designation":"Head- MPL Sports at Mobile Premier League","block_link":"shopify:\/\/blogs\/testimonials\/boundary-after-boundary-with-mpl-sports"}},"1644494476aed0eb9d-2":{"type":"text_block","settings":{"image":"shopify:\/\/shop_images\/Aazol_Marmeto_minibanner.jpg","logo_image":"shopify:\/\/shop_images\/Aazol_logo_PNG.png","text":"<p>The relationship that Marmeto, and especially Saurav, has so successfully been able to cultivate with us has provided the foundation of what will undoubtedly be a long-term association.<\/p>","client_name":"Siddharth Purohit","client_designation":"Founder, Aazol","block_link":"shopify:\/\/blogs\/testimonials\/aazol-maharashtras-tastes-meet-shopifys-tech"}},"1644494476aed0eb9d-3":{"type":"text_block","settings":{"image":"shopify:\/\/shop_images\/4700BCPopcorn_Marmeto_minibanner.jpg","logo_image":"shopify:\/\/shop_images\/4700BCPopcorn_logo_PNG.png","text":"<p>Marmeto has a good team that understands the nature of problems and creates solutions quickly. They are very well versed with the Shopify ecosystem and know their stuff!<\/p>","client_name":"Chirag Gupta","client_designation":"Founder, 4700BC","block_link":"shopify:\/\/blogs\/testimonials\/a-popping-experience-with-4700bc"}},"92de449e-35f0-47f7-9fd1-99f2adf0fe60":{"type":"text_block","settings":{"image":"shopify:\/\/shop_images\/Quirksmith_Marmeto_minibanner.jpg","logo_image":"shopify:\/\/shop_images\/Quirksmith_logo_PNG_c916e6b3-f8f9-4788-81fa-fb90e26fe121.png","text":"<p>It always seems like a black box and people don't seem to share enough to make you comfortable as a business owner.  But Saurav and Shashwat did that really well.<\/p>","client_name":"Pragya Batra","client_designation":"Co-Founder, Quirksmith","block_link":"shopify:\/\/blogs\/testimonials\/quirksmith-a-communicative-strategy"}},"98976c5e-2d2e-4ae9-943e-b0db053d7adf":{"type":"text_block","settings":{"image":"shopify:\/\/shop_images\/Dressfolk_Marmeto_minibanner.jpg","logo_image":"shopify:\/\/shop_images\/Dressfolk_logo2_PNG_3d22b102-7fda-40c6-891e-4718e6f22c36.png","text":"<p>One of the best things I liked working with Marmeto is the responsiveness. The team is always available and if urgent, I know I can just call them right away.<\/p>","client_name":"Nitin Mehrotra","client_designation":"Founder, Dressfolk","block_link":"shopify:\/\/blogs\/testimonials\/dressfolk-an-effort-at-a-conversion-rate-optimized-website"}},"e73ed7aa-8d14-4af3-8f79-258db4d41f3c":{"type":"text_block","settings":{"image":"shopify:\/\/shop_images\/MyAvni_Marmeto_minibanner.jpg","logo_image":"shopify:\/\/shop_images\/MyAvni_logo_PNG.png","text":"<p>It’s difficult to sum it up in one sentence. But if I had to, I’d say that I’m very impressed with the work that the Marmeto team has done!<\/p>","client_name":"Sujata Pawar & Apurv Agarwal","client_designation":"Co-founders, My Avni","block_link":"shopify:\/\/blogs\/testimonials\/my-avni-the-sustainable-period-choice"}},"03b81b1d-29a5-40ad-aaec-8e2a85e7a846":{"type":"text_block","settings":{"image":"shopify:\/\/shop_images\/Plush_Marmeto_minibanner.jpg","logo_image":"shopify:\/\/shop_images\/Plush_logo_PNG.png","text":"<p>They understand Shopify and as we are completely built on Shopify, their knowledge becomes paramount to our website’s success!<\/p>","client_name":"Ketan Munoth","client_designation":"Co-Founder, Plush for her","block_link":"shopify:\/\/blogs\/testimonials\/plush-the-repeat-affair"}},"2362e30f-4bbd-4078-a3d3-704488e3761f":{"type":"text_block","settings":{"image":"shopify:\/\/shop_images\/melio_Marmeto_minibanner.jpg","logo_image":"shopify:\/\/shop_images\/melio_logo_PNG.png","text":"<p>Once we started working with Marmeto, it was a smooth journey from then on. We always felt that the folks at Marmeto know what they’re doing and are experts at it!<\/p>","client_name":"Priyanka Subramanian","client_designation":"Co Founder, Melio","block_link":"shopify:\/\/blogs\/testimonials\/the-melio-escapades-helping-children-manifest-their-latent-talents"}},"78371f23-9b46-4cb2-98e5-8343bbedda96":{"type":"text_block","settings":{"image":"shopify:\/\/shop_images\/SriSriTattva_Marmeto_minibanner.jpg","logo_image":"shopify:\/\/shop_images\/SriSriTatvaa_logo_PNG.png","text":"<p>They are extremely approachable at any time of the day, any day of the year! They have a very clear understanding of the Shopify Platform and their approach to problem-solving is nothing short of confident.<\/p>","client_name":"Mehul Malviya","client_designation":"Head of Ecommerce & Strategy Management, Sri Sri Tattva","block_link":"shopify:\/\/blogs\/testimonials\/sri-sri-tattva-the-journey-of-tech-trust"}},"17084ed6-3654-4a46-a244-49a3901c6ee3":{"type":"text_block","settings":{"image":"shopify:\/\/shop_images\/MTR_Marmeto_minibanner.jpg","logo_image":"shopify:\/\/shop_images\/MTR_logo_PNG.png","text":"<p>Nothing is absolute 10\/10 in this world, but Marmeto comes quite close with their level of expertise in Shopify. They’re definitely sound in their technical know-how.<\/p>","client_name":"Mr. Venkat Raman","client_designation":"CIO, MTR Foods","block_link":"shopify:\/\/blogs\/testimonials\/success-in-simplicity-with-mtr-foods"}},"1644494476aed0eb9d-0":{"type":"text_block","settings":{"image":"shopify:\/\/shop_images\/SlayCoffee_Marmeto_minibanner_dbdc0bda-0e35-40f6-ae2e-3961dd24a99c.jpg","logo_image":"shopify:\/\/shop_images\/SlayCoffee_logo_PNG_06872828-af2a-48ba-93ca-869c05e83dba.png","text":"<p>It was only after Marmeto that we have been able to do this and help drive sales through our website.<\/p>","client_name":"Shubham Marhatta","client_designation":"Brand & Communication, Slay Coffee","block_link":"shopify:\/\/blogs\/testimonials\/our-evolution-with-slay-coffee"}},"0d3107dc-c332-4816-8e9c-9e4fd6fc2bcb":{"type":"text_block","settings":{"image":"shopify:\/\/shop_images\/TheStatePlate_Marmeto_minibanner.jpg","logo_image":"shopify:\/\/shop_images\/TheStateplate_logo_PNG.png","text":"<p>The technical capabilities and design perspective at Marmeto were really good. Timelines were on point. They were organized, professional and timely throughout the project!<\/p>","client_name":"Raghav Jhawar & Muskaan Sacheti","client_designation":"Founders, The State Plate","block_link":"shopify:\/\/blogs\/testimonials\/plate-after-plate-with-the-state-plate"}},"6437b243-319d-42b6-bd3e-d1b8e1361b8e":{"type":"text_block","disabled":true,"settings":{"image":"shopify:\/\/shop_images\/TredyFoods_Marmeto_minibanner.jpg","logo_image":"shopify:\/\/shop_images\/TredyFoods_logo_PNG.png","text":"<p>Post Marmeto’s efforts, our website conversion rates have increased at least by 20%!<\/p>","client_name":"B Dinesh Subramaniam","client_designation":"Chief Executive Officer, Tredy Foods","block_link":"shopify:\/\/blogs\/testimonials\/the-magic-of-optimization-weaved-for-tredy-foods"}},"668b6aed-a965-477c-aa9b-f9b3a202c23b":{"type":"text_block","settings":{"image":"shopify:\/\/shop_images\/mcaffeine_Marmeto_minibanner01.jpg","logo_image":"shopify:\/\/shop_images\/mcaffeine-logo.png","text":"<p>Our experience with Marmeto has been great! They have been patient and helped us understand tech the way no one did.<\/p>","client_name":"Vaishali Gupta","client_designation":"Head of Brand Marketing, mCaffeine","block_link":"shopify:\/\/blogs\/testimonials\/marmeto-a-tech-partner-for-mcaffeine"}},"36f12557-ee8c-4097-8c30-34ef921ee2d9":{"type":"text_block","settings":{"image":"shopify:\/\/shop_images\/XYXX_Marmeto_minibanner01.jpg","logo_image":"shopify:\/\/shop_images\/XYXX_logo_PNG.png","text":"<p>If I had to sum up our experience with Marmeto in a sentence, I’d say - High ownership, high trust.<br\/><\/p>","client_name":"Yogesh Kabra","client_designation":"Founder, XYXX Apparels","block_link":"https:\/\/marmeto.com\/blogs\/news\/xyxx-apparels-raising-the-bar-briefly"}},"f099049d-5d65-4b35-aa89-e89d442c51b7":{"type":"text_block","settings":{"image":"shopify:\/\/shop_images\/JuicyChemistry_Marmeto_minibanner.jpg","logo_image":"shopify:\/\/shop_images\/Juicy_Chemistry_Logo_b80be232-8f81-4169-9682-0ee0a3407d5c.webp","text":"<p>I think there was a very proactive approach to solving a problem and that was the most important to us.<\/p>","client_name":"Pritesh Asher","client_designation":"Co-Founder, Juicy Chemistry","block_link":"https:\/\/marmeto.com\/blogs\/testimonials\/the-juicy-chemistry-with-marmeto"}},"5027e5c8-a1fb-4e0e-a14e-89b128d993c7":{"type":"text_block","settings":{"image":"shopify:\/\/shop_images\/SlurrpFarm_Marmeto_minibanner01.jpg","logo_image":"shopify:\/\/shop_images\/ezgif.com-gif-maker_1.png","text":"<p>I think it's rare to find an agency that delivers exactly what they say they will and really cares for the customer along the journey. Marmeto does both!<\/p>","client_name":"Shauravi Malik","client_designation":"Co-Founder, Slurrp Farm.","block_link":"https:\/\/marmeto.com\/blogs\/testimonials\/slurrp-farm-crafting-the-plus-experience"}}},"block_order":["3225a77c-7c46-443c-bcfa-c6788e124647","e65410f4-430e-4dd3-82b4-7ff4607920de","1644494476aed0eb9d-1","782784af-9f4d-451c-8e17-c6311bb30999","64a389dd-6510-4773-83a4-59695c740a00","2aa186e2-bd93-4240-a2e7-a728030bab6b","1644494476aed0eb9d-2","1644494476aed0eb9d-3","92de449e-35f0-47f7-9fd1-99f2adf0fe60","98976c5e-2d2e-4ae9-943e-b0db053d7adf","e73ed7aa-8d14-4af3-8f79-258db4d41f3c","03b81b1d-29a5-40ad-aaec-8e2a85e7a846","2362e30f-4bbd-4078-a3d3-704488e3761f","78371f23-9b46-4cb2-98e5-8343bbedda96","17084ed6-3654-4a46-a244-49a3901c6ee3","1644494476aed0eb9d-0","0d3107dc-c332-4816-8e9c-9e4fd6fc2bcb","6437b243-319d-42b6-bd3e-d1b8e1361b8e","668b6aed-a965-477c-aa9b-f9b3a202c23b","36f12557-ee8c-4097-8c30-34ef921ee2d9","f099049d-5d65-4b35-aa89-e89d442c51b7","5027e5c8-a1fb-4e0e-a14e-89b128d993c7"],"settings":{"title":"","text":"","align_text":"left","divider":false}},"164450142338f414d4":{"type":"rich-text","blocks":{"164450142304af983c-0":{"type":"heading","disabled":true,"settings":{"title":"We'd love to hear your ideas","title_h1":false,"align_title":"center"}},"164450142304af983c-1":{"type":"text","disabled":true,"settings":{"enlarge_text":false,"text":"<p>Whether you want a new feature on your website or complete facelift for your online presence, we're all ears! <br\/>Our team will take the time to understand your goals and make development recommendations accordingly.<br\/><br\/><\/p>"}},"a5cedcb7-c4e3-44b6-9651-3a6678ee0ec8":{"type":"button","disabled":true,"settings":{"link":"shopify:\/\/pages\/contact","link_text":"Let's talk","align_button":"center"}}},"block_order":["164450142304af983c-0","164450142304af983c-1","a5cedcb7-c4e3-44b6-9651-3a6678ee0ec8"],"settings":{"backgound":"","text_color":"","align_text":"center","narrow_column":true,"divider":false,"enable_spacing":false}},"164913768103100f64":{"type":"text-columns","blocks":{"1649137680c67f320c-0":{"type":"text_block","disabled":true,"settings":{"enable_image":false,"image_width":650,"title":"Shopify Marketplace","text":"<p>Find us on Shopify Marketplace to get your website edits done :)<\/p>","button_label":"Click Here","button_link":""}},"1649137680c67f320c-1":{"type":"text_block","disabled":true,"settings":{"enable_image":false,"image_width":650,"title":"Design Rush Marketplace","text":"<p>Find us on <a href=\"https:\/\/www.designrush.com\/agency\/shopify\" target=\"_blank\" title=\"https:\/\/www.designrush.com\/agency\/shopify\">Design Rush Marketplace<\/a> to get website edits done :)<\/p>","button_label":"Click Here","button_link":"https:\/\/www.designrush.com\/agency\/shopify"}}},"block_order":["1649137680c67f320c-0","1649137680c67f320c-1"],"settings":{"backgound":"","text_color":"","title":"","text":"","align_text":"center","divider":true,"enable_spacing":false}},"7eecf511-5f51-4c76-b938-cf1ebe916ebb":{"type":"contact-form-strip","settings":{"section_heading":"Connect for eCommerce Development","page_source":"client stories","spacing_top":0,"spacing_bottom":0}}},"order":["main","1644493261e3018426","16444944762be32aac","164450142338f414d4","164913768103100f64","7eecf511-5f51-4c76-b938-cf1ebe916ebb"]}