{"sections":{"main":{"type":"main-page","disabled":true,"settings":{}},"1646056720b61de75a":{"type":"text-and-image","settings":{"image":"shopify:\/\/shop_images\/Marmeto_ShiprocketFulfillment.jpg","image_width":700,"subtitle":"a fulfillment partnership with","title":"Shiprocket","enable_large_title":true,"text":"<p>An end-to-end order fulfillment solution built to simplify storage, order processing, shipping and more.<\/p>","button_label":"Know More","button_link":"shopify:\/\/pages\/contact","button_style":"primary","align_text":"left","layout":"right","divider":false,"remove_top_spacing":false}},"1646056746188470a5":{"type":"text-columns","blocks":{"164605674645c87ec2-0":{"type":"text_block","settings":{"enable_image":true,"image":"shopify:\/\/shop_images\/Buyer_experience_93e7b8a4-732e-484e-baed-001e0ad493d3.png","image_width":200,"title":"Enhanced buyer experience","text":"<p>Ensures that orders are fulfilled with 99.9% order accuracy helping sellers provide a friction-less buyer experience<\/p>","button_label":"","button_link":""}},"164605674645c87ec2-1":{"type":"text_block","settings":{"enable_image":true,"image":"shopify:\/\/shop_images\/temperature-controlled_storage.png","image_width":200,"title":"Advanced storage facilities","text":"<p>Fulfillment centers are equipped with temperature-controlled storage capabilities and customised racking systems for different types of products<\/p>","button_label":"","button_link":""}},"164605674645c87ec2-2":{"type":"text_block","settings":{"enable_image":true,"image":"shopify:\/\/shop_images\/same_day_next_day_delivery_for_PAN_India_customer.png","image_width":200,"title":"Faster delivery times","text":"<p>PAN India network of 35+ fulfillment centers to help sellers reduce their shipping cost while also offering same day\/next day delivery to their customers<\/p>","button_label":"","button_link":""}},"c13e755e-b9db-4082-b7ae-5c424fb56018":{"type":"text_block","settings":{"enable_image":true,"image":"shopify:\/\/shop_images\/RTO_losses_down.png","image_width":200,"title":"Reduce RTOs","text":"<p>Tech-driven fulfillment solutions are designed to bring down RTO losses by upto 60%<\/p>","button_label":"","button_link":""}}},"block_order":["164605674645c87ec2-0","164605674645c87ec2-1","164605674645c87ec2-2","c13e755e-b9db-4082-b7ae-5c424fb56018"],"settings":{"backgound":"#14151b","text_color":"#ffffff","title":"How this partnership benefits you","text":"","align_text":"center","divider":false,"enable_spacing":false}},"16485575223bc8bb81":{"type":"text-and-image","settings":{"image":"shopify:\/\/shop_images\/MacDesktopBanner_ShiprocketFulfillment.jpg","image_width":700,"subtitle":"","title":"About Shiprocket Fulfillment","enable_large_title":false,"text":"<p>Help sellers store their inventory closest to their customers. This allows them to offer same-day and next-day delivery to their customers and accelerate their business growth. It has 35+ fulfillment centers at present, spread across 12 locations in India that include both tier-I and tier-II cities.<\/p>","button_label":"Know More","button_link":"shopify:\/\/pages\/contact","button_style":"primary","align_text":"left","layout":"right","divider":false,"remove_top_spacing":false}}},"order":["main","1646056720b61de75a","1646056746188470a5","16485575223bc8bb81"]}