{"sections":{"main":{"type":"main-page","disabled":true,"settings":{}},"1645783775596410ab":{"type":"text-strip","settings":{"narrow_column":true,"backgound":"#e3ff53","text_color":"#14151b","align_text":"center","title":"A Shopify Plus Solution"}},"1645741914d5a670d5":{"type":"text-and-image","settings":{"image":"shopify:\/\/shop_images\/Mother_Sparsh_Additional_COD_Charges_at_checkout.jpg","image_width":700,"subtitle":"","title":"Additional COD charges at checkout","enable_large_title":true,"text":"<p><strong>Reduce COD orders & decrease your order return rate<\/strong> with our custom built \"Additional COD charges at checkout\" feature on your Shopify Plus website.<\/p>","button_label":"Get Additional Charges for COD solution","button_link":"https:\/\/forms.monday.com\/forms\/1f21d33f2cf5b306092689b5370b7412?r=use1","button_style":"primary","align_text":"left","layout":"right","divider":false,"remove_top_spacing":false}},"16457421915f186127":{"type":"text-columns","blocks":{"164574219106fcde82-0":{"type":"text_block","settings":{"enable_image":true,"image":"shopify:\/\/shop_images\/Recover_Logistical_Costs01_01f5613a-7c7d-4dbb-83ae-b08001f2d1b0.png","image_width":200,"title":"","text":"<p>Recover Logistical Costs incase of order cancellation<\/p>","button_label":"","button_link":""}},"164574219106fcde82-1":{"type":"text_block","settings":{"enable_image":true,"image":"shopify:\/\/shop_images\/Reduce_RTO_returns.png","image_width":200,"title":"","text":"<p>Reduce RTO returns<\/p>","button_label":"","button_link":""}},"164574219106fcde82-2":{"type":"text_block","settings":{"enable_image":true,"image":"shopify:\/\/shop_images\/Increase_Prepaid_Orders.png","image_width":200,"title":"","text":"<p>Increase Prepaid Orders<\/p>","button_label":"","button_link":""}},"f29c9576-2070-4238-a4da-be346ee76576":{"type":"text_block","settings":{"enable_image":true,"image":"shopify:\/\/shop_images\/Dissuade_customers_from_placing_COD_orders.png","image_width":200,"title":"","text":"<p>Dissuade customers from placing COD orders<\/p>","button_label":"","button_link":""}}},"block_order":["164574219106fcde82-0","164574219106fcde82-1","164574219106fcde82-2","f29c9576-2070-4238-a4da-be346ee76576"],"settings":{"backgound":"","text_color":"","title":"","text":"","align_text":"center","divider":false,"enable_spacing":false}},"16457426205d528c72":{"type":"rich-text","blocks":{"164574262018119aa7-0":{"type":"heading","settings":{"title":"The Problem","title_h1":false,"align_title":"center"}},"164574262018119aa7-1":{"type":"text","settings":{"enlarge_text":false,"text":"<p><br\/>- Why are so many of our Cash On Delivery Orders getting returned?<br\/>- Why are the abandoned cart rates so high on my Shopify ecommerce website?<br\/>- What can I do to increase the inflow of prepaid orders on my website?<br\/>- How do I dissuade more customers from placing COD orders?<\/p><p>Cash on Delivery Orders still make for the majority of Indian ecommerce brands' revenue. As is the nature of ecommerce, this is followed by a higher percentage of order returns (40% in certain cases) and the logistic processes have proven to be quite loss making historically.<\/p><p>The ideal solution to this challenge is two-fold:<br\/>- Cut losses by saving logistics costs for returned orders<br\/>- Dissuade customers from placing COD orders and nudge them towards prepaid orders<br\/><br\/>This is where our <strong>\"Additional COD charges at Checkout\"<\/strong> feature comes in for Shopify Plus Websites!<\/p>"}}},"block_order":["164574262018119aa7-0","164574262018119aa7-1"],"settings":{"backgound":"#ffffff","text_color":"#14151b","align_text":"left","narrow_column":true,"divider":false,"enable_spacing":true}},"16457427590d070b26":{"type":"rich-text","blocks":{"1645742759a46d4a52-0":{"type":"heading","settings":{"title":"The Solution","title_h1":false,"align_title":"center"}},"1645742759a46d4a52-1":{"type":"text","settings":{"enlarge_text":false,"text":"<p><br\/>The ecommerce market from a customer's viewpoint has always been more favourable to Cash On Delivery orders as compared to Prepaid Orders. However, for a growing brand, this is Pandora's box of returns, cancellations, inventory management issues leading to overall huge losses. The answer is simple; dissuade customers from placing cash on delivery orders.<br\/><br\/>This is easier said than done. The transition from COD to prepaid orders is slow. Especially for new brands, the lack of credibility and awareness affects this transition. However, brands can still brace themselves for order cancellations and returns while covering their logistical costs. By charging a small delivery fee additionally, the probability of cancellations or returns of fraudulent orders or non-serious buyers reduces. This approach targets the customer's subconscious by posing a small hindrance before checkout. A lot of low intention buyers will drop off at this point, avoiding returns.<\/p>"}}},"block_order":["1645742759a46d4a52-0","1645742759a46d4a52-1"],"settings":{"backgound":"#14151b","text_color":"#ffffff","align_text":"left","narrow_column":true,"divider":false,"enable_spacing":false}},"1645742888229c0ffc":{"type":"rich-text","blocks":{"1645742888f9207717-0":{"type":"heading","settings":{"title":"How Does This Feature Work?","title_h1":false,"align_title":"center"}},"1645742888f9207717-1":{"type":"text","settings":{"enlarge_text":false,"text":"<p><br\/>This solution can only be custom-built on Shopify Plus websites.<br\/>A normal Shopify store has a 3-step checkout process. This feature is deployed on the last page (Payment page). <br\/>This solution allows you to display the small fee that will be charged additionally for Cash on Delivery orders.<br\/>Upon the selection of this option, the total payable amount reflects the additional cost.<\/p><p><\/p><p><br\/><\/p>"}},"5e5b2717-fb9d-4e26-8edd-d82692836b5f":{"type":"button","settings":{"link":"https:\/\/forms.monday.com\/forms\/1f21d33f2cf5b306092689b5370b7412?r=use1","link_text":"Get Additional Charges for COD solution","align_button":"center"}}},"block_order":["1645742888f9207717-0","1645742888f9207717-1","5e5b2717-fb9d-4e26-8edd-d82692836b5f"],"settings":{"backgound":"#ffffff","text_color":"#14151b","align_text":"left","narrow_column":true,"divider":false,"enable_spacing":true}},"16457430663476b4de":{"type":"rich-text","blocks":{"16457430666f1ec75f-0":{"type":"heading","settings":{"title":"Why Do We Need It?","title_h1":false,"align_title":"center"}},"16457430666f1ec75f-1":{"type":"text","settings":{"enlarge_text":false,"text":"<p>Additional COD charges at the checkout stage can benefit merchants in 2 ways:<\/p><p>1) Logistics Cost Recovery - This solution comes as a boon especially for merchants who face a high volume of order returns. Every COD return incurs a small logistic cost which amounts up to a good chunk that can be salvaged.<\/p><p>2) Potential Upsell - This feature has added functionality options as well. For instance, one can decide a threshold, below which COD orders will be charged additionally. In such cases, a disclaimer, for ex., “Shipping free on orders above Rs.500” can be displayed as well. If the cart order value crosses Rs.500, the charges are automatically waived off.<\/p>"}}},"block_order":["16457430666f1ec75f-0","16457430666f1ec75f-1"],"settings":{"backgound":"#14151b","text_color":"#ffffff","align_text":"left","narrow_column":true,"divider":false,"enable_spacing":false}},"164574317349682453":{"type":"text-columns","blocks":{"164574317338b70bfb-0":{"type":"text_block","settings":{"enable_image":true,"image":"shopify:\/\/shop_images\/Epigamia_Additional_COD_Charges_at_checkout.jpg","image_width":650,"title":"","text":"","button_label":"","button_link":""}},"164574317338b70bfb-1":{"type":"text_block","settings":{"enable_image":true,"image":"shopify:\/\/shop_images\/Slurrp_Farm_Additional_COD_Charges_at_checkout.jpg","image_width":650,"title":"","text":"","button_label":"","button_link":""}}},"block_order":["164574317338b70bfb-0","164574317338b70bfb-1"],"settings":{"backgound":"#ffffff","text_color":"#14151b","title":"SPOTTED!!!!","text":"<p>Additional charges for COD as seen on...<\/p>","align_text":"center","divider":false,"enable_spacing":true}},"1645743496125c0158":{"type":"rich-text","blocks":{"16457434967efe9729-0":{"type":"heading","settings":{"title":"About Marmeto","title_h1":false,"align_title":"center"}},"16457434967efe9729-1":{"type":"text","settings":{"enlarge_text":false,"text":"<p><strong>Marmeto is one of India's leading Shopify and Shopify Plus solution providers for all ecommerce stores<\/strong>with customized solutions. With everything centered around Shopify, we offer simplified ecommerce solutions ranging from building customized solutions & integrations for your Shopify website to building Shopify apps to Enterprise Solutions centered around Shopify! We have developed over<strong>900 Shopify websites, 60 Shopify Plus stores<\/strong>and have successful collaborations with an array of partner ranging from marketing to logistics domains.<br\/><strong>At Marmeto, there's a singular goal. To Simplify Ecommerce. Have you experienced it yet?<\/strong><\/p>"}}},"block_order":["16457434967efe9729-0","16457434967efe9729-1"],"settings":{"backgound":"#14151b","text_color":"#ffffff","align_text":"center","narrow_column":true,"divider":false,"enable_spacing":false}},"164574354114cc831f":{"type":"video-list","blocks":{"16457435418e7f5b87-0":{"type":"video_block","settings":{"image":"shopify:\/\/shop_images\/LP.jpg","video_id":"lThT2UIYI2c"}},"16457435418e7f5b87-1":{"type":"video_block","settings":{"image":"shopify:\/\/shop_images\/power_gummies_thumbnail.jpg","video_id":"eJRvXxCEh-A"}},"16457435418e7f5b87-2":{"type":"video_block","settings":{"image":"shopify:\/\/shop_images\/xyxx_thumbnail.jpg","video_id":"VGePZ-JkehQ"}},"16457435418e7f5b87-3":{"type":"video_block","settings":{"image":"shopify:\/\/shop_images\/epigamia.jpg","video_id":"anG0fUVKUHo&t=1s"}}},"block_order":["16457435418e7f5b87-0","16457435418e7f5b87-1","16457435418e7f5b87-2","16457435418e7f5b87-3"],"settings":{"backgound":"#ffffff","text_color":"#14151b","title":"Our Folio","text":"<p>Over the past few years, we've helped a lot of brands & business build and enhance their online presence.<br\/>Here's a glimpse of our latest work.<\/p>","align_text":"center","divider":false,"enable_spacing":true}}},"order":["main","1645783775596410ab","1645741914d5a670d5","16457421915f186127","16457426205d528c72","16457427590d070b26","1645742888229c0ffc","16457430663476b4de","164574317349682453","1645743496125c0158","164574354114cc831f"]}