{"sections":{"main":{"type":"main-page","disabled":true,"settings":{}},"faq":{"type":"faq","blocks":{"faq-0":{"type":"rich-text","settings":{"title":"Shipping","text":"","align_text":"left"}},"faq-1":{"type":"question","settings":{"title":"Frequently asked question","text":"<p>Use this text to answer questions in as much detail as possible for your customers.<\/p>"}},"faq-2":{"type":"question","settings":{"title":"Frequently asked question","text":"<p>Use this text to answer questions in as much detail as possible for your customers.<\/p>"}},"faq-3":{"type":"rich-text","settings":{"title":"Returns","text":"","align_text":"left"}},"faq-4":{"type":"question","settings":{"title":"Frequently asked question","text":"<p>Use this text to answer questions in as much detail as possible for your customers.<\/p>"}}},"block_order":["faq-0","faq-1","faq-2","faq-3","faq-4"],"settings":{"title":""}}},"order":["main","faq"]}