{"sections":{"main":{"type":"main-page","settings":{}},"a17ea8ae-438b-4220-a40b-f9b5d12f19ce":{"type":"text-columns","blocks":{"template--16015949103274__a17ea8ae-438b-4220-a40b-f9b5d12f19ce-16702153518f225d60-0":{"type":"text_block","settings":{"enable_image":true,"image":"shopify:\/\/shop_images\/MASTERCARD_OFFER_2x-100.jpg","image_width":650,"title":"Mastercard","text":"<p>View offer if you have mastercard and get a deal<\/p>","button_label":"View Offer","button_link":"shopify:\/\/pages\/marmeto-mastercard"}},"template--16015949103274__a17ea8ae-438b-4220-a40b-f9b5d12f19ce-16702153518f225d60-1":{"type":"text_block","settings":{"enable_image":true,"image":"shopify:\/\/shop_images\/VISA_2x-100.jpg","image_width":650,"title":"Visa","text":"<p>View offer if you have Visa card and get a deal<\/p>","button_label":"View Offer","button_link":"shopify:\/\/pages\/visa-offer"}},"5bf573ac-1bd9-4363-a9f5-d6f8cde60543":{"type":"text_block","settings":{"enable_image":true,"image":"shopify:\/\/shop_images\/WhatsApp_Image_2023-01-27_at_4.09.44_PM.jpg","image_width":650,"title":"Razorpay","text":"<p>View offer if you are Razorpay user and get a deal<\/p>","button_label":"View Offer","button_link":"shopify:\/\/pages\/razorpay-offer"}}},"block_order":["template--16015949103274__a17ea8ae-438b-4220-a40b-f9b5d12f19ce-16702153518f225d60-0","template--16015949103274__a17ea8ae-438b-4220-a40b-f9b5d12f19ce-16702153518f225d60-1","5bf573ac-1bd9-4363-a9f5-d6f8cde60543"],"settings":{"backgound":"","text_color":"","title":"","text":"","align_text":"center","divider":false,"enable_spacing":false}}},"order":["main","a17ea8ae-438b-4220-a40b-f9b5d12f19ce"]}