{"sections":{"main":{"type":"main-page","disabled":true,"settings":{}},"164557733488ebf68d":{"type":"text-and-image","settings":{"image":"shopify:\/\/shop_images\/shopify-plus-banner.jpg","image_width":600,"subtitle":"Shopify Plus","title":"The in-depth guide","enable_large_title":true,"text":"<p>The omnichannel enterprise platform for the changemakers and innovators in ecommerce.<\/p>","button_label":"","button_link":"","button_style":"primary","align_text":"left","layout":"right","divider":false,"remove_top_spacing":false}},"164557760242cd805c":{"type":"logo-list","blocks":{"6283151b-adbb-4f04-81d7-14a2935ec642":{"type":"logo_image","settings":{"image":"shopify:\/\/shop_images\/imagineStore_Marmeto_Works.png","link":""}},"1645577602af0dc53c-1":{"type":"logo_image","settings":{"image":"shopify:\/\/shop_images\/epigamia_Marmeto_Works.png","link":""}},"1645577602af0dc53c-2":{"type":"logo_image","settings":{"image":"shopify:\/\/shop_images\/mCaffeine_Marmeto_Works.png","link":""}},"1c0cc0f3-7f49-49f5-8693-2454b92988af":{"type":"logo_image","settings":{"image":"shopify:\/\/shop_images\/Blackberrys_Marmeto_Works.png","link":""}},"1645577602af0dc53c-0":{"type":"logo_image","settings":{"image":"shopify:\/\/shop_images\/xyxx_Marmeto_Works.png","link":""}},"07f95dbd-81cd-41a2-98dc-839b428179a7":{"type":"logo_image","settings":{"image":"shopify:\/\/shop_images\/SlurrpFarm_Marmeto_Works.png","link":""}},"8393d819-0eb9-4d14-88c4-0f63097fd717":{"type":"logo_image","settings":{"image":"shopify:\/\/shop_images\/PowerGummies_Marmeto_Works.png","link":""}},"5c9dd005-e424-4ac9-9f3e-f75e39af8dfd":{"type":"logo_image","settings":{"image":"shopify:\/\/shop_images\/SriSriTattva_Marmeto_Works_195e8ab9-e3dd-4799-bbfa-aa61d95a0060.png","link":""}},"f68baf06-321d-4c39-a957-0cc93b28e2f7":{"type":"logo_image","settings":{"image":"shopify:\/\/shop_images\/4700bc_Marmeto_Works.png","link":""}},"35ae8fba-7398-4e68-a04f-21483d626044":{"type":"logo_image","settings":{"image":"shopify:\/\/shop_images\/Glen_Marmeto_Works.png","link":""}},"1645577602af0dc53c-3":{"type":"logo_image","settings":{"image":"shopify:\/\/shop_images\/Koskii_Marmeto_Works.png","link":""}},"e199026f-7084-413c-b9e7-54d82f7c90a0":{"type":"logo_image","settings":{"image":"shopify:\/\/shop_images\/MordiallacFlorist_Marmeto_Works_68fb6c85-377a-4d13-955c-0034397215b8.png","link":""}}},"block_order":["6283151b-adbb-4f04-81d7-14a2935ec642","1645577602af0dc53c-1","1645577602af0dc53c-2","1c0cc0f3-7f49-49f5-8693-2454b92988af","1645577602af0dc53c-0","07f95dbd-81cd-41a2-98dc-839b428179a7","8393d819-0eb9-4d14-88c4-0f63097fd717","5c9dd005-e424-4ac9-9f3e-f75e39af8dfd","f68baf06-321d-4c39-a957-0cc93b28e2f7","35ae8fba-7398-4e68-a04f-21483d626044","1645577602af0dc53c-3","e199026f-7084-413c-b9e7-54d82f7c90a0"],"settings":{"backgound":"","text_color":"","title":"Marmeto’s Shopify Plus Clients","text":"","bottom_text":"","logo_opacity":100,"divider":false,"enable_spacing":false}},"1645578080b1bc5752":{"type":"rich-text","blocks":{"1645578080910badeb-0":{"type":"heading","settings":{"title":"What is Shopify Plus?","title_h1":false,"align_title":"center"}},"1645578080910badeb-1":{"type":"text","settings":{"enlarge_text":false,"text":"<p><br\/>Let’s understand Shopify first.<br\/>Shopify is one of the world’s fastest growing ecommerce platforms today. It powers over 1,700,000 businesses online and is one of the most liked website builders as is evident by its growth in the past couple of years. It provides an end-to-end commerce platform that helps you start, grow and manage a business. On Shopify you can build an online store in under one hour! Just pick up one of their numerous store themes (free and paid options), list your products, choose the payment gateways, link your social media accounts and get cracking!<\/p><p>Shopify has 5 plans that fall into different pricing tiers for store owners - <a href=\"https:\/\/www.shopify.in\/pricing\" target=\"_blank\">Shopify Lite, Shopify Basic, Shopify, Shopify Advanced & Shopify Plus<\/a> in order of least to most expensive.<\/p><p>Shopify Plus is <a href=\"https:\/\/www.shopify.com\/about\" target=\"_blank\">Shopify’s<\/a> premium plan. It’s an enterprise solution for the rapidly growing brands. In simple words, it’s the Godfather of the Shopify family. It knows everything and does everything, better, faster and more.<\/p><p><br\/>It was launched in 2014 to give hyper growth businesses a customizable enterprise solution, without the high cost of time, money, and development. However, it became available to the Indian market in 2020 as Shopify set sun on Shopify Gold, a premium plan that was launched back in 2017 exclusively for the Indian market.<br\/><br\/>Currently it powers 10,000+ brands in 175+ countries.<\/p>"}}},"block_order":["1645578080910badeb-0","1645578080910badeb-1"],"settings":{"backgound":"#ffffff","text_color":"#14151b","align_text":"left","narrow_column":true,"divider":false,"enable_spacing":true}},"1645578157cd18ea23":{"type":"rich-text","blocks":{"16455781574dd1f694-0":{"type":"heading","settings":{"title":"When should you make the leap to Shopify Plus?","title_h1":false,"align_title":"center"}},"16455781574dd1f694-1":{"type":"text","settings":{"enlarge_text":false,"text":"<p><strong><br\/>When you hit the $1million mark<br\/><\/strong>In our experience of working with 150+ Shopify Plus brands, once a business hits the $1-2million mark in revenue, Shopify Plus turns out to be a good choice for further website customizations, especially those essential Conversion Rate Optimization (CRO)<br\/><br\/><strong>When your business is in a hyper growth stage.<br\/><\/strong>The other Shopify plans work like a charm in the nascent stage for any business. But as the growth momentum hits, complex technological challenges involving functionality emerge. In most cases, these challenges have a direct bearing on the marketing plan and in-turn the revenue. Shopify Plus gives more freedom and control over APIs, integrations and customizations. In our experience, most startups with a Series-A funding, going heavy on burn benefit largely from the Shopify Plus offerings.<br\/><br\/><strong>If you’re looking for an Omnichannel solution<br\/><\/strong>Brands who’re willing to offer an integrated shopping experience to their customers through various channels and platforms, need to make the switch to Shopify Plus for it’s robust Omnichannel functionalities.<br\/><br\/><strong>If you’re a legacy brand.<br\/><\/strong>Amongst our most recent achievements was <a href=\"https:\/\/blackberrys.com\/\">the migration of Blackberrys<\/a>, to Shopify Plus. Additionally, large corporations like ITC and Orient are also powered by Shopify Plus. Many large enterprises function on legacy softwares even today. This poses a huge security risk in addition to incompatibility with the new evolving technology. Shopify Plus offers an enterprise solution that needs no updates and offers great flexibility from an integration perspective.<br\/><br\/><br\/><\/p>"}},"dabfd58c-5487-40b4-9777-495dad3d7632":{"type":"button","settings":{"link":"https:\/\/forms.monday.com\/forms\/1f21d33f2cf5b306092689b5370b7412?r=use1","link_text":"Talk to a Shopify Plus Expert","align_button":"center"}}},"block_order":["16455781574dd1f694-0","16455781574dd1f694-1","dabfd58c-5487-40b4-9777-495dad3d7632"],"settings":{"backgound":"","text_color":"","align_text":"left","narrow_column":true,"divider":false,"enable_spacing":false}},"1645578379b3627fd8":{"type":"rich-text","blocks":{"1645578379c2cf4c60-0":{"type":"heading","settings":{"title":"Advantages of Shopify Plus","title_h1":false,"align_title":"center"}},"1645578379c2cf4c60-1":{"type":"text","settings":{"enlarge_text":false,"text":"<p><strong><br\/>Reliability<br\/><\/strong>The Shopify Plus plan offers unlimited bandwidth enabling the store to handle huge traffic influxes. Plus stores can handle upto 4 million hits per second and 99.99% uptime and process up to 6,000 checkouts (orders) per minute. This comes along with a 200TB storage for the store. This makes Shopify Plus one of the most reliable platforms for hosting a high traffic brand store!<br\/><br\/><strong>Expansion<\/strong><br\/>Expanding your brand presence and scaling up (especially globally) brings along it’s unique set of challenges. Shopify Plus makes this transition easy for you. You can create up to 12 different stores, or instances, to cater to different markets and languages. This comes along with unlimited staff accounts for multiple team members. The Plus plan enables high traffic optimization with apps like <a href=\"https:\/\/help.shopify.com\/en\/manual\/promoting-marketing\/create-marketing\/launchpad\" target=\"_blank\">Launchpad<\/a>- that allows you to schedule,coordinate, and execute major commerce events in advance. Speaking of apps, the higher API limit lets you cohesively integrate multiple apps without a shred of worry! All these features coupled with a transaction fee as low as 0.15%makes this a steal deal.<br\/><br\/><strong>Automation & Control<br\/><\/strong>It’s no secret that Shopify offers the most stunning and customizable themes for it’s online stores. However, Shopify Plus goes a step further and grants control over checkout customizations letting merchants offer a more personalised checkout experience. The Plus plan also gives access to the <a href=\"https:\/\/apps.shopify.com\/script-editor\" target=\"_blank\">Script Editor App<\/a> that allows developers to write customized scripts that are hosted by Shopify.The path to scaling and expansion makes “automation” a critical operational aspect.The <a href=\"https:\/\/apps.shopify.com\/flow\" target=\"_blank\">Shopify Flow App<\/a> lets you build workflows to automate tasks, campaigns and processes within the store and across apps. Flow lets merchants experiment with a variety of automations that may lead to increased productivity.<br\/><br\/><strong>Extended Support<br\/><\/strong>A premium membership sure comes with a set of premium perks! For instance, a wholesale channel for merchants that cater to wholesale buyers with the same products as listed on your online store! A success manager dedicated to assisting merchants with different aspects of the platform. 24\/7 support and assistance on various key areas ranging from design modifications to custom integrations to reaching business goals. For the DIY enthusiasts, <a href=\"https:\/\/acceleration.shopify.com\/login\" target=\"_blank\">Shopify Plus Academy<\/a> grants exclusive access to premium plan owners for quick and practical lessons as well as comprehensive courses. For more organic help, the <a href=\"https:\/\/www.facebook.com\/groups\/shopifypluscommunity\/\" target=\"_blank\">Shopify Plus Community<\/a> works wonders to help you identify the right path. For those who prefer to leave it to the most experienced, <a href=\"https:\/\/www.shopify.in\/plus\/partners\" target=\"_blank\">Shopify Plus Partners <\/a>who specialise in custom-built solutions for Shopify stores are at your service.<\/p>"}}},"block_order":["1645578379c2cf4c60-0","1645578379c2cf4c60-1"],"settings":{"backgound":"#ffffff","text_color":"#14151b","align_text":"left","narrow_column":true,"divider":false,"enable_spacing":true}},"1645578596c84f553e":{"type":"rich-text","blocks":{"1645578596befde063-0":{"type":"heading","settings":{"title":"Shopify Plus Features","title_h1":false,"align_title":"center"}},"1645578596befde063-1":{"type":"text","settings":{"enlarge_text":false,"text":"<p><br\/>Here an exhaustive list of the most important Shopify Plus features & factors:<\/p><p><strong>Onboarding & Support<br\/><\/strong>- Dedicated Success Manager: Define a path to your goals and receive the training and support to get there.<br\/>- Launchpad: Plan and organize a flash sale or product launch by managing high-volume traffic. <br\/>- Organization Admin: Manage multiple stores at the organizational level from a single location.<br\/>- Unlimited staff accounts: Onboard an unlimited number of employees and gain more control with additional permission settings.<br\/><br\/><strong>In-built features<br\/><\/strong>- Processing Power: Handle more than 10,000 transactions per minute with no load errors.<br\/>- Unified Dashboard: Use a single management dashboard for all your tools, apps, and permissions.<br\/>- Analytics Dashboard: Along with a detailed dashboard, enjoy the patronage of leading analytics companies to guide you.<br\/>- Wholesale Management: Create a separate B2B website from your Shopify account.<br\/>- Bulk Account Inviter: Invite your customers in bulk to activate their accounts.<br\/><br\/><strong>Exclusive Shopify Plus Apps<br\/><\/strong>- Script Editor: Incorporate custom scripts into your Shopify website.<br\/>- Transporter: Import customer, product, and order records into your Shopify store.<br\/>- Higher API limits: Integrate several apps without exceeding your API restrictions.<br\/>- Shopify Flow: Custom solutions, processes, and pre-built templates that turn repetitive tasks into automated workflows. Automate merchant, order, and inventory management to facilitate superior buyer experience.<br\/>- Mobile Store Builder: Create iOS and Android apps even if you have no technical skills.<br\/><br\/><strong>Pricing & Payments<br\/><\/strong>- Lower Transaction Fees: at 0.15% in Plus (<a href=\"https:\/\/www.shopify.in\/pricing\" target=\"_blank\">https:\/\/www.shopify.in\/pricing<\/a>)<br\/><br\/><strong>Resources<br\/><\/strong>- Partner Program: Get access to certified service and app partners across all verticals and for all business needs.<br\/>- Plus Academy: Take advantage of free online business training from the best in the industry.<\/p>"}}},"block_order":["1645578596befde063-0","1645578596befde063-1"],"settings":{"backgound":"","text_color":"","align_text":"left","narrow_column":true,"divider":false,"enable_spacing":false}},"1645578831a4b5b46d":{"type":"rich-text","blocks":{"164557883123a2ac45-0":{"type":"heading","settings":{"title":"Shopify Plus Pricing and Transaction Fees","title_h1":false,"align_title":"center"}},"164557883123a2ac45-1":{"type":"text","settings":{"enlarge_text":false,"text":"<p><br\/>Shopify has 5 plans to choose from.<br\/><br\/><strong>Shopify Lite <br\/><\/strong>- $9 per month<br\/><br\/><strong>Basic Shopify<\/strong> <br\/>- $29 per month (Third Party Transactional Fees 2%)<br\/><br\/><strong>Shopify<\/strong> <br\/>- $79 per month (Third Party Transactional Fees 1%)<br\/><br\/><strong>Advanced Shopify <\/strong><br\/>- $299 per month (Third Party Transactional Fees 0.5%)<br\/><br\/><strong>Shopify Plus<\/strong> <br\/>- <strong>$2,000 USD a month for standard setups and integrations.<br\/><\/strong>- Variable fee option for higher volume business structures.<br\/>- Zero transaction fee when you use Shop Pay (+ 18% higher conversions and a 60% faster checkout).<br\/>- 0.15% per transaction for a third-party payment processor.<\/p>"}}},"block_order":["164557883123a2ac45-0","164557883123a2ac45-1"],"settings":{"backgound":"#ffffff","text_color":"#14151b","align_text":"left","narrow_column":true,"divider":false,"enable_spacing":true}},"16455790450addd232":{"type":"rich-text","blocks":{"1645579045e5dd9c6d-0":{"type":"heading","settings":{"title":"Custom Built Solutions for Shopify Plus","title_h1":false,"align_title":"center"}},"1645579045e5dd9c6d-1":{"type":"text","settings":{"enlarge_text":false,"text":"<p><br\/>Marmeto develops ecommerce solutions for Shopify Plus merchants globally. We specialise in Shopify Plus development, integrations and building enterprise solutions. Our team of Marmetians also has experience building Shopify apps and our expertise lies in building custom solutions for Shopify Plus websites.<br\/><br\/>Here are some examples of custom solutions we’ve built for various Shopify Plus stores:<\/p><p>- Pin Code Validation<br\/>- Single Click Discount<br\/>- Two-Step Checkout<br\/>- Prepaid Incentivization through Discounts<br\/>- Cart Upsell \/ Cross-sell<br\/>- Vendor Eligibility<br\/>- Offer Carousel… and the list goes on…<br\/><br\/><br\/><\/p>"}},"0254b2e2-6d46-4cf3-bad0-974ca6fd791a":{"type":"button","settings":{"link":"https:\/\/forms.monday.com\/forms\/1f21d33f2cf5b306092689b5370b7412?r=use1","link_text":"Talk to a Shopify Plus Expert","align_button":"center"}}},"block_order":["1645579045e5dd9c6d-0","1645579045e5dd9c6d-1","0254b2e2-6d46-4cf3-bad0-974ca6fd791a"],"settings":{"backgound":"","text_color":"","align_text":"left","narrow_column":true,"divider":false,"enable_spacing":false}},"1645579219ad148748":{"type":"faq","blocks":{"1645579219cb33acc2-0":{"type":"question","settings":{"title":"Is it possible to stay on my existing Shopify plan, but access a single Shopify Plus feature via a fractional additional payment?","text":"<p>No, the Shopify Plus features can only be accessed with the complete Shopify Plus plan that starts at $2,000 USD per month.<\/p>","button_label":"","button_link":""}},"1645579219cb33acc2-1":{"type":"question","settings":{"title":"How many Online stores can I create with my monthly platform fee?","text":"<p>A primary store and 9 expansion stores are included in your monthly Shopify plus plan. You can use these to create stores in  varying countries and languages. Additional stores cost $250 USD per month.<\/p>","button_label":"","button_link":""}},"e2ac4236-9196-4e25-9148-f522ca26bc65":{"type":"question","settings":{"title":"What is Shopify Plus Academy?","text":"<p>Leading commerce experts offer in-depth courses, live online workshops, and more to help you upskill and gather niche knowledge.<\/p>","button_label":"","button_link":""}},"2d6eae28-618b-4923-b3b3-5e051a50a78b":{"type":"question","settings":{"title":"What do I get in the app and partner ecosystem?","text":"<p>The Shopify Plus apps and partner ecosystem offer you 6,600+ apps on the Shopify App Store, 195+ Shopify Plus partners, and 50+ Shopify Plus certified apps.<\/p>","button_label":"","button_link":""}}},"block_order":["1645579219cb33acc2-0","1645579219cb33acc2-1","e2ac4236-9196-4e25-9148-f522ca26bc65","2d6eae28-618b-4923-b3b3-5e051a50a78b"],"settings":{"title":"Shopify Plus - FAQs","divider":false}},"1645579484e1c7bbde":{"type":"rich-text","blocks":{"16455794845508d6bc-0":{"type":"heading","settings":{"title":"About Marmeto","title_h1":false,"align_title":"center"}},"16455794845508d6bc-1":{"type":"text","settings":{"enlarge_text":false,"text":"<p><strong>Marmeto is one of India's leading Shopify and Shopify Plus solution providers for all ecommerce stores <\/strong>with customized solutions. With everything centered around Shopify, we offer simplified ecommerce solutions ranging from building customized solutions & integrations for your Shopify website to building Shopify apps to Enterprise Solutions centered around Shopify! We have developed over <strong>900 Shopify websites, 60 Shopify Plus stores <\/strong>and have successful collaborations with an array of partner ranging from marketing to logistics domains.<br\/><strong>At Marmeto, there's a singular goal. To Simplify Ecommerce. Have you experienced it yet?<\/strong><\/p>"}}},"block_order":["16455794845508d6bc-0","16455794845508d6bc-1"],"settings":{"backgound":"#ffffff","text_color":"#14151b","align_text":"center","narrow_column":true,"divider":false,"enable_spacing":true}},"16455795304589193b":{"type":"video-list","blocks":{"1645579530d961fff6-0":{"type":"video_block","settings":{"image":"shopify:\/\/shop_images\/LP.jpg","video_id":"lThT2UIYI2c"}},"1645579530d961fff6-1":{"type":"video_block","settings":{"image":"shopify:\/\/shop_images\/power_gummies_thumbnail.jpg","video_id":"eJRvXxCEh-A"}},"1645579530d961fff6-2":{"type":"video_block","settings":{"image":"shopify:\/\/shop_images\/xyxx_thumbnail.jpg","video_id":"VGePZ-JkehQ"}},"1645579530d961fff6-3":{"type":"video_block","settings":{"image":"shopify:\/\/shop_images\/epigamia.jpg","video_id":"anG0fUVKUHo&t=1s"}}},"block_order":["1645579530d961fff6-0","1645579530d961fff6-1","1645579530d961fff6-2","1645579530d961fff6-3"],"settings":{"backgound":"","text_color":"","title":"Our Folio","text":"<p>Over the past few years, we've helped a lot of brands & business build and enhance their online presence.<br\/>Here's a glimpse of our latest work.<\/p>","align_text":"center","divider":false,"enable_spacing":false}}},"order":["main","164557733488ebf68d","164557760242cd805c","1645578080b1bc5752","1645578157cd18ea23","1645578379b3627fd8","1645578596c84f553e","1645578831a4b5b46d","16455790450addd232","1645579219ad148748","1645579484e1c7bbde","16455795304589193b"]}