{"sections":{"main":{"type":"main-page","disabled":true,"settings":{}},"1646056720b61de75a":{"type":"text-and-image","settings":{"image":"shopify:\/\/shop_images\/partnership.jpg","image_width":700,"subtitle":"AN OMNICHANNEL PARTNERSHIP WITH","title":"OMUNI","enable_large_title":true,"text":"<p>We've partnered with India’s fastest growing omnichannel retail platform, Omuni - powered by <strong>Arvind Internet -<\/strong>  that powers the omnichannel roadmap of <strong>50+ global brands.<\/strong><\/p>","button_label":"Enquire Now","button_link":"","button_style":"primary","align_text":"left","layout":"right","divider":false,"remove_top_spacing":false}},"164605679929b41f5e":{"type":"rich-text","disabled":true,"blocks":{"16460567998690228b-0":{"type":"heading","disabled":true,"settings":{"title":"Heading","title_h1":false,"align_title":"center"}},"16460567998690228b-1":{"type":"text","settings":{"enlarge_text":false,"text":"<p>As an ecommerce merchant, you’re spoilt for options when it comes to choosing the right platform for your store! Every ecommerce platform provides you with very basic features at a reasonable cost. However, it’s not until you dive deep into the daily functionality of ecommerce that you can identify the crucial aspects that make one platform better than the other!<\/p>"}}},"block_order":["16460567998690228b-0","16460567998690228b-1"],"settings":{"backgound":"","text_color":"","align_text":"center","narrow_column":true,"divider":false,"enable_spacing":false}},"16460568603d94e7d7":{"type":"rich-text","disabled":true,"blocks":{"164605686083d6ed49-0":{"type":"heading","settings":{"title":"Overview","title_h1":false,"align_title":"center"}},"164605686083d6ed49-1":{"type":"text","settings":{"enlarge_text":false,"text":"<p><a href=\"https:\/\/www.wix.com\/\" target=\"_blank\" title=\"Wix Website\">Wix <\/a>is a drag and drop interface with bundled templates. It is built for you to \"create a website you're proud of\". As the pitch suggests, it is more for creatives who want to build content based websites and to-date remains the best choice for creative freelancers and smaller service-based businesses. <\/p><p><a href=\"https:\/\/www.shopify.in\/\" target=\"_blank\" title=\"Shopify Website\">Shopify<\/a> on the other hand was built exclusively for creating ecommerce websites that are backed by powerful tools to start, manage and market your online business. The nature of ecommerce transactions online has always been at the core of Shopify's offerings. It says that \"anyone, anywhere can start an ecommerce website\" and that is evident with Shopify's presence in 175+ countries globally!<\/p>"}}},"block_order":["164605686083d6ed49-0","164605686083d6ed49-1"],"settings":{"backgound":"#ffffff","text_color":"#14151b","align_text":"left","narrow_column":true,"divider":false,"enable_spacing":true}},"1646056746188470a5":{"type":"text-columns","blocks":{"164605674645c87ec2-0":{"type":"text_block","settings":{"enable_image":true,"image_width":200,"title":"","text":"<p>Use this section to explain a set of product features, to link to a series of pages, or to answer common questions about your products. Add images for emphasis.<\/p>","button_label":"","button_link":""}},"164605674645c87ec2-1":{"type":"text_block","settings":{"enable_image":true,"image_width":200,"title":"","text":"<p>Use this section to explain a set of product features, to link to a series of pages, or to answer common questions about your products. Add images for emphasis.<\/p>","button_label":"","button_link":""}},"164605674645c87ec2-2":{"type":"text_block","settings":{"enable_image":true,"image_width":200,"title":"","text":"<p>Use this section to explain a set of product features, to link to a series of pages, or to answer common questions about your products. Add images for emphasis.<\/p>","button_label":"","button_link":""}},"c13e755e-b9db-4082-b7ae-5c424fb56018":{"type":"text_block","settings":{"enable_image":true,"image_width":200,"title":"","text":"<p>Use this section to explain a set of product features, to link to a series of pages, or to answer common questions about your products. Add images for emphasis.<\/p>","button_label":"","button_link":""}}},"block_order":["164605674645c87ec2-0","164605674645c87ec2-1","164605674645c87ec2-2","c13e755e-b9db-4082-b7ae-5c424fb56018"],"settings":{"backgound":"#14151b","text_color":"#ffffff","title":"How this partnership benefits you","text":"","align_text":"center","divider":false,"enable_spacing":false}},"16485575223bc8bb81":{"type":"text-and-image","settings":{"image":"shopify:\/\/shop_images\/download_ab07e419-4917-4a14-81cf-ced2168d49b1.jpg","image_width":700,"subtitle":"","title":"About Omuni","enable_large_title":false,"text":"<p>Pair large text with an image to tell a story, explain a detail about your product, or describe a new promotion.<\/p>","button_label":"Enquire Now","button_link":"","button_style":"primary","align_text":"left","layout":"right","divider":false,"remove_top_spacing":false}}},"order":["main","1646056720b61de75a","164605679929b41f5e","16460568603d94e7d7","1646056746188470a5","16485575223bc8bb81"]}