{"sections":{"main":{"type":"main-page","disabled":true,"settings":{}},"1646056720b61de75a":{"type":"text-and-image","settings":{"image":"shopify:\/\/shop_images\/Marmeto_ClickPost.jpg","image_width":700,"subtitle":"A logistic technology partnership with","title":"Clickpost","enable_large_title":true,"text":"<p>India's largest logistics technology platform for eCommerce, integrated with 150+ courier partners.<\/p>","button_label":"Know More","button_link":"shopify:\/\/pages\/contact","button_style":"primary","align_text":"left","layout":"right","divider":false,"remove_top_spacing":false}},"1646056746188470a5":{"type":"text-columns","blocks":{"164605674645c87ec2-0":{"type":"text_block","settings":{"enable_image":true,"image":"shopify:\/\/shop_images\/Reduce_Logistic_cost.png","image_width":200,"title":"Reduce shipping costs","text":"","button_label":"","button_link":""}},"164605674645c87ec2-1":{"type":"text_block","settings":{"enable_image":true,"image":"shopify:\/\/shop_images\/Lower_RTO.png","image_width":200,"title":"Lower Return-to-Origin%","text":"","button_label":"","button_link":""}},"164605674645c87ec2-2":{"type":"text_block","settings":{"enable_image":true,"image":"shopify:\/\/shop_images\/customers_post-purchase_shipping_experience.png","image_width":200,"title":"Enhance post purchase experience","text":"","button_label":"","button_link":""}},"c13e755e-b9db-4082-b7ae-5c424fb56018":{"type":"text_block","settings":{"enable_image":true,"image":"shopify:\/\/shop_images\/Automate_logistics_processes.png","image_width":200,"title":"Automate all logistic processes","text":"","button_label":"","button_link":""}}},"block_order":["164605674645c87ec2-0","164605674645c87ec2-1","164605674645c87ec2-2","c13e755e-b9db-4082-b7ae-5c424fb56018"],"settings":{"backgound":"#14151b","text_color":"#ffffff","title":"How this partnership benefits you","text":"","align_text":"center","divider":false,"enable_spacing":false}},"16485575223bc8bb81":{"type":"text-and-image","settings":{"image":"shopify:\/\/shop_images\/ClickPost.jpg","image_width":700,"subtitle":"","title":"About Clickpost","enable_large_title":false,"text":"<p>ClickPost provides technology that helps enterprises to integrate the logistics operations and customer experience - your one stop shop for all your delivery needs.<\/p>","button_label":"Know More","button_link":"shopify:\/\/pages\/contact","button_style":"primary","align_text":"left","layout":"right","divider":false,"remove_top_spacing":false}}},"order":["main","1646056720b61de75a","1646056746188470a5","16485575223bc8bb81"]}