{"sections":{"main":{"type":"main-page","disabled":true,"settings":{}},"164448548524da2f76":{"type":"rich-text","blocks":{"1644485485a4c7678b-0":{"type":"heading","settings":{"title":"Resources","title_h1":true,"align_title":"center"}},"1644485485a4c7678b-1":{"type":"text","disabled":true,"settings":{"enlarge_text":true,"text":"<p>Resources to up your e‑commerce game.<\/p>"}}},"block_order":["1644485485a4c7678b-0","1644485485a4c7678b-1"],"settings":{"backgound":"","text_color":"","align_text":"center","narrow_column":true,"divider":false,"enable_spacing":false}},"1644489557e906ee23":{"type":"faq","blocks":{"47f106be-23d9-4af5-9618-0df6fef68eb1":{"type":"rich-text","settings":{"title":"Shopify","text":"<p>Level up with in-depth guides and resources on everything Shopify!<br\/> Deep dive into some of our custom solutions built to accelerate growth on your ecommerce store.<\/p>","align_text":"left"}},"1644489557bcf9ee71-1":{"type":"question","settings":{"title":"Shopify Plus The in-depth guide","text":"<p>Shopify Plus is <a href=\"https:\/\/www.shopify.com\/about\">Shopify’s<\/a> premium plan. It’s an enterprise solution for the rapidly growing brands. In simple words, it’s the Godfather of the Shopify family. It knows everything and does everything, better, faster and more.<\/p>","button_label":"Read More","button_link":"https:\/\/marmeto.com\/pages\/shopify-plus"}},"1644489557bcf9ee71-0":{"type":"question","settings":{"title":"Level-up with these Shopify Plus features!","text":"<p>As the name might suggest \"Shopify Plus\" does bring along a considerable amount of “plus” value with it’s enterprise plan or as Shopify Plus puts it, “The new way to grow. The new enterprise.<\/p>","button_label":"Read More","button_link":"https:\/\/marmeto.com\/pages\/shopify-plus"}},"01a697f6-3cd0-4f92-9072-a77fb1987849":{"type":"question","settings":{"title":"Shopify vs Wix: The top ecommerce choice for 2022","text":"<p>As an ecommerce merchant, you’re spoilt for options when it comes to choosing the right platform for your store! Every ecommerce platform provides you with very basic features at a reasonable cost.<\/p>","button_label":"Read More","button_link":"https:\/\/marmeto.com\/pages\/shopify-vs-wix"}},"c87a6090-6a39-4d9a-ba73-cee452e154f0":{"type":"question","settings":{"title":"2-step checkout feature!","text":"<p>Increase conversions by up to 35% & avoid checkout drops with our custom built \"2-step checkout\" feature on your Shopify Plus website.<\/p>","button_label":"Read More","button_link":"https:\/\/marmeto.com\/pages\/reduce-checkout-abandonment-with-the-2-step-checkout-solution-on-shopify-plus"}},"2ed8bec6-016d-41b5-8bd2-5943e0620fb6":{"type":"question","settings":{"title":"Mobile Number OTP Verification on COD Orders","text":"<p>Where <a href=\"https:\/\/razorpay.com\/blog\/ecommerce-business-cost-saving-rto-fraud\/\"><span style=\"text-decoration:underline\">COD orders make for 70%<\/span><\/a> of ecommerce business orders, the average return rate for ecommerce business is up to <a href=\"https:\/\/razorpay.com\/blog\/ecommerce-business-cost-saving-rto-fraud\/\"><span style=\"text-decoration:underline\">40% in some cases<\/span><\/a>! This leads to operational and logistical losses in addition to loss of product on occasion! This is where our Mobile OTP verification for COD solution comes in!<\/p>","button_label":"Read More","button_link":"https:\/\/marmeto.com\/pages\/mobile-otp-verification-for-cod"}},"117495af-47f0-40ab-ade6-1dc828487b9a":{"type":"question","settings":{"title":"Additional COD Charges at Checkout","text":"<p>Brands can brace themselves for order cancellations and returns while covering their logistical costs. The probability of cancellations or returns of fraudulent orders or non-serious buyers reduces by charging a small delivery fee.<\/p>","button_label":"Read More","button_link":"https:\/\/marmeto.com\/pages\/additional-cod-charges-at-checkout"}},"79a05888-6e6e-4e92-bf00-cfeb7eb8100c":{"type":"question","settings":{"title":"Pin Code Checker \/ Pin Code Validation","text":"<p><strong>Avoid unhappy customers <\/strong>& reduce abandoned carts with our custom built <strong>\"Pin Code Validation\" <\/strong>feature on your <strong>Shopify Plus <\/strong>website.<\/p>","button_label":"Read More","button_link":"https:\/\/marmeto.com\/pages\/pincode-validation-resource"}},"281147ba-57f0-4278-827f-035fda002faf":{"type":"question","settings":{"title":"Prepaid Incentivization at Checkout","text":"<p>Reduce COD orders & decrease your order return rate with our custom built \"Prepaid Incentivization\" feature on your Shopify Plus website.<\/p>","button_label":"Read More","button_link":"https:\/\/marmeto.com\/pages\/increase-conversion-rates-for-prepaid-orders-on-your-shopify-website-through-discounts-incentives"}},"8edadc13-888c-450b-b3fb-d1b7833b586b":{"type":"question","settings":{"title":"Single-Click Discount Coupons at Checkout","text":"<p>Drive Incremental Sales & build customer loyalty with our custom built \"Single-Click Discount\" feature on your Shopify Plus website.<\/p>","button_label":"Read More","button_link":"https:\/\/marmeto.com\/pages\/reduce-cart-abandonment-with-single-click-discount-solution"}},"67ceae29-5438-45c6-bcae-7b56b83b6226":{"type":"question","settings":{"title":"Additional Fields at Checkout","text":"<p>Capture GST Numbers or survey your customers for building a more accurate consumer profile with this feature on your Shopify Plus Store.<\/p>","button_label":"Read More","button_link":"https:\/\/marmeto.com\/pages\/additional-fields-at-checkout"}},"93db7e36-a610-4c17-842a-527d0f86b8a6":{"type":"question","settings":{"title":"Empty Cart Upsell","text":"<p>Improve your e-commerce website's cart experience with our custom built \"Empty Cart Upsell\" feature on your Shopify website.<\/p>","button_label":"Read More","button_link":"https:\/\/marmeto.com\/pages\/increase-your-shopify-website-s-add-to-cart-rate-with-empty-cart-upsell-solution"}},"06856c10-d14a-476b-af10-ca18f6ff7db2":{"type":"question","settings":{"title":"Hide COD at Checkout on your online store","text":"<p>COD comes with its own challenges, leaving sellers vulnerable to delivery cancellations, additional logistics costs, damages during delivery, returns and refund issues, fraud, cash flow, and other related issues. <\/p>","button_label":"Read more","button_link":"shopify:\/\/pages\/hiding-cod-at-checkout"}},"88079f7a-bcbe-49d2-a70e-92ebc8d37206":{"type":"question","settings":{"title":"Pin Code Checker","text":"<p>Custom quiz to drive interactions and boost sales. Engage with your customers to offer personalization and meet their expectations.<\/p>","button_label":"Read More","button_link":"https:\/\/marmeto.com\/pages\/custom-quizzes-to-drive-interactions-and-boost-sales"}}},"block_order":["47f106be-23d9-4af5-9618-0df6fef68eb1","1644489557bcf9ee71-1","1644489557bcf9ee71-0","01a697f6-3cd0-4f92-9072-a77fb1987849","c87a6090-6a39-4d9a-ba73-cee452e154f0","2ed8bec6-016d-41b5-8bd2-5943e0620fb6","117495af-47f0-40ab-ade6-1dc828487b9a","79a05888-6e6e-4e92-bf00-cfeb7eb8100c","281147ba-57f0-4278-827f-035fda002faf","8edadc13-888c-450b-b3fb-d1b7833b586b","67ceae29-5438-45c6-bcae-7b56b83b6226","93db7e36-a610-4c17-842a-527d0f86b8a6","06856c10-d14a-476b-af10-ca18f6ff7db2","88079f7a-bcbe-49d2-a70e-92ebc8d37206"],"settings":{"title":"","divider":false}},"164449197962c0ae8c":{"type":"faq","blocks":{"852b2992-84c7-47de-b7c2-6f622234a534":{"type":"rich-text","settings":{"title":"Ecommerce","text":"<p>In the vast sea of information overload out there, here's what you must know about the do's and don'ts of ecommerce.<\/p>","align_text":"left"}},"16444919793fb35470-0":{"type":"question","settings":{"title":"Domain Extensions: How to choose the right domain extension for your website","text":"<p>The perfect domain extension not only helps target customers in your country of choice but also opens up doors to future conversions and more traffic on your website!<\/p>","button_label":"Read More","button_link":"shopify:\/\/blogs\/e-commerce\/domain-extensions-how-to-choose-the-right-domain-extension-for-your-website"}},"16444919793fb35470-1":{"type":"question","settings":{"title":"6 tips to try when the domain name is already taken \/ not available!","text":"<p>A brand’s name is an identity in itself! It’s what defines it! As wacky as the name is, the audience will envision the services provided with the name of itself!<\/p>","button_label":"Read More","button_link":"shopify:\/\/blogs\/e-commerce\/6-tips-to-try-when-the-domain-name-is-already-taken-not-available"}},"b30cba11-45f1-43b6-b575-5bc8fc232945":{"type":"question","settings":{"title":"Favicons: Everything you need to know about them","text":"<p>When you open a web browser, you usually see your favorite websites mentioned right on the home page. The name is displayed along with an icon which is a distinguishing factor that states its identity without the need for a name! Those, my friends, are favicons<strong>.<\/strong><\/p>","button_label":"Read More","button_link":"shopify:\/\/blogs\/e-commerce\/favicons-everything-you-need-to-know-about-them"}},"566aebe9-1318-47ca-a5d2-d12031ee6ae3":{"type":"question","settings":{"title":"Fix it or stick it: Headers in website development","text":"<p>Fix it, stick it, pin it, freeze it, use a combination, it’s all up to you! Website development is a dynamic industry that is constantly evolving. What works today, maybe obsolete tomorrow!<\/p>","button_label":"Read More","button_link":"shopify:\/\/blogs\/e-commerce\/fix-it-or-stick-it-headers-in-website-development"}},"b6d9a8b5-50a7-40a8-98ce-ad0d0b9300f3":{"type":"question","settings":{"title":"Website scroll for desktops: Above the fold or below","text":"<p>The question going through your mind right now would surely be <strong>“What in the world?” <\/strong>Let’s make this simpler! We’re talking about websites!<\/p>","button_label":"Read More","button_link":"shopify:\/\/blogs\/e-commerce\/website-scroll-for-desktops-above-the-fold-or-below"}},"d2a38f72-b409-4aa0-8c47-f7149c6001c0":{"type":"question","settings":{"title":"Long scrolling: Mobile view","text":"<p>For a website, the UX means everything and long scrolling can create a completely immersive browsing experience. We’re currently in the middle of a tech boom and everyone is on level grounds!<\/p>","button_label":"Read More","button_link":"shopify:\/\/blogs\/e-commerce\/long-scrolling-mobile-view"}},"de78db7d-9eb1-4891-ad36-9a108fe88055":{"type":"question","settings":{"title":"Horizontal scrolling for websites: Miracle or disaster?","text":"<p>There was a time before smartphones when users were comfortable with both vertical and horizontal scroll due to the mass use of mouses. As more and more users got hooked on mobiles, the nature of scrolling started evolving.<\/p>","button_label":"Read More","button_link":"shopify:\/\/blogs\/e-commerce\/horizontal-scrolling-for-websites-miracle-or-disaster"}},"2732fb96-3340-491c-a86b-83136719728e":{"type":"question","settings":{"title":"Boost your conversion rate with eCommerce sales funnel","text":"<p>For brands that have been around for some time, the trick is well understood and safely tucked away to be used when the time is right! However, for newer brands, it’s a time for experimentation!<\/p>","button_label":"Read More","button_link":"shopify:\/\/blogs\/e-commerce\/boost-your-conversion-rate-with-ecommerce-sales-funnel"}},"0fc23a2a-d9e2-4aa0-9725-d8b33cf12aa6":{"type":"question","settings":{"title":"Why do you need to have an about us page on your website?","text":"<p>A website is not only a sales channel but also a brand’s digital identity and one of the most important ones too! That being said, what about the relatively newer or lesser-known ecommerce websites? Their stories, challenges, triumphs go unheard, right? Not necessarily!<\/p>","button_label":"Read More","button_link":"shopify:\/\/blogs\/e-commerce\/why-do-you-need-to-have-an-about-us-page-on-your-website"}},"1ac93cfb-d530-4554-b2ba-acb449b11cb3":{"type":"question","settings":{"title":"Shopify Tips: Reducing cart abandonment for eCommerce brands","text":"<p>If you own an eCommerce website or are thinking of launching your website, we hate to break it to you, but you could be losing money if your cart isn’t designed for conversions!<\/p>","button_label":"Read More","button_link":"shopify:\/\/blogs\/e-commerce\/shopify-tips-reducing-cart-abandonment-for-ecommerce-brands"}},"fc4c56ec-01f6-4416-bc26-e66a6937695b":{"type":"question","settings":{"title":"Ecommerce sales tips: Harnessing the power of seasonal sales","text":"<p>With eCommerce being in the limelight today, everyone is trying and testing different ideas to maximize sales. Seasonal sale seasons are a sweet spot.<\/p>","button_label":"Read More","button_link":"shopify:\/\/blogs\/e-commerce\/ecommerce-sales-tips-harnessing-the-power-of-seasonal-sales"}},"0f2715da-9746-4184-9a34-646fdf475cc2":{"type":"question","settings":{"title":"Should you include emojis on your website?","text":"<p>Emojis have changed the way we text today! One associates deeply with an emoji’s implication. It has the power to depict an entire range of human emotions and accurately at that!<\/p>","button_label":"Read More","button_link":"shopify:\/\/blogs\/e-commerce\/should-you-include-emojis-on-your-website"}},"4217d8e7-d63d-4277-a2fc-e818c119458d":{"type":"question","settings":{"title":"Tips to reduce energy consumption on web pages","text":"<p>As a website owner, you have to understand that for any website to reduce its energy consumption, it has to be optimized perfectly to reduce load time!<\/p>","button_label":"Read More","button_link":"shopify:\/\/blogs\/e-commerce\/tips-to-reduce-energy-consumption-on-webpages"}},"5baf69fb-8dae-47d6-9c56-c0c0ab23b775":{"type":"question","settings":{"title":"Current eCommerce trends in India","text":"<p>With the advent of festivals, one thing that took over television sets, mobile phones, internet and newspapers was the online sale. Today, eCommerce is not just buying and selling online; it’s much more than that.<\/p>","button_label":"Read More","button_link":"shopify:\/\/blogs\/e-commerce\/current-e-commerce-trends-in-india"}},"537824d0-170d-4cce-8186-dda3137017d1":{"type":"question","settings":{"title":"5 ho ho hott tips for the festive season","text":"<p>A website is a beauty and beauties often need a touch-up on the most important days! Get her some new colours, a bit of facelift, some discounted goodies and there! You have a merry new Festive Website!<\/p>","button_label":"Read More","button_link":"shopify:\/\/blogs\/e-commerce\/5-ho-ho-hott-tips-for-this-festive-season"}},"8c23dbda-28f4-49fc-9e1d-8c547940b7ed":{"type":"question","settings":{"title":"Shopify v\/s WooCommerce","text":"<p>A detailed comparison between Shopify and WooCommerce, two of the most popular e-commerce platforms.<\/p>","button_label":"Read More","button_link":"shopify:\/\/pages\/shopify-v-s-woocommerce"}}},"block_order":["852b2992-84c7-47de-b7c2-6f622234a534","16444919793fb35470-0","16444919793fb35470-1","b30cba11-45f1-43b6-b575-5bc8fc232945","566aebe9-1318-47ca-a5d2-d12031ee6ae3","b6d9a8b5-50a7-40a8-98ce-ad0d0b9300f3","d2a38f72-b409-4aa0-8c47-f7149c6001c0","de78db7d-9eb1-4891-ad36-9a108fe88055","2732fb96-3340-491c-a86b-83136719728e","0fc23a2a-d9e2-4aa0-9725-d8b33cf12aa6","1ac93cfb-d530-4554-b2ba-acb449b11cb3","fc4c56ec-01f6-4416-bc26-e66a6937695b","0f2715da-9746-4184-9a34-646fdf475cc2","4217d8e7-d63d-4277-a2fc-e818c119458d","5baf69fb-8dae-47d6-9c56-c0c0ab23b775","537824d0-170d-4cce-8186-dda3137017d1","8c23dbda-28f4-49fc-9e1d-8c547940b7ed"],"settings":{"title":"","divider":false}},"16453841368a18f3a5":{"type":"article-list","blocks":{"97e27c41-8de3-48b6-b65c-e299efdb9f00":{"type":"article","settings":{"article":"e-commerce\/ecommerce-sales-tips-harnessing-the-power-of-seasonal-sales"}},"61469664-7b9f-4445-9b34-5e0cd472e0c2":{"type":"article","settings":{"article":"e-commerce\/boost-your-conversion-rate-with-ecommerce-sales-funnel"}},"0ec4eae0-cde6-457e-babe-1861c70ed97b":{"type":"article","settings":{"article":"e-commerce\/5-ho-ho-hott-tips-for-this-festive-season"}}},"block_order":["97e27c41-8de3-48b6-b65c-e299efdb9f00","61469664-7b9f-4445-9b34-5e0cd472e0c2","0ec4eae0-cde6-457e-babe-1861c70ed97b"],"settings":{"enable_light_bg":true,"title":"Blog posts","text":"","link_text":"","link_url":"","blog_show_tags":false,"blog_show_date":true,"blog_show_comments":false,"blog_show_author":false,"divider":false}}},"order":["main","164448548524da2f76","1644489557e906ee23","164449197962c0ae8c","16453841368a18f3a5"]}