{"sections":{"main":{"type":"page-title","settings":{"title":"Become a Marmetian","subtitle":"Join Our Squad","text":"<p>Here at Marmeto, we put clients first. Within the past 5 years, we've worked with India's best brands in every domain and  have carved an exciting path for our journey around the globe. <br\/><br\/>We haven't been able to achieve this just because we're a bunch of good looking peeps. No kidding, that we are... It's because we eat, live and breathe ecommerce. Enabling ecommerce is beyond career and passion. It's our reason for being. <\/p>","cta_text1":"VIEW ALL OPENINGS","cta_link1":"#section-header","cta_text2":"","cta_link2":"","divider":false}},"16429184232e5e9e82":{"type":"hero-video","disabled":true,"settings":{"title":"MESSAGE FROM OUR CEO","title_size":45,"subheading":"","link_text":"","link":"","text_align":"vertical-bottom horizontal-right","video_url":"https:\/\/www.youtube.com\/watch?v=_9VUPq3SxOc","overlay_opacity":0,"section_height":"750px","mobile_height":"auto"}},"1645183433569ae7ef":{"type":"slideshow","blocks":{"164518343318887055-0":{"type":"image","settings":{"title":"Initial Marmetians","title_size":40,"subheading":"","link":"","link_text":"","text_align":"vertical-bottom horizontal-center","image":"shopify:\/\/shop_images\/founders_0150a66a-87ab-46fb-ab62-9df540d210c1.jpg","image_opacity":true,"overlay_opacity":10,"focal_point":"center center"}}},"block_order":["164518343318887055-0"],"settings":{"section_height":"750px","mobile_height":"250px","parallax":false,"style":"arrows","autoplay":true,"autoplay_speed":5}},"1642918646f0440890":{"type":"rich-text","blocks":{"164291864613585798-0":{"type":"heading","settings":{"title":"Life at Marmeto","title_h1":false,"align_title":"center"}},"164291864613585798-1":{"type":"text","settings":{"enlarge_text":false,"text":"<p>At Marmeto, we work in different squads (AM Squad, Tech Squad and Growth Squad). We're growing fast and we believe in leveling up together, no man left behind! Since we offer end to end Shopify development services, everyday is riddled with exciting challenges and hurdles. Guided by our four core values and the support of our Marmetians, we meet these challenges creatively!<br\/>It's our mission to enable tech for every brand and innovate to elevate and accelerate their growth. <br\/>If this sounds interesting to you, join our team in helping shape the new era of ecommerce innovation!<\/p>"}}},"block_order":["164291864613585798-0","164291864613585798-1"],"settings":{"backgound":"","text_color":"","align_text":"center","narrow_column":true,"divider":false,"enable_spacing":false}},"05743a5d-58ae-496d-8797-408bac6eac4b":{"type":"background-video-text","settings":{"subtitle":"MARMETO","title":"Tour Of The Space","text":"","button_label":"","button_link":"","video_url":"https:\/\/youtu.be\/hXVHI8M4WGs","color_border":"#f4f4f4","layout":"left","height":550}},"164292067210d40e6c":{"type":"text-columns","blocks":{"1642920672ff40f3f6-0":{"type":"text_block","disabled":true,"settings":{"enable_image":false,"image_width":650,"title":"Committed to Commitments","text":"<p>Once we commit we do. We don’t go back on our words<\/p>","button_label":"","button_link":"","open_popup":false,"enquiry":""}},"1642920672ff40f3f6-1":{"type":"text_block","settings":{"enable_image":false,"image_width":650,"title":"Own the Outcomes","text":"<p>We take responsibility for our actions.<\/p>","button_label":"","button_link":"","open_popup":false,"enquiry":""}},"1642920672ff40f3f6-2":{"type":"text_block","settings":{"enable_image":false,"image_width":650,"title":"Build for Scale","text":"<p>We don’t believe in hotfixes and we will do what is right and not just what is required to be done.<\/p>","button_label":"","button_link":"","open_popup":false,"enquiry":""}},"e19beceb-6a8d-4e1e-a827-86c4047737bc":{"type":"text_block","settings":{"enable_image":false,"image_width":650,"title":"Seek & Drive Value","text":"<p>We will seek and drive value to the business and customers in every task that we do.<\/p>","button_label":"","button_link":"","open_popup":false,"enquiry":""}}},"block_order":["1642920672ff40f3f6-0","1642920672ff40f3f6-1","1642920672ff40f3f6-2","e19beceb-6a8d-4e1e-a827-86c4047737bc"],"settings":{"backgound":"","text_color":"","title":"Our Core Values","text":"<p>We're dedicated to an extremely rewarding mission of enabling tech for every ecommerce brand. <br\/>To help us navigate through and reach our goal, we've summed up our way of work that stems from our strong Indian roots. <br\/>Here are our 4 core guiding pillars. Our 4 core values. <\/p>","align_text":"center","divider":false,"enable_spacing":false,"number_of_columns":"one-large-whole"}},"1645367033c5c2c5f6":{"type":"fading-images","disabled":true,"blocks":{"1645367033426e58c9-2":{"type":"image","disabled":true,"settings":{"image":"shopify:\/\/shop_images\/Careers_image.jpg","focal_point":"center center","slide_title1":"","slide_title2":""}}},"block_order":["1645367033426e58c9-2"],"settings":{"title_lines":"2","title_font":"body","title_size":45,"title_color":"#ffffff","title_bg_color":"rgba(0,0,0,0)","text_align":"vertical-center horizontal-center","link":"","slide_speed":10,"color_overlay":"#000000","color_overlay_opacity":0,"desktop_height":"100vh","mobile_height":"250px"}},"1642919014fef80896":{"type":"image-grids","blocks":{"164291901446e9d1e9-0":{"type":"image","settings":{"image":"shopify:\/\/shop_images\/040A0508.jpg","image_link":"","title":"","focal_point":"center center","size":"wide"}},"164291901446e9d1e9-1":{"type":"image","settings":{"image":"shopify:\/\/shop_images\/040A0540.jpg","image_link":"","title":"","focal_point":"center center","size":"square-small"}},"164291901446e9d1e9-2":{"type":"image","settings":{"image":"shopify:\/\/shop_images\/040A0511.jpg","image_link":"","title":"","focal_point":"center center","size":"square-small"}},"164291901446e9d1e9-3":{"type":"image","settings":{"image":"shopify:\/\/shop_images\/040A0506.jpg","image_link":"","title":"","focal_point":"center center","size":"square-small"}},"164291901446e9d1e9-4":{"type":"image","settings":{"image":"shopify:\/\/shop_images\/040A0531.jpg","image_link":"","title":"","focal_point":"center center","size":"square-small"}},"164291901446e9d1e9-5":{"type":"image","settings":{"image":"shopify:\/\/shop_images\/040A0549.jpg","image_link":"","title":"","focal_point":"center center","size":"wide"}},"f95d8ec7-b93c-4761-a1f7-6b7c06b50aff":{"type":"image","settings":{"image":"shopify:\/\/shop_images\/040A0513.jpg","image_link":"","title":"","focal_point":"center center","size":"square-small"}},"f7a12f06-e57e-47a1-b45d-631d4c0a550a":{"type":"image","settings":{"image":"shopify:\/\/shop_images\/040A0527.jpg","image_link":"","title":"","focal_point":"center center","size":"square-small"}},"3885bb86-6b89-4ba9-b51d-53d88078d719":{"type":"image","settings":{"image":"shopify:\/\/shop_images\/040A0526.jpg","image_link":"","title":"","focal_point":"center center","size":"square-small"}},"8b2b378d-8a4e-4ebe-8d20-298f7fe88832":{"type":"image","settings":{"image":"shopify:\/\/shop_images\/040A0496.jpg","image_link":"","title":"","focal_point":"center center","size":"square-small"}}},"block_order":["164291901446e9d1e9-0","164291901446e9d1e9-1","164291901446e9d1e9-2","164291901446e9d1e9-3","164291901446e9d1e9-4","164291901446e9d1e9-5","f95d8ec7-b93c-4761-a1f7-6b7c06b50aff","f7a12f06-e57e-47a1-b45d-631d4c0a550a","3885bb86-6b89-4ba9-b51d-53d88078d719","8b2b378d-8a4e-4ebe-8d20-298f7fe88832"],"settings":{"title":"","divider":false,"enable_gutter":true}},"16429519486c1eb5cc":{"type":"text-and-table","blocks":{"1b9e3670-d9d2-4521-b4f3-e2ff9a7a372f":{"type":"table-heading","settings":{"column_1_heading":"JOB TITLE","column_2_heading":"LOCATION","column_3_heading":"JOB TYPE"}},"1642951948ed8a4035-2":{"type":"table-data","disabled":true,"settings":{"column_1_text":"Partnerships Manager","column_1_link":"","column_2_text":"Bengaluru, KA, India","column_3_text":"Full Time"}},"3c475116-25d6-43ee-87dd-f99f908d66e9":{"type":"table-data","disabled":true,"settings":{"column_1_text":"Frontend Developer","column_1_link":"shopify:\/\/pages\/frontend-developer-shopify","column_2_text":"Bengaluru, KA, India","column_3_text":"Full Time"}},"5bd33e1a-00ba-4632-aa46-98105c94b9c1":{"type":"table-data","settings":{"column_1_text":"Node.js Developer","column_1_link":"shopify:\/\/pages\/open-position-nodejs-developer-marmeto","column_2_text":"Bengaluru, KA, India","column_3_text":"Full Time"}},"fb21c6ca-8278-4c34-b629-f6756d0d6286":{"type":"table-data","disabled":true,"settings":{"column_1_text":"Commerce Catalog Executive","column_1_link":"shopify:\/\/pages\/commerce-catalog-executive","column_2_text":"Bengaluru, KA, India","column_3_text":"Full TIme"}},"f4578bd5-3d57-4a81-b962-223ca51e6c33":{"type":"table-data","disabled":true,"settings":{"column_1_text":"Head of Accounts","column_1_link":"shopify:\/\/pages\/head-of-accounts","column_2_text":"Bengaluru, KA, India","column_3_text":"Full Time"}},"f2bea91c-2a7c-480d-8504-76dfe67e3633":{"type":"table-data","disabled":true,"settings":{"column_1_text":"Business Development Executive","column_1_link":"shopify:\/\/pages\/business-development-executive","column_2_text":"Bengaluru, KA, India","column_3_text":"Full Time"}},"71c5733c-dd5a-4820-ba66-d519b938774e":{"type":"table-data","disabled":true,"settings":{"column_1_text":"UI\/UX Intern","column_1_link":"shopify:\/\/pages\/open-positions-ui-ux-intern-marmeto","column_2_text":"Bengaluru, KA, India","column_3_text":"Full Time"}},"a252af33-cbfa-46fc-8a64-9a32217cc94b":{"type":"table-data","disabled":true,"settings":{"column_1_text":"Sr. UI\/UX Designer","column_1_link":"shopify:\/\/pages\/open-position-sr-ui-ux-designer-at-marmeto","column_2_text":"Bengaluru, KA, India","column_3_text":"Full Time"}},"1642951948ed8a4035-1":{"type":"table-data","disabled":true,"settings":{"column_1_text":"QA Test Engineer","column_1_link":"shopify:\/\/pages\/qa-test-engineer","column_2_text":"Bengaluru, KA, India","column_3_text":"Full Time"}},"86d01151-3e89-4a58-84de-1df046f05dcb":{"type":"table-data","disabled":true,"settings":{"column_1_text":"Associate Project Manager","column_1_link":"shopify:\/\/pages\/open-positions-associate-project-manager-marmeto","column_2_text":"Bengaluru, KA, India","column_3_text":"Full Time"}},"839167fe-c4de-4b5e-9271-b908ba3d224b":{"type":"table-data","settings":{"column_1_text":"Content Creator","column_1_link":"shopify:\/\/pages\/open-position-for-content-creator-at-marmeto","column_2_text":"Bengaluru, KA, India","column_3_text":"Full Time"}},"28633202-4b45-42d6-862f-4d6adefe7059":{"type":"table-data","disabled":true,"settings":{"column_1_text":"Senior QA Analyst","column_1_link":"shopify:\/\/pages\/apply-for-senior-qa-analyst-team-lead-at-marmeto","column_2_text":"Bengaluru, KA, India","column_3_text":"Full Time"}},"ab52de30-45d4-4ad3-8f65-3d718ec954f6":{"type":"table-data","settings":{"column_1_text":"Business Analyst","column_1_link":"shopify:\/\/pages\/open-position-business-analyst","column_2_text":"Bengaluru, KA, India","column_3_text":"Full Time"}},"e5a8bec8-8693-4b5c-abee-3c60a489c255":{"type":"table-data","settings":{"column_1_text":"PHP Developer","column_1_link":"shopify:\/\/pages\/open-position-for-php-developer-at-marmeto","column_2_text":"Bengaluru, KA, India","column_3_text":"Full Time"}}},"block_order":["1b9e3670-d9d2-4521-b4f3-e2ff9a7a372f","1642951948ed8a4035-2","3c475116-25d6-43ee-87dd-f99f908d66e9","5bd33e1a-00ba-4632-aa46-98105c94b9c1","fb21c6ca-8278-4c34-b629-f6756d0d6286","f4578bd5-3d57-4a81-b962-223ca51e6c33","f2bea91c-2a7c-480d-8504-76dfe67e3633","71c5733c-dd5a-4820-ba66-d519b938774e","a252af33-cbfa-46fc-8a64-9a32217cc94b","1642951948ed8a4035-1","86d01151-3e89-4a58-84de-1df046f05dcb","839167fe-c4de-4b5e-9271-b908ba3d224b","28633202-4b45-42d6-862f-4d6adefe7059","ab52de30-45d4-4ad3-8f65-3d718ec954f6","e5a8bec8-8693-4b5c-abee-3c60a489c255"],"settings":{"title":"Open positions in All Departments","divider":false}},"164322126248ad1808":{"type":"article-list","disabled":true,"blocks":{"3ec83c77-3a98-42ca-a87b-ecb2db528b3e":{"type":"article","settings":{"article":"e-commerce\/keeping-up-with-the-am-squad"}},"d01ecd9c-fa63-4091-b549-902d66239f8e":{"type":"article","settings":{"article":"e-commerce\/above-and-beyond-with-the-am-squad"}},"7927d216-fdb8-406f-aaf4-15c838f1f09c":{"type":"article","settings":{"article":"e-commerce\/the-client-dynamic-with-the-am-squad"}}},"block_order":["3ec83c77-3a98-42ca-a87b-ecb2db528b3e","d01ecd9c-fa63-4091-b549-902d66239f8e","7927d216-fdb8-406f-aaf4-15c838f1f09c"],"settings":{"enable_light_bg":true,"title":"Keeping up with the  AM Squad","text":"","link_text":"","link_url":"","blog_show_tags":false,"blog_show_date":true,"blog_show_comments":false,"blog_show_author":false,"divider":false}},"1643220916f49654a3":{"type":"image-grids","disabled":true,"blocks":{"164322091651562d46-0":{"type":"image","settings":{"image_link":"","title":"","focal_point":"center center","size":"square-small"}},"164322091651562d46-1":{"type":"image","settings":{"image_link":"","title":"","focal_point":"center center","size":"square-small"}},"164322091651562d46-2":{"type":"image","settings":{"image_link":"","title":"","focal_point":"center center","size":"wide"}},"164322091651562d46-3":{"type":"image","settings":{"image_link":"","title":"","focal_point":"center center","size":"wide"}},"164322091651562d46-4":{"type":"image","settings":{"image_link":"","title":"","focal_point":"center center","size":"square-small"}},"164322091651562d46-5":{"type":"image","settings":{"image_link":"","title":"","focal_point":"center center","size":"square-small"}}},"block_order":["164322091651562d46-0","164322091651562d46-1","164322091651562d46-2","164322091651562d46-3","164322091651562d46-4","164322091651562d46-5"],"settings":{"title":"","divider":false,"enable_gutter":true}},"7e3dc80d-d756-4de1-bcb5-3a7b7692c0b2":{"type":"instagram-link-page","settings":{"insta_userName":"@marmeto_india","insta_postTitle":"Life at Marmeto","insta_comment":"<p>Here's a sneak peak into our team marmeto, Get a closer look-<\/p>","heading_size":20,"feed_width":100,"html_area":"","padding_top":83,"padding_bottom":83}}},"order":["main","16429184232e5e9e82","1645183433569ae7ef","1642918646f0440890","05743a5d-58ae-496d-8797-408bac6eac4b","164292067210d40e6c","1645367033c5c2c5f6","1642919014fef80896","16429519486c1eb5cc","164322126248ad1808","1643220916f49654a3","7e3dc80d-d756-4de1-bcb5-3a7b7692c0b2"]}