{"sections":{"main":{"type":"main-page","disabled":true,"settings":{}},"1645783149e261a724":{"type":"text-strip","settings":{"narrow_column":true,"backgound":"#e3ff53","text_color":"#14151b","align_text":"center","title":"A Shopify Plus Solution"}},"164574590128d7210b":{"type":"text-and-image","settings":{"image":"shopify:\/\/shop_images\/prepaid-incentivization.jpg","image_width":700,"subtitle":"Increase Prepaid Conversions with","title":"Discounts & Incentives at Order Checkout","enable_large_title":false,"text":"<p><strong>Reduce COD orders <\/strong>& decrease your order return rate with our custom built <strong>\"Prepaid Incentivization\" <\/strong>feature on your <strong>Shopify Plus <\/strong>website.<\/p>","button_label":"Get Prepaid Incentivization","button_link":"https:\/\/forms.monday.com\/forms\/1f21d33f2cf5b306092689b5370b7412?r=use1","button_style":"primary","align_text":"left","layout":"right","divider":false,"remove_top_spacing":false}},"16457459198d6a0fc7":{"type":"text-columns","blocks":{"164574591969942641-0":{"type":"text_block","settings":{"enable_image":true,"image":"shopify:\/\/shop_images\/05.png","image_width":200,"title":"","text":"<p>Increase Prepaid Orders On Your Online Store<\/p>","button_label":"","button_link":""}},"164574591969942641-1":{"type":"text_block","settings":{"enable_image":true,"image":"shopify:\/\/shop_images\/06.png","image_width":200,"title":"","text":"<p>Reduce COD Orders Returns On Your Online Store<\/p>","button_label":"","button_link":""}},"164574591969942641-2":{"type":"text_block","settings":{"enable_image":true,"image":"shopify:\/\/shop_images\/07.png","image_width":200,"title":"","text":"<p>Reduce The Abandoned Cart Ratio On Your Website<\/p>","button_label":"","button_link":""}},"02b20b6f-b6c0-4c51-ac44-bdb412ff20cc":{"type":"text_block","settings":{"enable_image":true,"image":"shopify:\/\/shop_images\/08.png","image_width":200,"title":"","text":"<p>Increase Brand Affinity And Delight The Consumer<\/p>","button_label":"","button_link":""}}},"block_order":["164574591969942641-0","164574591969942641-1","164574591969942641-2","02b20b6f-b6c0-4c51-ac44-bdb412ff20cc"],"settings":{"backgound":"","text_color":"","title":"","text":"","align_text":"center","divider":false,"enable_spacing":false}},"16457463727b9f71e8":{"type":"rich-text","blocks":{"1645746372a2108791-0":{"type":"heading","settings":{"title":"The Problem","title_h1":false,"align_title":"center"}},"1645746372a2108791-1":{"type":"text","settings":{"enlarge_text":false,"text":"<p><br\/>- Why is the abandoned cart rates so high on my Shopify ecommerce website?<br\/>- Why do are so many of our Cash On Delivery Orders getting returned?<br\/>- What can I do to boost sales and conversions on my Shopify ecommerce store?<br\/>- Why do I have so many session drops right at the payment stage in the checkout process?<\/p><p>Whether you have a Shopify website or a Shopify Plus store, chances are, you've been wondering about the same thing or else you wouldn't be here! The pandemic may have brought about the biggest digital shift in the Indian consumer's behaviour while shopping online. However, Cash on Delivery Orders still make for majority of Indian ecommerce brands' revenue. As is the nature of ecommerce, this is followed by a higher percentage of order returns and the logistic processes have proven to be quite loss making historically.<\/p><p>The ideal solution to this challenge is increasing the conversion rates for prepaid orders on your online store because a customer is likely to return a product once they've paid for it!<br\/><br\/>This is where our \"<strong>Prepaid Incentivization\" feature comes in for Shopify Plus Websites!<\/strong><\/p>"}}},"block_order":["1645746372a2108791-0","1645746372a2108791-1"],"settings":{"backgound":"#ffffff","text_color":"#000000","align_text":"left","narrow_column":true,"divider":false,"enable_spacing":true}},"16457464561a611fe1":{"type":"rich-text","blocks":{"1645746456ef3f85af-0":{"type":"heading","settings":{"title":"The Solution","title_h1":false,"align_title":"center"}},"1645746456ef3f85af-1":{"type":"text","settings":{"enlarge_text":false,"text":"<p><br\/>The ecommerce market from a customer's viewpoint has always been more favorable to Cash On Delivery orders as compared to Prepaid Orders. However, for a growing brand, this is the Pandora's box of returns, cancellations, inventory management issues leading to overall huge loses. The answer is simple; incentivize consumers to place prepaid orders !<br\/><br\/>This is easier said than done. The transition is slow, the customers' lack of trust is evident and this in turn affects the Conversion Rate Optimisation, order shipments, returns, cancellations etc . Once a customer adds a product to their cart, and heads over to the Shopify checkout page, 81.08% of them will abandon the cart for various reasons.<br\/>Our customized Shopify Plus SOS Prepaid Incentivization solution helps increase checkouts and reduce returns by offering additional discounts to prepaid orders on Shopify. <br\/><br\/>The approach we use is to targets the customer's subconscious by offering them a little extra which in return helps increase the prepaid order shipment ratio to the COD purchases.<br\/><br\/>This feature does not require any disruptions in the buyer journey and works as a great last hook to convert the website visitor to a customer!<\/p>"}}},"block_order":["1645746456ef3f85af-0","1645746456ef3f85af-1"],"settings":{"backgound":"#14151b","text_color":"#ffffff","align_text":"left","narrow_column":true,"divider":false,"enable_spacing":false}},"1645746567ed9690e4":{"type":"rich-text","blocks":{"164574656778ba2470-0":{"type":"heading","settings":{"title":"How Does This Feature Work?","title_h1":false,"align_title":"center"}},"164574656778ba2470-1":{"type":"text","settings":{"enlarge_text":false,"text":"<p><strong><br\/>This solution can only be custom-built on Shopify Plus websites.<\/strong><br\/>The native Shopify checkout funnel includes 3 steps - <strong>Cart &gt; Information &gt; Payment.<\/strong><\/p><p>This solution is deployed on the last leg of the funnel, i.e., the payment page. This is generally where most online consumers drop off. We start building trust for the consumers by giving them a passive hook in the form of additional discount on prepaid orders. This discount is auto-calculated once the prepaid method of payment is chosen!<br\/><br\/><em>Tip - Announcing this discount with the help of various banners on the product listing page as well as in the cart, subtly re-enforces the value proposition throughout the buyer journey.<br\/><br\/><br\/><\/em><\/p>"}},"2b327da5-2c55-4385-983a-a3b5ddc1fb57":{"type":"button","settings":{"link":"https:\/\/forms.monday.com\/forms\/1f21d33f2cf5b306092689b5370b7412?r=use1","link_text":"Get Prepaid Incentivization","align_button":"center"}}},"block_order":["164574656778ba2470-0","164574656778ba2470-1","2b327da5-2c55-4385-983a-a3b5ddc1fb57"],"settings":{"backgound":"#ffffff","text_color":"#14151b","align_text":"left","narrow_column":true,"divider":false,"enable_spacing":true}},"1645746705fd0dba64":{"type":"rich-text","blocks":{"16457467052c6a94dd-0":{"type":"heading","settings":{"title":"Why Do We Need It?","title_h1":false,"align_title":"center"}},"16457467052c6a94dd-1":{"type":"text","settings":{"enlarge_text":false,"text":"<p><br\/>Our customized Shopify Plus SOS Prepaid Incentivization solution primarily aids with increasing reducing order returns caused by Cash On Delivery Mode of payment. We've witnessed the biggest digital shift in the past 2 years. However, this hasn't affected the brand trust factor responsible for majority purchases. The discounts for prepaid payments act as the final trigger in elevating the buyer's journey with an unexpected reward in the form of a discount. This sub-conscious delight helps the customer associate to the brand with a feeling of happiness and satisfaction, thereby building trust.<\/p><p>In a secondary capacity, this solution works as a great feature for increasing\/improving conversion rates across the website. If you own a Shopify Plus store, you must tend to receive enormous volumes of orders per day. This feature works like a charm in cutting out unnecessary logistical losses and helps build brand affinity.<\/p>"}}},"block_order":["16457467052c6a94dd-0","16457467052c6a94dd-1"],"settings":{"backgound":"#14151b","text_color":"#ffffff","align_text":"left","narrow_column":true,"divider":false,"enable_spacing":false}},"16457468007e4feed0":{"type":"text-columns","blocks":{"164574680029385df2-0":{"type":"text_block","settings":{"enable_image":true,"image":"shopify:\/\/shop_images\/xyxx-pi.jpg","image_width":650,"title":"","text":"","button_label":"","button_link":""}},"164574680029385df2-1":{"type":"text_block","settings":{"enable_image":true,"image":"shopify:\/\/shop_images\/mother-sparsh-pi.jpg","image_width":650,"title":"","text":"","button_label":"","button_link":""}}},"block_order":["164574680029385df2-0","164574680029385df2-1"],"settings":{"backgound":"#ffffff","text_color":"#14151b","title":"SPOTTED!!!!","text":"<p>Prepaid Incentivization as seen on...<\/p><p>A simple and effective <strong>Prepaid Incentivization<\/strong> solution for Shopify Plus stores that is focused on<br\/>creating a great user experience for the customers as well as <strong>reducing COD order returns<\/strong> while <strong>increasing prepaid orders<\/strong> on the online store.<\/p>","align_text":"center","divider":false,"enable_spacing":true}},"164574693167eea5ff":{"type":"rich-text","blocks":{"16457469317de5c06c-0":{"type":"heading","settings":{"title":"About Marmeto","title_h1":false,"align_title":"center"}},"16457469317de5c06c-1":{"type":"text","settings":{"enlarge_text":false,"text":"<p><strong>Marmeto is one of India's leading Shopify and Shopify Plus solution providers for all ecommerce stores <\/strong>with customized solutions. With everything centered around Shopify, we offer simplified ecommerce solutions ranging from building customized solutions & integrations for your Shopify website to building Shopify apps to Enterprise Solutions centered around Shopify! We have developed over <strong>900 Shopify websites, 60 Shopify Plus stores <\/strong>and have successful collaborations with an array of partner ranging from marketing to logistics domains.<br\/><strong>At Marmeto, there's a singular goal. To Simplify Ecommerce. Have you experienced it yet?<\/strong><\/p>"}}},"block_order":["16457469317de5c06c-0","16457469317de5c06c-1"],"settings":{"backgound":"#14151b","text_color":"#ffffff","align_text":"center","narrow_column":true,"divider":false,"enable_spacing":false}},"16457469812a2db1d6":{"type":"video-list","blocks":{"1645746981032cd302-0":{"type":"video_block","settings":{"image":"shopify:\/\/shop_images\/LP.jpg","video_id":"lThT2UIYI2c"}},"1645746981032cd302-1":{"type":"video_block","settings":{"image":"shopify:\/\/shop_images\/power_gummies_thumbnail.jpg","video_id":"eJRvXxCEh-A"}},"1645746981032cd302-2":{"type":"video_block","settings":{"image":"shopify:\/\/shop_images\/xyxx_thumbnail.jpg","video_id":"VGePZ-JkehQ"}},"1645746981032cd302-3":{"type":"video_block","settings":{"image":"shopify:\/\/shop_images\/epigamia.jpg","video_id":"anG0fUVKUHo&t=1s"}}},"block_order":["1645746981032cd302-0","1645746981032cd302-1","1645746981032cd302-2","1645746981032cd302-3"],"settings":{"backgound":"#ffffff","text_color":"#14151b","title":"Our Folio","text":"<p>Over the past few years, we've helped a lot of brands & business build and enhance their online presence.<br\/>Here's a glimpse of our latest work.<\/p>","align_text":"center","divider":false,"enable_spacing":true}}},"order":["main","1645783149e261a724","164574590128d7210b","16457459198d6a0fc7","16457463727b9f71e8","16457464561a611fe1","1645746567ed9690e4","1645746705fd0dba64","16457468007e4feed0","164574693167eea5ff","16457469812a2db1d6"]}