{"sections":{"main":{"type":"main-page","disabled":true,"settings":{}},"1646057761686a492a":{"type":"text-and-image","settings":{"image_width":700,"subtitle":"","title":"Image with text","enable_large_title":false,"text":"<p>Pair large text with an image to tell a story, explain a detail about your product, or describe a new promotion.<\/p>","button_label":"","button_link":"","button_style":"primary","align_text":"left","layout":"right","divider":false,"remove_top_spacing":false}},"1646057779604607d2":{"type":"text-columns","blocks":{"164605777935c43fe9-0":{"type":"text_block","settings":{"enable_image":true,"image_width":200,"title":"","text":"<p>Use this section to explain a set of product features, to link to a series of pages, or to answer common questions about your products. Add images for emphasis.<\/p>","button_label":"","button_link":""}},"164605777935c43fe9-1":{"type":"text_block","settings":{"enable_image":true,"image_width":200,"title":"","text":"<p>Use this section to explain a set of product features, to link to a series of pages, or to answer common questions about your products. Add images for emphasis.<\/p>","button_label":"","button_link":""}},"164605777935c43fe9-2":{"type":"text_block","settings":{"enable_image":true,"image_width":200,"title":"","text":"<p>Use this section to explain a set of product features, to link to a series of pages, or to answer common questions about your products. Add images for emphasis.<\/p>","button_label":"","button_link":""}},"fdb6aae0-9dea-4d31-9596-09a25eddc5d3":{"type":"text_block","settings":{"enable_image":true,"image_width":200,"title":"","text":"<p>Use this section to explain a set of product features, to link to a series of pages, or to answer common questions about your products. Add images for emphasis.<\/p>","button_label":"","button_link":""}}},"block_order":["164605777935c43fe9-0","164605777935c43fe9-1","164605777935c43fe9-2","fdb6aae0-9dea-4d31-9596-09a25eddc5d3"],"settings":{"title":"","text":"","align_text":"center","divider":false}},"1646057838f14f18e8":{"type":"rich-text","blocks":{"164605783815ed862a-0":{"type":"heading","settings":{"title":"Rich text","title_h1":false,"align_title":"center"}},"164605783815ed862a-1":{"type":"text","settings":{"enlarge_text":false,"text":"<p>Use this text to share information about your brand with your customers. <br\/>Describe a product, share announcements, or welcome customers to your store.<\/p>"}}},"block_order":["164605783815ed862a-0","164605783815ed862a-1"],"settings":{"backgound":"","text_color":"","align_text":"left","narrow_column":true,"divider":false,"enable_spacing":false}},"16460578748b6fb8c4":{"type":"rich-text","blocks":{"164605787458bfb4bd-0":{"type":"heading","settings":{"title":"Rich text","title_h1":false,"align_title":"center"}},"164605787458bfb4bd-1":{"type":"text","settings":{"enlarge_text":false,"text":"<p>Use this text to share information about your brand with your customers. <br\/>Describe a product, share announcements, or welcome customers to your store.<\/p>"}}},"block_order":["164605787458bfb4bd-0","164605787458bfb4bd-1"],"settings":{"backgound":"#ffffff","text_color":"#14151b","align_text":"left","narrow_column":true,"divider":false,"enable_spacing":true}},"1646057950b66b871d":{"type":"rich-text","blocks":{"16460579507ccb9476-0":{"type":"heading","settings":{"title":"Rich text","title_h1":false,"align_title":"center"}},"16460579507ccb9476-1":{"type":"text","settings":{"enlarge_text":false,"text":"<p>Use this text to share information about your brand with your customers. <br\/>Describe a product, share announcements, or welcome customers to your store.<\/p>"}}},"block_order":["16460579507ccb9476-0","16460579507ccb9476-1"],"settings":{"backgound":"","text_color":"","align_text":"left","narrow_column":true,"divider":false,"enable_spacing":false}},"1646057909d637e424":{"type":"rich-text","blocks":{"16460579095565e9cd-0":{"type":"heading","settings":{"title":"Rich text","title_h1":false,"align_title":"center"}},"16460579095565e9cd-1":{"type":"text","settings":{"enlarge_text":false,"text":"<p>Use this text to share information about your brand with your customers. <br\/>Describe a product, share announcements, or welcome customers to your store.<br\/><br\/><\/p>"}},"6b4c1108-e5a5-4200-b914-8e28f459a443":{"type":"button","settings":{"link":"","link_text":"Button","align_button":"center"}}},"block_order":["16460579095565e9cd-0","16460579095565e9cd-1","6b4c1108-e5a5-4200-b914-8e28f459a443"],"settings":{"backgound":"#ffffff","text_color":"#14151b","align_text":"left","narrow_column":true,"divider":false,"enable_spacing":true}},"1646058021f557a084":{"type":"text-columns","blocks":{"16460580211e6f8a19-0":{"type":"text_block","settings":{"enable_image":true,"image_width":650,"title":"","text":"","button_label":"","button_link":""}},"16460580211e6f8a19-1":{"type":"text_block","settings":{"enable_image":true,"image_width":650,"title":"","text":"","button_label":"","button_link":""}}},"block_order":["16460580211e6f8a19-0","16460580211e6f8a19-1"],"settings":{"title":"SPOTTED!!!!","text":"<p>Prepaid Incentivization as seen on...<\/p><p>A simple and effective <strong>Prepaid Incentivization<\/strong> solution for Shopify Plus stores that is focused on<br\/>creating a great user experience for the customers as well as <strong>reducing COD order returns<\/strong> while <strong>increasing prepaid orders<\/strong> on the online store.<\/p>","align_text":"center","divider":false}},"1646058066e09a96ee":{"type":"rich-text","blocks":{"16460580654999f25c-0":{"type":"heading","settings":{"title":"About Marmeto","title_h1":false,"align_title":"center"}},"16460580654999f25c-1":{"type":"text","settings":{"enlarge_text":false,"text":"<p><strong>Marmeto is one of India's leading Shopify and Shopify Plus solution providers for all ecommerce stores<\/strong>with customized solutions. With everything centered around Shopify, we offer simplified ecommerce solutions ranging from building customized solutions & integrations for your Shopify website to building Shopify apps to Enterprise Solutions centered around Shopify! We have developed over<strong>900 Shopify websites, 60 Shopify Plus stores<\/strong>and have successful collaborations with an array of partner ranging from marketing to logistics domains.<br\/><strong>At Marmeto, there's a singular goal. To Simplify Ecommerce. Have you experienced it yet?<\/strong>.<\/p>"}}},"block_order":["16460580654999f25c-0","16460580654999f25c-1"],"settings":{"backgound":"#ffffff","text_color":"#14151b","align_text":"center","narrow_column":true,"divider":false,"enable_spacing":true}},"1646058113abb0c415":{"type":"video-list","blocks":{"16460581137166ed50-0":{"type":"video_block","settings":{"image":"shopify:\/\/shop_images\/mCaffeine_ea90abdb-0910-4856-bff0-9c9bacbd4865.jpg","video_id":"lThT2UIYI2c"}},"16460581137166ed50-1":{"type":"video_block","settings":{"image":"shopify:\/\/shop_images\/power_gummies_thumbnail.jpg","video_id":"eJRvXxCEh-A"}},"16460581137166ed50-2":{"type":"video_block","settings":{"image":"shopify:\/\/shop_images\/xyxx_thumbnail.jpg","video_id":"VGePZ-JkehQ"}},"16460581137166ed50-3":{"type":"video_block","settings":{"image":"shopify:\/\/shop_images\/epigamia.jpg","video_id":"anG0fUVKUHo&t=1s"}}},"block_order":["16460581137166ed50-0","16460581137166ed50-1","16460581137166ed50-2","16460581137166ed50-3"],"settings":{"title":"Our Folio","text":"<p>Over the past few years, we've helped a lot of brands & business build and enhance their online presence.<br\/>Here's a glimpse of our latest work.<\/p>","align_text":"center","divider":false}}},"order":["main","1646057761686a492a","1646057779604607d2","1646057838f14f18e8","16460578748b6fb8c4","1646057950b66b871d","1646057909d637e424","1646058021f557a084","1646058066e09a96ee","1646058113abb0c415"]}