{"sections":{"main":{"type":"main-page","disabled":true,"settings":{}},"8e43357e-140e-4265-9092-d8318933dd63":{"type":"rich-text","blocks":{"template--16067274145962__8e43357e-140e-4265-9092-d8318933dd63-16760070275b5b015a-0":{"type":"heading","disabled":true,"settings":{"title":"New Store Development","title_h1":true,"align_title":"center"}},"template--16067274145962__8e43357e-140e-4265-9092-d8318933dd63-16760070275b5b015a-1":{"type":"text","disabled":true,"settings":{"enlarge_text":true,"text":"<p>Shopify is a commerce platform that allows anyone to set up an online store and sell their products. Shopify is now the leading commerce platform designed for businesses of all sizes. Whether you sell online, on social media, in store, or out of the trunk of your car, Shopify has you covered.<\/p>"}}},"block_order":["template--16067274145962__8e43357e-140e-4265-9092-d8318933dd63-16760070275b5b015a-0","template--16067274145962__8e43357e-140e-4265-9092-d8318933dd63-16760070275b5b015a-1"],"settings":{"backgound":"","text_color":"","align_text":"center","narrow_column":true,"divider":false,"enable_spacing":false}},"aec62eac-d344-4b89-9ed0-54ef180bb1cd":{"type":"contact-form-strip","disabled":true,"settings":{"section_heading":"Talk to your Store Development Expert","page_source":"new-store-development","spacing_top":0,"spacing_bottom":60}},"77140b96-dd51-4307-bd19-fbf61fc8a719":{"type":"background-image-text","disabled":true,"settings":{"subtitle":"","title":"","text":"<p>Your online store is an organic extension of your brand.<\/p>","button_label":"","button_link":"","image":"shopify:\/\/shop_images\/Banner_1_Final_2x-100_d974d1f2-0372-46d6-bab6-6b5da6a041cc.jpg","focal_point":"center","layout":"left","height":450,"parallax":false}},"758a34d5-b24d-4f6e-9d38-7a7d59bb8ac4":{"type":"rich-text","blocks":{"template--16067274145962__758a34d5-b24d-4f6e-9d38-7a7d59bb8ac4-16760070275b5b015a-0":{"type":"heading","settings":{"title":"Methods of Development","title_h1":false,"align_title":"center"}},"template--16067274145962__758a34d5-b24d-4f6e-9d38-7a7d59bb8ac4-16760070275b5b015a-1":{"type":"text","settings":{"enlarge_text":true,"text":"<p>There are multiple ways to get your online store up and running. However the two globally accepted and running methods are detailed below.<\/p>"}}},"block_order":["template--16067274145962__758a34d5-b24d-4f6e-9d38-7a7d59bb8ac4-16760070275b5b015a-0","template--16067274145962__758a34d5-b24d-4f6e-9d38-7a7d59bb8ac4-16760070275b5b015a-1"],"settings":{"backgound":"","text_color":"","align_text":"center","narrow_column":true,"divider":false,"enable_spacing":false}},"62459ab1-8019-4e5c-acaa-cc303ad279a9":{"type":"text-columns","blocks":{"template--16067274145962__62459ab1-8019-4e5c-acaa-cc303ad279a9-1676007195c74cac2f-0":{"type":"text_block","settings":{"enable_image":true,"image":"shopify:\/\/shop_images\/Theme_design_3x-100.jpg","image_width":650,"title":"Theme Based Development","text":"<p>Shopify theme-based development refers to the process of creating or customizing a theme on the Shopify platform to design and build an online store. Shopify themes are pre-built templates that can be customized with your branding, colors, and content to create a unique online store. Shopify themes can be designed by professional designers or purchased from the Shopify theme store.<br\/>Theme-based development involves using HTML, CSS, and JavaScript to modify the layout, style, and functionality of a Shopify theme. This can include adding new features, customizing existing features, or integrating third-party applications to enhance the functionality of your online store.<br\/><br\/>Some common tasks involved in Shopify theme-based development include:<\/p><ul><li>Customizing the layout and design of the theme to match your branding and visual style.<\/li><li>Adding or modifying features such as product pages, collections, navigation menus, and checkout pages.<\/li><li>Integrating third-party applications such as email marketing tools, social media widgets, or shipping calculators.<\/li><li>Optimizing the performance of the theme by minimizing page load times and optimizing images.<\/li><\/ul><p>Shopify theme-based development requires knowledge of HTML, CSS, JavaScript, and Liquid, which is Shopify's templating language. <\/p>","button_label":"Connect With Us","button_link":"https:\/\/webforms.salesmate.io\/webforms\/#\/751581ec-7a3b-48d5-aaf5-eb74a1f436c0","open_popup":true,"enquiry":"Theme Based Development"}},"template--16067274145962__62459ab1-8019-4e5c-acaa-cc303ad279a9-1676007195c74cac2f-1":{"type":"text_block","settings":{"enable_image":true,"image":"shopify:\/\/shop_images\/Custom_design_3x-100.jpg","image_width":650,"title":"Custom Development","text":"<p>Custom theme development on Shopify refers to the process of creating a unique, custom-designed theme for an online store using the Shopify platform. This involves creating a new theme from scratch or modifying an existing theme to match the specific needs and branding of a business.<br\/>Custom theme development typically involves the following steps:<\/p><ul><li>Requirements gathering: This involves understanding the needs and preferences of the business and its target audience, as well as identifying any technical requirements or limitations.<\/li><li>Design: This involves creating a visual design for the online store, including the layout, colors, typography, and other design elements.<\/li><li>Development: This involves using HTML, CSS, JavaScript, and Shopify's Liquid templating language to build the custom theme. This includes creating custom templates for pages, collections, and products, as well as integrating any third-party applications or functionality.<\/li><li>Testing: This involves testing the custom theme to ensure that it functions as intended, is compatible with different devices and browsers, and meets all requirements and specifications.<\/li><li>Launch: This involves launching the custom theme on the Shopify platform, configuring any settings or integrations, and making any necessary adjustments based on feedback and analytics.<br\/><br\/>Custom theme development on Shopify can be a complex process that requires technical expertise in web development, design, and Shopify's platform.<\/li><\/ul>","button_label":"Connect With Us","button_link":"https:\/\/webforms.salesmate.io\/webforms\/#\/719e8291-3b37-4360-9c21-7dd5e2731432","open_popup":true,"enquiry":"Custom Development"}}},"block_order":["template--16067274145962__62459ab1-8019-4e5c-acaa-cc303ad279a9-1676007195c74cac2f-0","template--16067274145962__62459ab1-8019-4e5c-acaa-cc303ad279a9-1676007195c74cac2f-1"],"settings":{"backgound":"","text_color":"","title":"","text":"","align_text":"center","divider":false,"enable_spacing":false}},"e22ebfe6-3368-4c3f-8a0d-285e95d1e758":{"type":"faq","blocks":{"template--16067274145962__e22ebfe6-3368-4c3f-8a0d-285e95d1e758-16760107387c3b634c-0":{"type":"question","settings":{"title":"What is covered in Theme Based Development?","text":"<p>Theme Based Development is opted for a faster go-to market. So we ensure that the development time is less here. We focus on integrations, minor tweaks across pages and necessary apps are configured to match functionalities.<\/p>","button_label":"","button_link":""}},"120c4f83-a83d-4127-9351-e62fea33d564":{"type":"question","settings":{"title":"What is covered in Custom Development?","text":"<p>Custom Development coveres the designed prototype from figma or photoshp files to be converted into actual working store. Native and custom integrations and choosing the right apps for certain features and functionalities are all a part of custom development.<br\/><br\/>Since they are made unique for each store it takes time to make such masterpieces.<\/p>","button_label":"","button_link":""}},"a73d9f5e-65b9-4527-9221-c572555800a8":{"type":"question","settings":{"title":"How is Theme Based Development and Custom Development different ?","text":"<p>Theme based development is just like moving with your lugage into a furnished house whereas custom development is getting an unfurnished house and making it functional as per your convenience.<\/p>","button_label":"","button_link":""}},"template--16067274145962__e22ebfe6-3368-4c3f-8a0d-285e95d1e758-16760107387c3b634c-1":{"type":"question","settings":{"title":"How is your development different from another agencies?","text":"<p>We offer a team that is qualified to solve your technology problems. We offer an ecosystem that has been soving niche probelms of the commerce space from last 6 years.  We are preferred by most enterprises and high volume DTC brands because of our validations of solutions done on the platforms and that brings trust in us and robustness in our solutions.<\/p>","button_label":"","button_link":""}},"47379e15-40ea-4382-b183-d688b68bd069":{"type":"question","settings":{"title":"What are your work timings?","text":"<p>Starts from 10:00 am and goes till 7:00 pm. Monday to Friday.<\/p>","button_label":"","button_link":""}}},"block_order":["template--16067274145962__e22ebfe6-3368-4c3f-8a0d-285e95d1e758-16760107387c3b634c-0","120c4f83-a83d-4127-9351-e62fea33d564","a73d9f5e-65b9-4527-9221-c572555800a8","template--16067274145962__e22ebfe6-3368-4c3f-8a0d-285e95d1e758-16760107387c3b634c-1","47379e15-40ea-4382-b183-d688b68bd069"],"settings":{"title":"FAQs","divider":false}},"b7d07429-9735-4b31-a2fc-1c782568a016":{"type":"contact-form-strip","settings":{"section_heading":"Get Your Engagement Plan","page_source":"retainer-engagements","spacing_top":0,"spacing_bottom":0}}},"order":["main","8e43357e-140e-4265-9092-d8318933dd63","aec62eac-d344-4b89-9ed0-54ef180bb1cd","77140b96-dd51-4307-bd19-fbf61fc8a719","758a34d5-b24d-4f6e-9d38-7a7d59bb8ac4","62459ab1-8019-4e5c-acaa-cc303ad279a9","e22ebfe6-3368-4c3f-8a0d-285e95d1e758","b7d07429-9735-4b31-a2fc-1c782568a016"]}