{"sections":{"main":{"type":"main-page","disabled":true,"settings":{}},"1645783775596410ab":{"type":"text-strip","settings":{"narrow_column":true,"backgound":"#e3ff53","text_color":"#14151b","align_text":"center","title":"A Shopify Plus Solution"}},"1645741914d5a670d5":{"type":"text-and-image","settings":{"image":"shopify:\/\/shop_images\/2-step-checkout.jpg","image_width":700,"subtitle":"Reduce Checkout Abandonment with","title":"Two step checkout feature!","enable_large_title":true,"text":"<p><strong>Increase conversions by up to 35%<\/strong>& avoid checkout drops with our custom built <strong>\"2-step checkout\" <\/strong>feature on your <strong>Shopify Plus <\/strong>website.<\/p>","button_label":"Get Two Step Checkout","button_link":"https:\/\/forms.monday.com\/forms\/1f21d33f2cf5b306092689b5370b7412?r=use1","button_style":"primary","align_text":"left","layout":"right","divider":false,"remove_top_spacing":false}},"16457421915f186127":{"type":"text-columns","blocks":{"164574219106fcde82-0":{"type":"text_block","settings":{"enable_image":true,"image":"shopify:\/\/shop_images\/Revenue_Growth.png","image_width":200,"title":"","text":"<p>Driving Incremental Sales On Your Ecommerce Store<\/p>","button_label":"","button_link":""}},"164574219106fcde82-1":{"type":"text_block","settings":{"enable_image":true,"image":"shopify:\/\/shop_images\/Abandoned_Carts.png","image_width":200,"title":"","text":"<p>Reduced Abandoned Carts in the Checkout Process<\/p>","button_label":"","button_link":""}},"164574219106fcde82-2":{"type":"text_block","settings":{"enable_image":true,"image":"shopify:\/\/shop_images\/Acquisition.png","image_width":200,"title":"","text":"<p>Increased Customer Acquisition<\/p>","button_label":"","button_link":""}},"f29c9576-2070-4238-a4da-be346ee76576":{"type":"text_block","settings":{"enable_image":true,"image":"shopify:\/\/shop_images\/Customer_Loyalty.png","image_width":200,"title":"","text":"<p>Increased Customer Loyalty and Brand Affinity<\/p>","button_label":"","button_link":""}}},"block_order":["164574219106fcde82-0","164574219106fcde82-1","164574219106fcde82-2","f29c9576-2070-4238-a4da-be346ee76576"],"settings":{"backgound":"","text_color":"","title":"","text":"","align_text":"center","divider":false,"enable_spacing":false}},"16457426205d528c72":{"type":"rich-text","blocks":{"164574262018119aa7-0":{"type":"heading","settings":{"title":"The Problem","title_h1":false,"align_title":"center"}},"164574262018119aa7-1":{"type":"text","settings":{"enlarge_text":false,"text":"<p><br\/>- How do we increase the customer acquisition percentage?<br\/>- How do we reduce checkout abandonment?<br\/>- What can I do to boost sales and conversions on my Shopify Plus store?<br\/>- How do we capitalize on impulse purchases?<\/p><p>In the ecommerce landscape, many-a-problems arise due to an ineffective or outdated checkout process. Did you know that <a href=\"https:\/\/sleeknote.com\/blog\/cart-abandonment-statistics\"><strong>checkout optimizations can increase conversions by 35%?<\/strong><\/a><strong> <\/strong>From unexpected additional fees to extensive form fields, from security concerns to lack of preferred payment methods, basic conventional checkout processes are riddled with friction leading to abandoned checkouts. Did you know that <a href=\"https:\/\/sleeknote.com\/blog\/cart-abandonment-statistics\"><strong>the average abandoned cart rate across industries is 70%?<\/strong><\/a> Which means, on an average only 30% of \"Add-To-Cart\" consumers take the next step towards \"Checkout\". With an unoptimized checkout, the chances of a purchase in this scenario are slim!<br\/><br\/>This is where our <strong>\"2-Step Checkout\"<\/strong> solution comes in!<\/p>"}}},"block_order":["164574262018119aa7-0","164574262018119aa7-1"],"settings":{"backgound":"","text_color":"","align_text":"left","narrow_column":true,"divider":false,"enable_spacing":false}},"16457427590d070b26":{"type":"rich-text","blocks":{"1645742759a46d4a52-0":{"type":"heading","settings":{"title":"The Solution","title_h1":false,"align_title":"center"}},"1645742759a46d4a52-1":{"type":"text","settings":{"enlarge_text":false,"text":"<p><br\/>No matter how amazing your products are, if the checkout process is too long, you will see a relatively high checkout abandonment rate. Luckily, Shopify has a very neat checkout process that is divided into 3 steps. However, it can be optimized further.<br\/><br\/>Consider this - <strong>If only 30% \"Add-To-Carts\" on an average make it to checkout, the less the friction ahead, the more the chances of complete conversions. <\/strong>For a customer who has clicked \"Checkout\", contemplation on buying the product with a basic level on intent has started taking roots. At this stage, assuming you have no hidden costs or security issues, you'll find 2 types of buyers. <strong>Contemplative buyers & Impulsive \/ Impatient buyers<\/strong>. The former will not be very bothered with slight friction as long as there is a straightforward path. The latter however will react to the slightest discomfort in the checkout process and change their mind or get put off. <strong>For such a buyer, a lengthy checkout process is friction<\/strong>.<br\/><br\/>Our customized solution removes this friction and irons out the wrinkles by <strong>turning Shopify's 3-Step Checkout to 2-Step Checkout on your Shopify Plus website!<\/strong><\/p>"}}},"block_order":["1645742759a46d4a52-0","1645742759a46d4a52-1"],"settings":{"backgound":"#ffffff","text_color":"#14151b","align_text":"left","narrow_column":true,"divider":false,"enable_spacing":true}},"1645742888229c0ffc":{"type":"rich-text","blocks":{"1645742888f9207717-0":{"type":"heading","settings":{"title":"How Does This Feature Work?","title_h1":false,"align_title":"center"}},"1645742888f9207717-1":{"type":"text","settings":{"enlarge_text":false,"text":"<p><strong><br\/>This solution can only be custom-built on Shopify Plus websites.<\/strong><br\/>The native Shopify checkout funnel includes 3 steps - <strong>Information &gt; Shipping &gt; Payment.<br\/><br\/><\/strong>This solution is deployed on the checkout pages. We merge the Shipping info with the Payment page thereby eliminating one click in the process.  <strong>Our 2-step checkout funnel for Shopify Plus includes 2 steps - Information &gt; Payment. <\/strong>One step lesser towards checkout = an incremental increase in website conversions.<br\/><br\/><em>Tip - Do make sure that there are no hidden shipping costs. This will help build brand trust & customer loyalty.<br\/><br\/><br\/><\/em><\/p>"}},"5e5b2717-fb9d-4e26-8edd-d82692836b5f":{"type":"button","settings":{"link":"https:\/\/forms.monday.com\/forms\/1f21d33f2cf5b306092689b5370b7412?r=use1","link_text":"Get Two Step Checkout","align_button":"center"}}},"block_order":["1645742888f9207717-0","1645742888f9207717-1","5e5b2717-fb9d-4e26-8edd-d82692836b5f"],"settings":{"backgound":"","text_color":"","align_text":"left","narrow_column":true,"divider":false,"enable_spacing":false}},"16457430663476b4de":{"type":"rich-text","blocks":{"16457430666f1ec75f-0":{"type":"heading","settings":{"title":"Why Do We Need It?","title_h1":false,"align_title":"center"}},"16457430666f1ec75f-1":{"type":"text","settings":{"enlarge_text":false,"text":"<p><br\/>7 out of every 10 visitors leave checkout without completing their purchase. Checkout abandonment is a common challenge that ecommerce brands across the board struggle with. If you're having a hard time converting website visitors to buyers, you're not alone in this journey! <br\/><br\/><a href=\"https:\/\/www.invespcro.com\/blog\/the-average-website-conversion-rate-by-industry\/\"><strong>The average conversion rate is 2.86% globally.<\/strong> <\/a>This number significantly reduces further with a lengthy and unoptimized checkout process. If the checkout process posses friction to the buyer, the chances of new customer acquisition and brand affinity decrease considerably.<br\/><br\/>The 2-step checkout process removes friction by making the checkout process more seamless at a very crucial stage in the purchase funnel.<\/p>"}}},"block_order":["16457430666f1ec75f-0","16457430666f1ec75f-1"],"settings":{"backgound":"#ffffff","text_color":"#14151b","align_text":"left","narrow_column":true,"divider":false,"enable_spacing":true}},"164574317349682453":{"type":"text-columns","blocks":{"164574317338b70bfb-0":{"type":"text_block","settings":{"enable_image":true,"image":"shopify:\/\/shop_images\/mother-sparsh.jpg","image_width":650,"title":"","text":"","button_label":"","button_link":""}},"164574317338b70bfb-1":{"type":"text_block","settings":{"enable_image":true,"image":"shopify:\/\/shop_images\/xyxx.jpg","image_width":650,"title":"","text":"","button_label":"","button_link":""}}},"block_order":["164574317338b70bfb-0","164574317338b70bfb-1"],"settings":{"backgound":"","text_color":"","title":"SPOTTED!!!!","text":"<p>2-Step Checkout as seen on...<\/p><p>A simple and effective <strong>2-Step Checkout<\/strong> solution for Shopify Plus stores that is focused on <br\/><strong>reducing abandoned checkouts and increasing conversions & new customer acquisition<\/strong> on your online store.<\/p>","align_text":"center","divider":false,"enable_spacing":false}},"1645743496125c0158":{"type":"rich-text","blocks":{"16457434967efe9729-0":{"type":"heading","settings":{"title":"About Marmeto","title_h1":false,"align_title":"center"}},"16457434967efe9729-1":{"type":"text","settings":{"enlarge_text":false,"text":"<p><strong>Marmeto is one of India's leading Shopify and Shopify Plus solution providers for all ecommerce stores<\/strong>with customized solutions. With everything centered around Shopify, we offer simplified ecommerce solutions ranging from building customized solutions & integrations for your Shopify website to building Shopify apps to Enterprise Solutions centered around Shopify! We have developed over<strong>900 Shopify websites, 60 Shopify Plus stores<\/strong>and have successful collaborations with an array of partner ranging from marketing to logistics domains.<br\/><strong>At Marmeto, there's a singular goal. To Simplify Ecommerce. Have you experienced it yet?<\/strong><\/p>"}}},"block_order":["16457434967efe9729-0","16457434967efe9729-1"],"settings":{"backgound":"#ffffff","text_color":"#14151b","align_text":"center","narrow_column":true,"divider":false,"enable_spacing":true}},"164574354114cc831f":{"type":"video-list","blocks":{"16457435418e7f5b87-0":{"type":"video_block","settings":{"image":"shopify:\/\/shop_images\/LP.jpg","video_id":"lThT2UIYI2c"}},"16457435418e7f5b87-1":{"type":"video_block","settings":{"image":"shopify:\/\/shop_images\/power_gummies_thumbnail.jpg","video_id":"eJRvXxCEh-A"}},"16457435418e7f5b87-2":{"type":"video_block","settings":{"image":"shopify:\/\/shop_images\/xyxx_thumbnail.jpg","video_id":"VGePZ-JkehQ"}},"16457435418e7f5b87-3":{"type":"video_block","settings":{"image":"shopify:\/\/shop_images\/epigamia.jpg","video_id":"anG0fUVKUHo&t=1s"}}},"block_order":["16457435418e7f5b87-0","16457435418e7f5b87-1","16457435418e7f5b87-2","16457435418e7f5b87-3"],"settings":{"backgound":"","text_color":"","title":"Our Folio","text":"<p>Over the past few years, we've helped a lot of brands & business build and enhance their online presence.<br\/>Here's a glimpse of our latest work.<\/p>","align_text":"center","divider":false,"enable_spacing":false}}},"order":["main","1645783775596410ab","1645741914d5a670d5","16457421915f186127","16457426205d528c72","16457427590d070b26","1645742888229c0ffc","16457430663476b4de","164574317349682453","1645743496125c0158","164574354114cc831f"]}