{"sections":{"main":{"type":"main-page","disabled":true,"settings":{}},"b2d00147-b0af-44fc-ae89-9e5bee3d958e":{"type":"custom-contact-form","settings":{"title":"<p>Need help with E-commerce development<\/p>","text":"<p>Reach out to us<\/p>","howdidyouhear_content":"Platform Migration, Shopify UI\/UX Revamp, Performance Optimization, Shopify Maintenance, Shopify Feature Development, Shopify App Development, E-Commerce Mobile App Development, BigCommerce Store Development, BigCommerce App Development, B2B Partnerships"}}},"order":["main","b2d00147-b0af-44fc-ae89-9e5bee3d958e"]}