{"sections":{"main":{"type":"main-page","disabled":true,"settings":{}},"16444067272a9e696c":{"type":"rich-text","blocks":{"16444067279cf615da-0":{"type":"heading","settings":{"title":"Blackberrys","title_h1":true}},"16444067279cf615da-1":{"type":"text","settings":{"enlarge_text":false,"text":"<p>Use this text to share information about your brand with your customers. <br\/>Describe a product, share announcements, or welcome customers to your store.<\/p>"}}},"block_order":["16444067279cf615da-0","16444067279cf615da-1"],"settings":{"align_text":"center","narrow_column":true,"divider":false}},"164440708225b8ed3c":{"type":"hero-video","settings":{"title":"","title_size":80,"subheading":"","link_text":"","link":"","text_align":"vertical-center horizontal-center","video_url":"https:\/\/www.youtube.com\/watch?v=oEVar1rAz84","overlay_opacity":0,"section_height":"16-9","mobile_height":"auto"}},"164440735120765b18":{"type":"advanced-content","blocks":{"16444073510234ed43-1":{"type":"liquid","settings":{"code":"<h2>Services<\/h2>\n<ul>\n<li>Design & UX<\/li>\n<li>Development<\/li>\n<li>Support<\/li>\n<li>Ongoing Success<\/li>\n<\/ul>","width":"33%","alignment":"top-middle"}},"1cd81bdf-684a-4434-8aff-9fb3c6be81e2":{"type":"liquid","settings":{"code":"<h2>Integrations<\/h2>\n<ul>\n<li>Order Ease<\/li>\n<li>Return Prime<\/li>\n<li>Klaviyo<\/li>\n<li>Judge.Me Reviews<\/li>\n<\/ul>","width":"33%","alignment":"center"}}},"block_order":["16444073510234ed43-1","1cd81bdf-684a-4434-8aff-9fb3c6be81e2"],"settings":{"full_width":false,"centered_content":false,"space_around":true}},"1644408037d5a288ce":{"type":"image-grids","blocks":{"16444080375573e2a9-0":{"type":"image","settings":{"image_link":"","title":"","focal_point":"center center","size":"square-large"}},"16444080375573e2a9-1":{"type":"image","settings":{"image_link":"","title":"","focal_point":"center center","size":"square-large"}},"491188e0-1778-40ff-990a-f53835965f59":{"type":"image","settings":{"image_link":"","title":"","focal_point":"center center","size":"square-large"}},"59ef0a74-6c8b-4fcf-9ef0-b4b66fd40055":{"type":"image","settings":{"image_link":"","title":"","focal_point":"center center","size":"square-large"}}},"block_order":["16444080375573e2a9-0","16444080375573e2a9-1","491188e0-1778-40ff-990a-f53835965f59","59ef0a74-6c8b-4fcf-9ef0-b4b66fd40055"],"settings":{"title":"","divider":false,"enable_gutter":true}},"16444080448f036bb9":{"type":"advanced-content","blocks":{"1644408044f8ffa23a-0":{"type":"image","settings":{"image":"shopify:\/\/shop_images\/RahulSonone.jpg","link":"","width":"33%","alignment":"center"}},"1644408044f8ffa23a-1":{"type":"liquid","settings":{"code":"<h4>\"Marmeto team is not only good technically, but it is also good at giving sound business advice for your e-commerce business.\"\n<\/h4>\n\n<p>They work as your extended arm of the company and are fully invested as long as they are working for any client. They are prompt for general escalations and try to solve the problem from the root rather than giving cosmetic solutions. We at Qtrove.com have been their earliest customers and it’s good to see them grow on the basis of pure referrals. We wish them all the best and let the world be their oyster. Success and kudos to the entire Marmeto team.<\/p>\n\n<h5>\nVinamra Pandiya\n<p>Founder & CEO, Qtrove<\/p>\n<\/h5>","width":"50%","alignment":"center"}}},"block_order":["1644408044f8ffa23a-0","1644408044f8ffa23a-1"],"settings":{"full_width":false,"centered_content":true,"space_around":true}}},"order":["main","16444067272a9e696c","164440708225b8ed3c","164440735120765b18","1644408037d5a288ce","16444080448f036bb9"]}