{"sections":{"08b6e55c-03b9-46b1-b874-e80e95337614":{"type":"campaign-image-banner","settings":{"Campaign_banner_image":"shopify:\/\/shop_images\/linkedin-hero.png","Campaign_banner_small_img":"shopify:\/\/shop_images\/image_5_1.png","Campaign_banner_image_heading":"Convert at the Speed of Light","Campaign_banner_image_richtext":"<p>Partner with Marmeto to marry the best in class strategic solutions  with advanced Shopify expertise and get conversions at the<em> Speed of Ligh<\/em>t.<\/p>","Campaign_banner_image_link":"#google-form","Campaign_banner_image_link_text":"Let's Talk","padding_top":0,"padding_bottom":0}},"5937653c-af38-4176-bc68-d8e5d8a16b32":{"type":"section-brands","blocks":{"3f2a6491-294e-4b73-9a71-edafe1d459e9":{"type":"Logo","settings":{"image_picker":"shopify:\/\/shop_images\/Icon-3_2x-8.png"}},"87d838e2-b172-49de-a402-dc9f8cc797aa":{"type":"Logo","settings":{"image_picker":"shopify:\/\/shop_images\/Icon-10_2x-8.png"}},"62386b04-cae4-4e4c-9b71-28cc971d2833":{"type":"Logo","settings":{"image_picker":"shopify:\/\/shop_images\/Icon-2_2x-8.png"}},"412c2d66-a862-447b-bf41-d053d3a5a6c5":{"type":"Logo","settings":{"image_picker":"shopify:\/\/shop_images\/Icon-14_2x-8.png"}},"284a5666-7ece-450c-ad79-a84f48ed2f97":{"type":"Logo","settings":{"image_picker":"shopify:\/\/shop_images\/Icon-6_2x-8.png"}},"95043840-77e7-41d6-a56c-6437e38d6ac2":{"type":"Logo","settings":{"image_picker":"shopify:\/\/shop_images\/Icon-7_2x-8.png"}},"7fe4b20c-cd53-45a9-8985-8ff3f020baec":{"type":"Logo","settings":{"image_picker":"shopify:\/\/shop_images\/Icon-8_2x-8.png"}},"6b8ac151-116d-4082-8899-acede0b401ac":{"type":"Logo","settings":{"image_picker":"shopify:\/\/shop_images\/Icon-4_2x-8.png"}},"ca49d9fc-8244-49d2-a14b-699e3d8b6db7":{"type":"Logo","settings":{"image_picker":"shopify:\/\/shop_images\/Icon-12_2x-8.png"}},"01796bbe-5da0-4022-b996-f66d62a4e402":{"type":"Logo","settings":{"image_picker":"shopify:\/\/shop_images\/Icon-9_2x-8.png"}}},"block_order":["3f2a6491-294e-4b73-9a71-edafe1d459e9","87d838e2-b172-49de-a402-dc9f8cc797aa","62386b04-cae4-4e4c-9b71-28cc971d2833","412c2d66-a862-447b-bf41-d053d3a5a6c5","284a5666-7ece-450c-ad79-a84f48ed2f97","95043840-77e7-41d6-a56c-6437e38d6ac2","7fe4b20c-cd53-45a9-8985-8ff3f020baec","6b8ac151-116d-4082-8899-acede0b401ac","ca49d9fc-8244-49d2-a14b-699e3d8b6db7","01796bbe-5da0-4022-b996-f66d62a4e402"],"settings":{"heading_text":"Trusted by Leading Brands","padding_top":80,"padding_bottom":80}},"main":{"type":"main-page","disabled":true,"settings":{}},"cd8dd819-25ba-428d-b3ba-9ea8b2e41215":{"type":"rich-text-campaign","blocks":{"template--16145308352682__cd8dd819-25ba-428d-b3ba-9ea8b2e41215-168562793916eb2012-0":{"type":"heading","settings":{"title":"<p>You make the decisions.<br\/>Our experts will do the work.<\/p>","title_h1":false,"align_title":"center"}},"template--16145308352682__cd8dd819-25ba-428d-b3ba-9ea8b2e41215-168562793916eb2012-1":{"type":"text","disabled":true,"settings":{"enlarge_text":true,"text":"<p>Use this text to share information about your brand with your customers. Describe a product, share announcements, or welcome customers to your store.<\/p>"}}},"block_order":["template--16145308352682__cd8dd819-25ba-428d-b3ba-9ea8b2e41215-168562793916eb2012-0","template--16145308352682__cd8dd819-25ba-428d-b3ba-9ea8b2e41215-168562793916eb2012-1"],"custom_css":[".richtext-block {max-width: 595px; margin: auto;}","@media only screen and (max-width: 778px) {.richtext-block {max-width: 260px; margin: auto; }}"],"settings":{"backgound":"","text_color":"","align_text":"center","narrow_column":true,"divider":false,"enable_spacing":false,"richtext_custom_classes":"linkedin","padding_top":0,"padding_bottom":38}},"d24d7a0a-5642-4d1e-b6e2-f4393daaadd1":{"type":"flickity-slider","blocks":{"0176bfea-9e2b-4866-9234-3d5d68b628cc":{"type":"flickity-blocks","settings":{"flickity_block_heading":"Conversion Rate Optimisation","flickity_block_subheading":"<p>Our experts don't just design to Convert, they design to Retain. They'll get you the conversions your products deserve.<\/p>","flickity_block_image":"shopify:\/\/shop_images\/1_03b1c677-5911-4185-a5bc-7027d0bdb284.png","flickity_block_link":"#google-form","flickity_block_link_text":"Let's talk →"}},"7165d72a-eaae-4c2e-8359-64e73b970071":{"type":"flickity-blocks","settings":{"flickity_block_heading":"Platform Migration","flickity_block_subheading":"<p>Our experts will help you smoothly migrate to the promised land of Shopify Plus - we'll do the heavy lifting while you sit back and enjoy the migration show.<\/p>","flickity_block_image":"shopify:\/\/shop_images\/4_080ddcfd-88e4-4360-84df-47b068b70ff1.png","flickity_block_link":"#google-form","flickity_block_link_text":"Let's talk →"}},"601469b8-ebcd-4400-ab82-4560ffce1c30":{"type":"flickity-blocks","settings":{"flickity_block_heading":"Performance Optimisation","flickity_block_subheading":"<p>With a combination of tricks up our sleeves, we'll ensure your online store performs at its absolute best, always ready for the festive. <\/p>","flickity_block_image":"shopify:\/\/shop_images\/3_e3ca9abe-39af-48be-9436-660aac028950.png","flickity_block_link":"#google-form","flickity_block_link_text":"Let's talk →"}},"90c2ba54-8bb2-42c9-9136-162352aebdb4":{"type":"flickity-blocks","settings":{"flickity_block_heading":"Third Party Integration","flickity_block_subheading":"<p>Any integration you desire - our experts will ensure your online store and third-party apps hold hands, exchange data, and dance together in perfect harmony.<\/p>","flickity_block_image":"shopify:\/\/shop_images\/5_ccc4053d-d73c-4e91-9c00-c03160f54150.png","flickity_block_link":"#google-form","flickity_block_link_text":"Let's talk →"}},"11edaaa6-273d-4975-adc5-450eac16f3fb":{"type":"flickity-blocks","settings":{"flickity_block_heading":"Checkout Customization","flickity_block_subheading":"<p>Smoothly migarte your brand to the promised land of Shopify Plus. We'll handle the heavy lifting while you sit back and enjoy the migration show.<\/p>","flickity_block_image":"shopify:\/\/shop_images\/2_059ad6e3-23e9-4fd1-9325-1383fdf738b1.png","flickity_block_link":"#google-form","flickity_block_link_text":"Let's talk →"}},"4742ba7f-6ef6-450c-b02a-c9b149d3ddb2":{"type":"flickity-blocks","settings":{"flickity_block_heading":"Performance Optimisation","flickity_block_subheading":"<p>Smoothly migarte your brand to the promised land of Shopify Plus. We'll handle the heavy lifting while you sit back and enjoy the migration show.<\/p>","flickity_block_image":"shopify:\/\/shop_images\/6_00f3f3fe-0df0-49f1-8fe6-d516cc4cb0fc.png","flickity_block_link":"#google-form","flickity_block_link_text":"Let's talk →"}}},"block_order":["0176bfea-9e2b-4866-9234-3d5d68b628cc","7165d72a-eaae-4c2e-8359-64e73b970071","601469b8-ebcd-4400-ab82-4560ffce1c30","90c2ba54-8bb2-42c9-9136-162352aebdb4","11edaaa6-273d-4975-adc5-450eac16f3fb","4742ba7f-6ef6-450c-b02a-c9b149d3ddb2"],"settings":{"padding_top":0,"padding_bottom":0}},"e786acf6-2b3a-4816-b9ea-c74d89e1273e":{"type":"image-with-text","blocks":{"2c5a9a76-ef01-4bbe-9626-7a3df5132696":{"type":"text","settings":{"title":"Store Audit","text":"<p>Get recommendations to optimize your store's performance and profitability based on a thorough assessment.<\/p><p><a href=\"#google-form\">→ Talk to an expert<\/a><\/p>","subtitle":"","align_text":"left","align_text_mobile":"left"}},"7f5802df-28ab-46a5-b7b4-06a2bf0b0f40":{"type":"text","settings":{"title":"Custom Plans","text":"<p>Get a personalized ecommerce strategy that aligns with your vision and maximizes your online success.<\/p><p><a href=\"#google-form\" title=\"#google-form\">→ Talk to an expert<\/a><\/p>","subtitle":"","align_text":"left","align_text_mobile":"left"}}},"block_order":["2c5a9a76-ef01-4bbe-9626-7a3df5132696","7f5802df-28ab-46a5-b7b4-06a2bf0b0f40"],"settings":{"image":"shopify:\/\/shop_images\/Screenshot_2023-06-05_at_10.20.14_PM.png","layout":"left","padding_top":65,"padding_bottom":0}},"15a4371f-9c95-4da5-b3f8-6a3cef616f7e":{"type":"image-with-text","blocks":{"192b3f76-6429-458e-9b86-218524dd34b9":{"type":"text","settings":{"title":"CX Optimization","text":"<p>Create memorable and seamless interactions that delight your customers, build loyalty, and drive long-term growth.<\/p><p><a href=\"#google-form\" title=\"#google-form\">→ Talk to an expert<\/a><\/p>","subtitle":"","align_text":"left","align_text_mobile":"left"}},"46fccdd5-0287-428c-8bb0-aaaae14c5d59":{"type":"text","settings":{"title":"Custom Apps","text":"<p>Transform your wildest ideas into reality -from enhancing product recommendations to automation.<\/p><p><a href=\"#google-form\">→ Talk to an expert<\/a><\/p>","subtitle":"","align_text":"left","align_text_mobile":"left"}}},"block_order":["192b3f76-6429-458e-9b86-218524dd34b9","46fccdd5-0287-428c-8bb0-aaaae14c5d59"],"settings":{"image":"shopify:\/\/shop_images\/Custom_plans_2x-100.jpg","layout":"row-reverse","padding_top":0,"padding_bottom":55}},"c7addba3-9327-46e1-ad0f-5ef1897126b7":{"type":"section-brands","disabled":true,"blocks":{"7eda146d-3796-4401-92de-4c04111319c4":{"type":"Logo","settings":{"image_picker":"shopify:\/\/shop_images\/superkicks_3x-100superkicks-removebg-preview.png"}},"8fe54110-de03-401c-957c-333a3efed01a":{"type":"Logo","settings":{"image_picker":"shopify:\/\/shop_images\/prima_world_3x-100prima-removebg-preview.png"}},"a2c33a60-a4e6-4f72-bcd9-75e021c676df":{"type":"Logo","settings":{"image_picker":"shopify:\/\/shop_images\/superkicks_3x-100__1_-removebg-preview_5b6c17a8-3001-4633-9464-f183a97b8200.png"}},"2f8210f3-f0a3-451f-a1cd-6d634f0ba1d5":{"type":"Logo","settings":{"image_picker":"shopify:\/\/shop_images\/Koskii_3x-100koskii-removebg-preview.png"}},"4fb7bcc2-a662-4651-8cf0-fc4e2934af41":{"type":"Logo","settings":{"image_picker":"shopify:\/\/shop_images\/birkenstock_3x-100birkenstock-removebg-preview.png"}},"37d91212-aa8b-44f4-bfff-7227c428580a":{"type":"Logo","settings":{"image_picker":"shopify:\/\/shop_images\/jadeblue_3x-100jadeblue-removebg-preview.png"}},"5a051105-2d4a-4726-80fc-a92ca84fb418":{"type":"Logo","settings":{"image_picker":"shopify:\/\/shop_images\/dermatouch_3x-100dermatouch-removebg-preview.png"}},"a7ddcd87-38f5-40e3-8e1d-e66700158d62":{"type":"Logo","settings":{"image_picker":"shopify:\/\/shop_images\/crozzo_3x-100crozzo-removebg-preview.png"}},"d4251e4c-b013-4189-b0cf-6a56a8881dd2":{"type":"Logo","settings":{"image_picker":"shopify:\/\/shop_images\/mellowdrama_3x-100mellodrama-removebg-preview.png"}},"bd2537e6-0667-49cf-a2df-9e26feed7b0c":{"type":"Logo","settings":{"image_picker":"shopify:\/\/shop_images\/Delixirs_3x-100delixirs-removebg-preview.png"}}},"block_order":["7eda146d-3796-4401-92de-4c04111319c4","8fe54110-de03-401c-957c-333a3efed01a","a2c33a60-a4e6-4f72-bcd9-75e021c676df","2f8210f3-f0a3-451f-a1cd-6d634f0ba1d5","4fb7bcc2-a662-4651-8cf0-fc4e2934af41","37d91212-aa8b-44f4-bfff-7227c428580a","5a051105-2d4a-4726-80fc-a92ca84fb418","a7ddcd87-38f5-40e3-8e1d-e66700158d62","d4251e4c-b013-4189-b0cf-6a56a8881dd2","bd2537e6-0667-49cf-a2df-9e26feed7b0c"],"settings":{"heading_text":"Trusted by leading brands","padding_top":100,"padding_bottom":80}},"7ca226da-aa57-45e6-a6af-4b56c659d16b":{"type":"rich-text-campaign","blocks":{"template--16147738951850__7ca226da-aa57-45e6-a6af-4b56c659d16b-1685873088955a4fcc-0":{"type":"heading","settings":{"title":"<p>Hear it from our clients<\/p>","title_h1":false,"align_title":"center"}},"template--16147738951850__7ca226da-aa57-45e6-a6af-4b56c659d16b-1685873088955a4fcc-1":{"type":"text","disabled":true,"settings":{"enlarge_text":true,"text":"<p>Use this text to share information about your brand with your customers. Describe a product, share announcements, or welcome customers to your store.<\/p>"}}},"block_order":["template--16147738951850__7ca226da-aa57-45e6-a6af-4b56c659d16b-1685873088955a4fcc-0","template--16147738951850__7ca226da-aa57-45e6-a6af-4b56c659d16b-1685873088955a4fcc-1"],"settings":{"backgound":"","text_color":"#42ff33","align_text":"center","narrow_column":true,"divider":false,"enable_spacing":false,"richtext_custom_classes":"linkedin","padding_top":0,"padding_bottom":0}},"de00658f-43f0-49e3-9547-38f2515cf0c5":{"type":"campaign-testimonial","blocks":{"5b55fa1d-b6cc-4f49-bd24-8af81fff8a7b":{"type":"testimonial-block","settings":{"testimonial_image_picker":"shopify:\/\/shop_images\/Template_1_-_Testimonial_3x-100_8877dc79-a935-4a68-ad5b-d605ff32e8ad.jpg","testimonial_text":"<p><em>\"They like to work on long term solutions and not something that is a quick fix. They understand Shopify and their knowledge became paramount to our stores success.\"<\/em><\/p>","testimonial_author_text":"<p>Ketan Munoth, Co-founder at Plush<\/p>"}},"7dd910bf-89f0-4301-b7a4-b8a021134b73":{"type":"testimonial-block","disabled":true,"settings":{"testimonial_text":"<p>“Once we began work with Marmeto, the team delivered the entire work in<br\/>a span of 48-50 days only! Once we began work with Marmeto, the team delivered the entire work in a span of 48-50 days only!”<\/p>","testimonial_author_text":"<p><strong>Kapil Mittal,<\/strong> Chief of Business Strategy, Power Gummies<\/p>"}},"3641aaad-c0af-4315-b8ae-3a850ddf4061":{"type":"testimonial-block","disabled":true,"settings":{"testimonial_text":"<p>“Once we began work with Marmeto, the team delivered the entire work in<br\/>a span of 48-50 days only! Once we began work with Marmeto, the team delivered the entire work in a span of 48-50 days only!”<\/p>","testimonial_author_text":"<p><strong>Kapil Mittal,<\/strong> Chief of Business Strategy, Power Gummies<\/p>"}}},"block_order":["5b55fa1d-b6cc-4f49-bd24-8af81fff8a7b","7dd910bf-89f0-4301-b7a4-b8a021134b73","3641aaad-c0af-4315-b8ae-3a850ddf4061"],"settings":{"padding_top":25,"padding_bottom":25}},"b24d30e2-8ce1-4e75-9bf7-be85d64c21d0":{"type":"google-form","settings":{"image":"shopify:\/\/shop_images\/Untitled_design_3_726e0de2-97f3-4cd2-994c-40daf26d08d4.png","heading_text":"Talk to an expert","terms_checkbox":"<p>“You agree to be contacted by Marmeto and\/or Shopify about their respective services. Your personal information will be processed in accordance with Shopify’s Privacy Policy and the privacy policy of Marmeto, respectively.”<\/p>","padding_top":100,"padding_bottom":56}},"d1a82a93-612f-458e-9395-9bf200f27cd3":{"type":"footer-revamp","settings":{"richtext":"<p>© 2023 Marmeto<\/p>","padding_top":50,"padding_bottom":42}}},"order":["08b6e55c-03b9-46b1-b874-e80e95337614","5937653c-af38-4176-bc68-d8e5d8a16b32","main","cd8dd819-25ba-428d-b3ba-9ea8b2e41215","d24d7a0a-5642-4d1e-b6e2-f4393daaadd1","e786acf6-2b3a-4816-b9ea-c74d89e1273e","15a4371f-9c95-4da5-b3f8-6a3cef616f7e","c7addba3-9327-46e1-ad0f-5ef1897126b7","7ca226da-aa57-45e6-a6af-4b56c659d16b","de00658f-43f0-49e3-9547-38f2515cf0c5","b24d30e2-8ce1-4e75-9bf7-be85d64c21d0","d1a82a93-612f-458e-9395-9bf200f27cd3"]}