{"sections":{"main":{"type":"main-page","disabled":true,"settings":{}},"f3176da0-0236-4424-9375-0bbb82570ec0":{"type":"text-and-image","settings":{"image":"shopify:\/\/shop_images\/banner_Main.webp","image_width":700,"subtitle":"","title":"Get free access to our products and services.","enable_large_title":false,"text":"<p>Marmeto Services worth 1000 USD covering any of the below: <\/p><p>•\tSpeed Audit - Advanced<br\/>•\tUI\/UX Audit - Advanced<br\/>•\tTheme Setup<br\/>•\tTheme Consultation<br\/>•\tApp Recommendations<\/p>","button_label":"Start 14-Day Free Trial","button_link":"https:\/\/forms.monday.com\/forms\/f07c421c3c285901d03fb4b734de0be2?r=use1","button_style":"primary","align_text":"left","layout":"right","divider":false,"remove_top_spacing":false}},"9d5c44c8-d7e8-487a-9059-4d504e09ef2e":{"type":"text-columns","blocks":{"template--16003818553514__9d5c44c8-d7e8-487a-9059-4d504e09ef2e-166909609168b43908-0":{"type":"text_block","settings":{"enable_image":true,"image":"shopify:\/\/shop_images\/Artboard_4_2x-100.jpg","image_width":650,"title":"RETURN PRIME","text":"<p>Return Prime is your one stop partner to manage all your returns and exchanges while providing you with powerful insights about the same and assisting the growth of your store.<\/p>","button_label":"Start Trial","button_link":"https:\/\/forms.monday.com\/forms\/f07c421c3c285901d03fb4b734de0be2?r=use1","open_popup":false,"enquiry":""}},"template--16003818553514__9d5c44c8-d7e8-487a-9059-4d504e09ef2e-166909609168b43908-1":{"type":"text_block","settings":{"enable_image":true,"image":"shopify:\/\/shop_images\/Artboard_1_2x-100.jpg","image_width":650,"title":"RECURPAY","text":"<p>Subscription commerce decreases subscriber churn and increases revenue. Also helps in increasing the Customer Life Time Value (LTV) which means more revenue and growth for business.<\/p>","button_label":"Start Trial","button_link":"https:\/\/forms.monday.com\/forms\/f07c421c3c285901d03fb4b734de0be2?r=use1","open_popup":false,"enquiry":""}},"template--16003818553514__9d5c44c8-d7e8-487a-9059-4d504e09ef2e-166909609168b43908-2":{"type":"text_block","settings":{"enable_image":true,"image":"shopify:\/\/shop_images\/Artboard_2_2x-100.jpg","image_width":650,"title":"APP BREW","text":"<p>No code platform that converts Shopify stores to iOS and Android apps for a delightful shopping experience<\/p><p><\/p><p><\/p>","button_label":"Start Trial","button_link":"https:\/\/forms.monday.com\/forms\/f07c421c3c285901d03fb4b734de0be2?r=use1","open_popup":false,"enquiry":""}},"1504e792-b6d1-48af-90db-25c2141c85c6":{"type":"text_block","settings":{"enable_image":true,"image":"shopify:\/\/shop_images\/Artboard_5_2x-100.jpg","image_width":650,"title":"ZOKO","text":"<p>A central hub for all your WhatsApp communication. Sales, Marketing, and Customer Support from a single WhatsApp number. That’s the magic of Zoko<\/p><p><\/p><p><\/p><p><\/p><p><\/p>","button_label":"Start Trial","button_link":"https:\/\/forms.monday.com\/forms\/f07c421c3c285901d03fb4b734de0be2?r=use1","open_popup":false,"enquiry":""}},"11ea4748-e471-413c-b5e3-93907c0eb4ee":{"type":"text_block","settings":{"enable_image":true,"image":"shopify:\/\/shop_images\/Artboard_3_2x-100.jpg","image_width":650,"title":"MERCHANDISING APP","text":"<p>It is an automation tool that helps increase revenue by re-arranging products on the collection pages. The app uses advanced data analytics to assign product rankings by taking decisions algorithmically using past data and eliminates the manual task of sorting collection pages which is often error-prone and unmanageable for most store owners.<\/p>","button_label":"Start Trial","button_link":"https:\/\/forms.monday.com\/forms\/f07c421c3c285901d03fb4b734de0be2?r=use1","open_popup":false,"enquiry":""}},"81b0cc99-d8b7-48cf-884b-45e93c0300bf":{"type":"text_block","settings":{"enable_image":true,"image":"shopify:\/\/shop_images\/Artboard_6_2x-100.jpg","image_width":650,"title":"SEARCH TAP","text":"<p>Use SearchTap to customize, analyze and build an amazingly effective search experience for your users with minimal IT involvement and no infrastructure investment.<\/p>","button_label":"Start Trial","button_link":"https:\/\/forms.monday.com\/forms\/f07c421c3c285901d03fb4b734de0be2?r=use1","open_popup":false,"enquiry":""}}},"block_order":["template--16003818553514__9d5c44c8-d7e8-487a-9059-4d504e09ef2e-166909609168b43908-0","template--16003818553514__9d5c44c8-d7e8-487a-9059-4d504e09ef2e-166909609168b43908-1","template--16003818553514__9d5c44c8-d7e8-487a-9059-4d504e09ef2e-166909609168b43908-2","1504e792-b6d1-48af-90db-25c2141c85c6","11ea4748-e471-413c-b5e3-93907c0eb4ee","81b0cc99-d8b7-48cf-884b-45e93c0300bf"],"settings":{"backgound":"#ffffff","text_color":"#14151b","title":"Products offered in the plan","text":"<p>We have plenty for you to choose. Browse through the amazing products and try giving a shot to your choice.<\/p>","align_text":"center","divider":false,"enable_spacing":true,"number_of_columns":"one-large-half"}},"b3be1579-6bc2-4e08-8188-7086b87c8a7d":{"type":"text-columns","blocks":{"template--16003818553514__b3be1579-6bc2-4e08-8188-7086b87c8a7d-16690965328b6d8d76-0":{"type":"text_block","disabled":true,"settings":{"enable_image":true,"image":"shopify:\/\/shop_images\/Shopify_2x-100_d9783d50-c96e-4f1c-9c1d-0816019cbb41.jpg","image_width":650,"title":"Shopify Basic\/Advanced","text":"<p><strong>$500 <\/strong>Free Service Promo<br\/><strong>3 months <\/strong>Free Subscription to all our products worth <strong>$300<br\/><\/strong>Priority Support<\/p>","button_label":"FREE 14 DAYS TRIAL","button_link":"https:\/\/forms.monday.com\/forms\/f07c421c3c285901d03fb4b734de0be2?r=use1","open_popup":false,"enquiry":""}},"template--16003818553514__b3be1579-6bc2-4e08-8188-7086b87c8a7d-16690965328b6d8d76-1":{"type":"text_block","settings":{"enable_image":true,"image":"shopify:\/\/shop_images\/Shopify_plus_2x-100_f24e0832-96dc-4d2b-9a7c-3500bbf5505e.jpg","image_width":200,"title":"Shopify Plus","text":"<p><strong>3 months <\/strong>Free Subscription to all our products worth <strong>$1000<br\/><\/strong>Priority Support<\/p>","button_label":"FREE 14 DAYS TRIAL","button_link":"https:\/\/forms.monday.com\/forms\/f07c421c3c285901d03fb4b734de0be2?r=use1","open_popup":false,"enquiry":""}}},"block_order":["template--16003818553514__b3be1579-6bc2-4e08-8188-7086b87c8a7d-16690965328b6d8d76-0","template--16003818553514__b3be1579-6bc2-4e08-8188-7086b87c8a7d-16690965328b6d8d76-1"],"settings":{"backgound":"","text_color":"","title":"Pick the right plan for you","text":"","align_text":"center","divider":false,"enable_spacing":false,"number_of_columns":"one-large-whole"}},"6eb0e0d6-f446-4399-9594-a186661144b5":{"type":"rich-text","blocks":{"template--16003818553514__6eb0e0d6-f446-4399-9594-a186661144b5-16690968211f0acea9-0":{"type":"heading","settings":{"title":"Why Shopify","title_h1":false,"align_title":"center"}},"template--16003818553514__6eb0e0d6-f446-4399-9594-a186661144b5-16690968211f0acea9-1":{"type":"text","settings":{"enlarge_text":false,"text":"<p><strong><br\/>1.<\/strong> Shopify has more than 1,000,000 active merchants worldwide.<br\/><br\/><strong>2. <\/strong>Shopify is a no-fuss platform, which is easy to set up and use. It is the best alternative for those who want a complete solution, with no technicalities related to development and hosting of the online store.<br\/><br\/><strong>3.<\/strong> Shopify has a clean, clear, and simple interface that makes setting up your store a breeze, even for total beginners.<br\/><br\/><strong>4.<\/strong> Security is essential for an online business because it deals with confidential personal and financial information of the customers. Shopify secures all of that.<br\/><br\/><strong>5. <\/strong>Mobile responsiveness is the key to success of an e-commerce store because the number of mobile shoppers is increasing by the day, and so does Shopify makes sure that all there themes are mobile responsive.<br\/><br\/><strong>6. <\/strong>Shopify provides the best sales tools and features, which you won't find with any other e-commerce builder. Provides you with all the essentials you need, from analytics and abandoned cart recovery to tons of payment gateways and multi-channel integration.<\/p><p><\/p><p><\/p>"}},"1f39040a-b173-45db-9694-3b6b19450f62":{"type":"button","settings":{"link":"https:\/\/forms.monday.com\/forms\/f07c421c3c285901d03fb4b734de0be2?r=use1","link_text":"Start 14 Days Trial","align_button":"center"}}},"block_order":["template--16003818553514__6eb0e0d6-f446-4399-9594-a186661144b5-16690968211f0acea9-0","template--16003818553514__6eb0e0d6-f446-4399-9594-a186661144b5-16690968211f0acea9-1","1f39040a-b173-45db-9694-3b6b19450f62"],"settings":{"backgound":"#ffffff","text_color":"#14151b","align_text":"left","narrow_column":true,"divider":false,"enable_spacing":true}},"0a2a9da4-0c64-4f43-ba5e-306d3499edf1":{"type":"rich-text","blocks":{"template--16003818553514__0a2a9da4-0c64-4f43-ba5e-306d3499edf1-16690968211f0acea9-0":{"type":"heading","settings":{"title":"Terms and conditions","title_h1":false,"align_title":"center"}},"template--16003818553514__0a2a9da4-0c64-4f43-ba5e-306d3499edf1-16690968211f0acea9-1":{"type":"text","settings":{"enlarge_text":false,"text":"<p><strong><br\/>1.<\/strong> All promo codes issued by Tatynerds Private Limited are subjected to a set of terms and conditions, which we reserve the right to change without prior notice in the best interests of the company.<br\/><br\/><strong>2.<\/strong> Promo Codes will expire one month from the date of issuance by Tatynerds Private Limited. Promo Codes cannot be used to purchase other services. Promo Codes cannot be resold, transferred for value or redeemed for cash, except to the extent required by law.<br\/><br\/><strong>3. <\/strong>Amount of promo mdes cannot be partially utilised. If done, any unused amount will not be refunded.<br\/><br\/><strong>4.<\/strong> Tatynerds Private Limited will not be responsible for replacing any lost or stolen promo codes.<br\/><br\/><strong>5.<\/strong> Tatynerds Private Limited reserves the right to amend validity date of promo codes or reject promo codes in order to protect the interests of the company or under circumstances of abuse.<br\/><br\/><strong>6.<\/strong> Tatynerds Private Limited reserves the absolute right to withdraw and\/or alter any of the leans and conditions of the Offer at any time without prior notice.<br\/><br\/><strong>7.<\/strong> Any disputes arising out of and in connection with this Offer shall be subject to the jurisdiction of the courts of New Delhi, India only.<\/p>"}}},"block_order":["template--16003818553514__0a2a9da4-0c64-4f43-ba5e-306d3499edf1-16690968211f0acea9-0","template--16003818553514__0a2a9da4-0c64-4f43-ba5e-306d3499edf1-16690968211f0acea9-1"],"settings":{"backgound":"","text_color":"","align_text":"left","narrow_column":true,"divider":false,"enable_spacing":false}}},"order":["main","f3176da0-0236-4424-9375-0bbb82570ec0","9d5c44c8-d7e8-487a-9059-4d504e09ef2e","b3be1579-6bc2-4e08-8188-7086b87c8a7d","6eb0e0d6-f446-4399-9594-a186661144b5","0a2a9da4-0c64-4f43-ba5e-306d3499edf1"]}