{"sections":{"main":{"type":"main-page","disabled":true,"settings":{}},"531c86be-9031-4c6f-8bbb-904209580be2":{"type":"rich-text","blocks":{"template--16067376971946__531c86be-9031-4c6f-8bbb-904209580be2-1676017217815c4991-0":{"type":"heading","settings":{"title":"The Need For Performance Optimization ?","title_h1":false,"align_title":"center"}},"template--16067376971946__531c86be-9031-4c6f-8bbb-904209580be2-1676017217815c4991-1":{"type":"text","disabled":true,"settings":{"enlarge_text":false,"text":"<p>Online store speed is important for several reasons:<br\/><br\/><\/p>"}},"c3269a00-4e68-48a3-bfa5-5eb9637d7455":{"type":"text","settings":{"enlarge_text":false,"text":"<ul><li><strong>User Experience:<\/strong> Online shoppers expect websites to load quickly and smoothly. If your online store is slow, visitors are more likely to abandon it and move to your competitors. A slow website can lead to a poor user experience and cause potential customers to lose trust in your brand.<br\/><\/li><li><strong>Conversion Rate:<\/strong> A faster website can increase the likelihood of visitors making a purchase. Studies have shown that slow page load times can significantly reduce conversion rates. A faster website can lead to a better user experience, which can increase the chances of visitors converting into customers.<br\/><\/li><li><strong>Search Engine Optimization (SEO): <\/strong>Google takes website speed into consideration when ranking websites. A faster website can improve your search engine ranking, which can lead to more traffic and more customers.<br\/><\/li><li><strong>Mobile Users:<\/strong> With more and more people using their mobile devices to shop online, website speed has become even more important. Mobile users are often on slower networks, so a slow website can be even more frustrating for them. A faster website can help ensure that mobile users have a better user experience and are more likely to make a purchase.<\/li><\/ul>"}},"501b498e-a525-4627-8d16-ae1e73ffa893":{"type":"text","settings":{"enlarge_text":false,"text":"<p><br\/>In summary, online store speed is important because it impacts the user experience, conversion rate, SEO, and mobile users. A fast website can improve these factors and ultimately lead to more sales for your business.<br\/><br\/><\/p>"}},"533e707b-0a74-4801-b27d-db50039f3028":{"type":"image","settings":{"image":"shopify:\/\/shop_images\/PO_2x-100_917de8fa-4e9d-4edf-be43-22563a60f079.jpg","image_width":100}}},"block_order":["template--16067376971946__531c86be-9031-4c6f-8bbb-904209580be2-1676017217815c4991-0","template--16067376971946__531c86be-9031-4c6f-8bbb-904209580be2-1676017217815c4991-1","c3269a00-4e68-48a3-bfa5-5eb9637d7455","501b498e-a525-4627-8d16-ae1e73ffa893","533e707b-0a74-4801-b27d-db50039f3028"],"settings":{"backgound":"","text_color":"","align_text":"center","narrow_column":true,"divider":false,"enable_spacing":false}},"c623010d-783f-4c7c-9453-084de62edb60":{"type":"rich-text","blocks":{"template--16079725035690__c623010d-783f-4c7c-9453-084de62edb60-1677236001a4899672-0":{"type":"heading","settings":{"title":"RECENT OPTIMIZATIONS","title_h1":false,"align_title":"center"}}},"block_order":["template--16079725035690__c623010d-783f-4c7c-9453-084de62edb60-1677236001a4899672-0"],"settings":{"backgound":"","text_color":"","align_text":"center","narrow_column":true,"divider":false,"enable_spacing":false}},"07bf7a15-c2e9-473f-b0c6-0ff9734df6ea":{"type":"logo-list","blocks":{"template--16067376971946__07bf7a15-c2e9-473f-b0c6-0ff9734df6ea-1676017495b6a81fff-0":{"type":"logo_image","settings":{"image":"shopify:\/\/shop_images\/Wiggles_3x-100.jpg","link":""}},"template--16067376971946__07bf7a15-c2e9-473f-b0c6-0ff9734df6ea-1676017495b6a81fff-1":{"type":"logo_image","settings":{"image":"shopify:\/\/shop_images\/Somethings_brewing_3x-100.jpg","link":""}},"template--16067376971946__07bf7a15-c2e9-473f-b0c6-0ff9734df6ea-1676017495b6a81fff-2":{"type":"logo_image","settings":{"image":"shopify:\/\/shop_images\/Chumbak_3x-100.jpg","link":""}},"template--16067376971946__07bf7a15-c2e9-473f-b0c6-0ff9734df6ea-1676017495b6a81fff-3":{"type":"logo_image","settings":{"image":"shopify:\/\/shop_images\/4700_bc_3x-100.jpg","link":""}},"0c10997a-3039-4e0d-bcc3-b9988b73d841":{"type":"logo_image","settings":{"image":"shopify:\/\/shop_images\/Juicy_Chemistry_3x-100.jpg","link":""}}},"block_order":["template--16067376971946__07bf7a15-c2e9-473f-b0c6-0ff9734df6ea-1676017495b6a81fff-0","template--16067376971946__07bf7a15-c2e9-473f-b0c6-0ff9734df6ea-1676017495b6a81fff-1","template--16067376971946__07bf7a15-c2e9-473f-b0c6-0ff9734df6ea-1676017495b6a81fff-2","template--16067376971946__07bf7a15-c2e9-473f-b0c6-0ff9734df6ea-1676017495b6a81fff-3","0c10997a-3039-4e0d-bcc3-b9988b73d841"],"settings":{"backgound":"","text_color":"","title":"","text":"","bottom_text":"","logo_opacity":76,"divider":false,"enable_spacing":false}},"bd6f81d9-0d64-4109-a868-f8d85b9c8582":{"type":"contact-form-strip","disabled":true,"settings":{"section_heading":"Get Your Store Optimised","page_source":"performance-optimisation","spacing_top":0,"spacing_bottom":0}},"70e12226-c067-4236-ae46-98e46bbb7397":{"type":"rich-text","blocks":{"template--16067376971946__70e12226-c067-4236-ae46-98e46bbb7397-1676017217815c4991-0":{"type":"heading","settings":{"title":"INTERESTING FACTS","title_h1":false,"align_title":"center"}},"template--16067376971946__70e12226-c067-4236-ae46-98e46bbb7397-1676017217815c4991-1":{"type":"text","settings":{"enlarge_text":true,"text":"<ul><li><strong>According to Google<\/strong>, 53% of mobile users will abandon a website if it takes more than 3 seconds to load.<br\/><\/li><li><strong>According to Amazon<\/strong>, every 100-millisecond delay in page load time can result in a 1% decrease in sales. For high-volume e-commerce websites, this can translate to significant revenue loss.<br\/><\/li><li><strong>Google has stated<\/strong> that website speed is a ranking factor in search engine results. Faster websites are more likely to rank higher in search engine results, which can lead to more organic traffic.<br\/><\/li><li><strong>Mobile users are often on slower networks<\/strong>, so they expect websites to load quickly. In fact, 74% of mobile users will abandon a website if it takes more than 5 seconds to load.<br\/><\/li><li><strong>According to a survey by Akamai<\/strong>, 79% of online shoppers said they would not return to a website if they had a poor experience. A slow website can lead to a poor experience, which can impact customer loyalty.<\/li><\/ul>"}}},"block_order":["template--16067376971946__70e12226-c067-4236-ae46-98e46bbb7397-1676017217815c4991-0","template--16067376971946__70e12226-c067-4236-ae46-98e46bbb7397-1676017217815c4991-1"],"settings":{"backgound":"","text_color":"","align_text":"center","narrow_column":true,"divider":false,"enable_spacing":false}},"da89b64e-b25f-4ae8-9349-e4558cbc43a6":{"type":"testimonials","blocks":{"template--16067376971946__da89b64e-b25f-4ae8-9349-e4558cbc43a6-16760174207d1ef0d2-0":{"type":"testimonial","settings":{"icon":"5-stars","testimonial":"<p>The implementation of the inputs were fast because of which we have seen drastic improvement in our site speed, and hence business. Really appreciate.<\/p>","author":"Mudit Tiwari","author_info":"CHUMBAK"}},"template--16067376971946__da89b64e-b25f-4ae8-9349-e4558cbc43a6-16760174207d1ef0d2-1":{"type":"testimonial","settings":{"icon":"5-stars","testimonial":"<p>Overall bounce rate on the store has reduced by over 5% and we believe that's an achievement.<\/p>","author":"Shubham Chawla","author_info":"Somethings Brewing"}},"template--16067376971946__da89b64e-b25f-4ae8-9349-e4558cbc43a6-16760174207d1ef0d2-2":{"type":"testimonial","settings":{"icon":"5-stars","testimonial":"<p>The conversion ratio from the Product page has increased by ~7%. Well, that's an achievement. <br\/><br\/>The Speed scores have increased by more than 20 points which is an extremely good improvement and kudos to our rockstar engineers for the same.<\/p>","author":"Pooja Narayanan","author_info":"Wiggles"}},"template--16067376971946__da89b64e-b25f-4ae8-9349-e4558cbc43a6-16760174207d1ef0d2-3":{"type":"testimonial","settings":{"icon":"5-stars","testimonial":"<p>There is an increase in the conversion rate as well. It has jumped from around 1.5% to approx 2.3-2.5%.<br\/><br\/>Load time has also reduced because a number of apps are uninstalled.<\/p>","author":"Vanshika Rehani","author_info":"4700 BC"}},"template--16067376971946__da89b64e-b25f-4ae8-9349-e4558cbc43a6-16760174207d1ef0d2-4":{"type":"testimonial","disabled":true,"settings":{"icon":"5-stars","testimonial":"<p>Add customer reviews and testimonials to showcase your store’s happy customers.<\/p>","author":"Author name","author_info":"Los Angeles, CA"}},"fd7377c4-f05d-4f2b-8b9a-7959c3c7a9a3":{"type":"testimonial","settings":{"icon":"5-stars","testimonial":"<p>The website score has improved by 15 points. Hoping our month on month engagement brings similar increment.<\/p>","author":"Jeevan","author_info":"Juicy Chemistry"}}},"block_order":["template--16067376971946__da89b64e-b25f-4ae8-9349-e4558cbc43a6-16760174207d1ef0d2-0","template--16067376971946__da89b64e-b25f-4ae8-9349-e4558cbc43a6-16760174207d1ef0d2-1","template--16067376971946__da89b64e-b25f-4ae8-9349-e4558cbc43a6-16760174207d1ef0d2-2","template--16067376971946__da89b64e-b25f-4ae8-9349-e4558cbc43a6-16760174207d1ef0d2-3","template--16067376971946__da89b64e-b25f-4ae8-9349-e4558cbc43a6-16760174207d1ef0d2-4","fd7377c4-f05d-4f2b-8b9a-7959c3c7a9a3"],"settings":{"title":"Hear From Our Happy Merchants","round_images":true,"color_background":"#f9f9f9","color_text":"#1c1d1d"}},"c06e05bf-1bab-49a0-b9d4-78acac0468ca":{"type":"faq","blocks":{"f3cd794a-b8d7-43c2-a56a-d414a6ae9942":{"type":"question","settings":{"title":"What are the benefits of performance optimisation?","text":"<ul><li>The immediate benefit is the load speed, the site feels snappy and fast to load particularly on your mobile.<\/li><li>Better SEO and hence better ranking<\/li><li>Improved conversion rates by lowering bounce rates due to lags.<\/li><\/ul>","button_label":"","button_link":""}},"template--16067376971946__c06e05bf-1bab-49a0-b9d4-78acac0468ca-1676016997d69bdcdf-0":{"type":"question","settings":{"title":"How frequently this has to be repeated?","text":"<p>We recommend a mandatory audit every 2 months that allows to observe patterns not limited to performance alone but analysing different app behaviours and their impact on perfromance.<\/p>","button_label":"","button_link":""}},"template--16067376971946__c06e05bf-1bab-49a0-b9d4-78acac0468ca-1676016997d69bdcdf-1":{"type":"question","settings":{"title":"Can I achieve speed score of 100 on page speed insights?","text":"<p>While we all strive for perfection and a 100 score requires a lot of time and efforts that can be better utilized in optimising other features of the site.<br\/>A mobile score of 60 - 70 and a desktop score of 90+ is achievable.<\/p>","button_label":"","button_link":""}},"d59b12af-5835-4e1f-9f36-40dd33adfe5d":{"type":"question","settings":{"title":"Do apps help in optimisation?","text":"<p>Yes and No.<br\/>Yes because they are highly likely to give a better performance result but there could be impact on the functionality of different apps on the store, custom code etc.<\/p>","button_label":"","button_link":""}},"143df15d-8df2-4025-8a91-c81b1bce4b87":{"type":"question","settings":{"title":"How much time it takes to complete this activity?","text":"<p>Performance optimisation is a 2 step activity.<br\/><br\/>Step 1 - An audit to determine the current performance scores, the apps that could be  impacting on low performance. Custom coding style in a website that results in poorly written code to name a few.<br\/>The audit is done over a period of 12 - 18 working hours.<br\/><br\/>Step 2 - An audit generates a report of recommendations and the timeline is basis the content of the report.<\/p>","button_label":"","button_link":""}},"c3f9338e-3e83-491f-ba6f-3150565f7680":{"type":"question","settings":{"title":"What tools do you use for this activity?","text":"<ul><li>Google Page Speed Insights<\/li><li>Webpage test and GT Metrix<\/li><li>Marmeto's Internal Tool<\/li><\/ul>","button_label":"","button_link":""}}},"block_order":["f3cd794a-b8d7-43c2-a56a-d414a6ae9942","template--16067376971946__c06e05bf-1bab-49a0-b9d4-78acac0468ca-1676016997d69bdcdf-0","template--16067376971946__c06e05bf-1bab-49a0-b9d4-78acac0468ca-1676016997d69bdcdf-1","d59b12af-5835-4e1f-9f36-40dd33adfe5d","143df15d-8df2-4025-8a91-c81b1bce4b87","c3f9338e-3e83-491f-ba6f-3150565f7680"],"settings":{"title":"FAQs","divider":false}},"b44a3ddd-cc4f-42e3-b1e3-5c9d02fc8a3d":{"type":"contact-form-strip","settings":{"section_heading":"Get Your Store Optimised","page_source":"","spacing_top":0,"spacing_bottom":0}}},"order":["main","531c86be-9031-4c6f-8bbb-904209580be2","c623010d-783f-4c7c-9453-084de62edb60","07bf7a15-c2e9-473f-b0c6-0ff9734df6ea","bd6f81d9-0d64-4109-a868-f8d85b9c8582","70e12226-c067-4236-ae46-98e46bbb7397","da89b64e-b25f-4ae8-9349-e4558cbc43a6","c06e05bf-1bab-49a0-b9d4-78acac0468ca","b44a3ddd-cc4f-42e3-b1e3-5c9d02fc8a3d"]}