{"sections":{"main":{"type":"main-page","disabled":true,"settings":{}},"1646298789b23f5a67":{"type":"text-strip","settings":{"narrow_column":true,"backgound":"#e3ff53","text_color":"#14151b","align_text":"center","title":"A Shopify Plus Solution"}},"16462988390a7c6631":{"type":"text-and-image","settings":{"image":"shopify:\/\/shop_images\/Banner_Image2_Additional_Fields_at_Checkout.jpg","image_width":700,"subtitle":"Better Data COLLECTION WITH","title":"Additional Fields at Checkout","enable_large_title":true,"text":"<p><strong>Capture GST Numbers<\/strong> or survey your customers for building a more <strong>accurate consumer profile<\/strong> with this feature on your <strong>Shopify Plus Store.<\/strong><\/p>","button_label":"Get Additional Fields at Checkout","button_link":"https:\/\/forms.monday.com\/forms\/1f21d33f2cf5b306092689b5370b7412?r=use1","button_style":"primary","align_text":"left","layout":"right","divider":false,"remove_top_spacing":false}},"16462988634a2abbd6":{"type":"text-columns","blocks":{"1646298863e74fb330-0":{"type":"text_block","settings":{"enable_image":true,"image":"shopify:\/\/shop_images\/Collect_accurate_data.png","image_width":200,"title":"","text":"<p>Collect accurate data<\/p>","button_label":"","button_link":""}},"1646298863e74fb330-1":{"type":"text_block","settings":{"enable_image":true,"image":"shopify:\/\/shop_images\/Enhance_Customer_Experience.png","image_width":200,"title":"","text":"<p>Enhance Customer Experience<\/p>","button_label":"","button_link":""}},"1646298863e74fb330-2":{"type":"text_block","settings":{"enable_image":true,"image":"shopify:\/\/shop_images\/GST_invoices_to_customers.png","image_width":200,"title":"","text":"<p>Raise GST invoices to customers<\/p>","button_label":"","button_link":""}},"df167ff9-f36d-4a62-9686-a874697a248a":{"type":"text_block","settings":{"enable_image":true,"image":"shopify:\/\/shop_images\/Customer_Profiles_6b39ecc0-00d7-4e54-8542-2958ce100f55.png","image_width":200,"title":"","text":"<p>Cater to multiple customer types in one checkout process<\/p>","button_label":"","button_link":""}}},"block_order":["1646298863e74fb330-0","1646298863e74fb330-1","1646298863e74fb330-2","df167ff9-f36d-4a62-9686-a874697a248a"],"settings":{"backgound":"","text_color":"","title":"","text":"","align_text":"center","divider":false,"enable_spacing":false}},"1646298923a000ff4e":{"type":"rich-text","blocks":{"164629892348ad1b18-0":{"type":"heading","settings":{"title":"The Problem","title_h1":false,"align_title":"center"}},"164629892348ad1b18-1":{"type":"text","settings":{"enlarge_text":false,"text":"<p><br\/>A standard Shopify checkout funnel consists of 3 pages -  Information &gt; Shipping &gt; Payment<br\/>The information page collects basic data such as Name, Number, Email, Company and Address. The problem arises when you want to collect additional information from your customers at checkout. The possibilities include GST number input for companies that need a GST invoice or additional survey questions for better customer profiling. <br\/><br\/><strong>This is where our Additional fields at checkout solution comes in!<\/strong><\/p>"}}},"block_order":["164629892348ad1b18-0","164629892348ad1b18-1"],"settings":{"backgound":"#ffffff","text_color":"#14151b","align_text":"left","narrow_column":true,"divider":false,"enable_spacing":true}},"16462989827d618547":{"type":"rich-text","blocks":{"1646298982901ab63f-0":{"type":"heading","settings":{"title":"The Solution","title_h1":false,"align_title":"center"}},"1646298982901ab63f-1":{"type":"text","settings":{"enlarge_text":false,"text":"<p><br\/>Making any changes on the checkout pages is a possibility only on Shopify’s Plus plan. On a Plus plan, we can add additional fields to capture data or add functionalities through code. These fields can help brands capture more data pointers as well as help in better customer profiling leading to an enhanced user experience. <br\/><br\/><strong>For. Ex - The GST number capture.<\/strong> (Screen shot in the banner image)<\/p><p>This is not just an additional field, it’s a functionality in itself. If the Customer does not have a GST number, they can select the corresponding option and checkout as usual. If the customer has a GST number, they can select the corresponding option, upon which an input field appears where they can enter their GST number. This enables the merchant to create an automated GST invoice for the customer which can be used for invoicing and taxation purposes. <\/p>"}}},"block_order":["1646298982901ab63f-0","1646298982901ab63f-1"],"settings":{"backgound":"","text_color":"","align_text":"left","narrow_column":true,"divider":false,"enable_spacing":false}},"1646299011b6608b84":{"type":"rich-text","blocks":{"1646299011ae41cce4-0":{"type":"heading","settings":{"title":"How Does This Feature Work?","title_h1":false,"align_title":"center"}},"1646299011ae41cce4-1":{"type":"text","settings":{"enlarge_text":false,"text":"<p><\/p><p>Additional fields at the checkout stage have 2 prime use cases in India.<br\/><strong><br\/>1) GST Number - <\/strong>This solution is needed for merchants who want to enable GST invoicing through an automated process on their website. This is especially beneficial for brands that cater to end consumers as well as distributors through the same website.<br\/><br\/><strong>2) Survey Question -<\/strong> This solution is very useful from a marketing point of view. It lets you capture accurate data that allows you back track the source of awareness of the customer. It also lets you survey your existing buyers for additional information. Such information can be used for better profiling for future upselling or cross selling offers.<\/p><p><br\/><\/p>"}},"a706dbd5-9048-4531-973b-1350af100310":{"type":"button","settings":{"link":"https:\/\/forms.monday.com\/forms\/1f21d33f2cf5b306092689b5370b7412?r=use1","link_text":"Get Additional Fields at Checkout","align_button":"center"}}},"block_order":["1646299011ae41cce4-0","1646299011ae41cce4-1","a706dbd5-9048-4531-973b-1350af100310"],"settings":{"backgound":"#ffffff","text_color":"#14151b","align_text":"left","narrow_column":true,"divider":false,"enable_spacing":true}},"164629909151e36e0e":{"type":"rich-text","blocks":{"1646299091aa627b58-0":{"type":"heading","settings":{"title":"Why Do We Need It?","title_h1":false,"align_title":"center"}},"1646299091aa627b58-1":{"type":"text","settings":{"enlarge_text":false,"text":"<p><br\/>We've all experienced the frustration first hand, when we finally come across a product that we like only to realize that it cannot be delivered to our pin code! For a brand that is putting in any resources into marketing their online store, every frustrated or disgruntled customer amounts up to a combined loss of 3 orders. 1st is the customer who cannot place an order, 2nd and 3rd are the two potential customers you'll lose owing to the annoyed customers negative word of mouth.<br\/><br\/><strong>In today's day and age time is the most important resource. When you're fortunate enough to have customers spending their valuable time on your website only to lead nowhere, they tend to feel cheated and taken for a ride. This unpleasant experience sets your brand back a couple of steps leading to reduced brand affinity and trust.<br\/><br\/><\/strong>What may look like a minor inconvenience to the brand in reality can damage the brand positioning in the longer run!<br\/>The pin code validation feature prevents this turn of events by clearly filtering out buyers in the awareness or consideration phase.<\/p>"}}},"block_order":["1646299091aa627b58-0","1646299091aa627b58-1"],"settings":{"backgound":"","text_color":"","align_text":"left","narrow_column":true,"divider":false,"enable_spacing":false}},"164629912305dc65e9":{"type":"text-columns","blocks":{"16462991238977c7ac-0":{"type":"text_block","settings":{"enable_image":true,"image":"shopify:\/\/shop_images\/Flo_Mattress_Additional_Field_at_checkout.jpg","image_width":650,"title":"","text":"","button_label":"","button_link":""}},"16462991238977c7ac-1":{"type":"text_block","settings":{"enable_image":true,"image":"shopify:\/\/shop_images\/HeadphoneZone_Additional_COD_Charges_at_checkout.jpg","image_width":650,"title":"","text":"","button_label":"","button_link":""}}},"block_order":["16462991238977c7ac-0","16462991238977c7ac-1"],"settings":{"backgound":"#ffffff","text_color":"#14151b","title":"SPOTTED!!!!","text":"<p>Additional  fields at checkout  as seen on...<\/p>","align_text":"center","divider":false,"enable_spacing":true}},"16462991885fdaede6":{"type":"rich-text","blocks":{"164629918863d5cf16-0":{"type":"heading","settings":{"title":"About Marmeto","title_h1":false,"align_title":"center"}},"164629918863d5cf16-1":{"type":"text","settings":{"enlarge_text":false,"text":"<p><strong>Marmeto is one of India's leading Shopify and Shopify Plus solution providers for all ecommerce stores <\/strong>with customized solutions. With everything centered around Shopify, we offer simplified ecommerce solutions ranging from building customized solutions & integrations for your Shopify website to building Shopify apps to Enterprise Solutions centered around Shopify! We have developed over <strong>900 Shopify websites, 60 Shopify Plus stores <\/strong>and have successful collaborations with an array of partner ranging from marketing to logistics domains.<br\/><strong>At Marmeto, there's a singular goal. To Simplify Ecommerce. Have you experienced it yet?<\/strong><\/p>"}}},"block_order":["164629918863d5cf16-0","164629918863d5cf16-1"],"settings":{"backgound":"","text_color":"","align_text":"center","narrow_column":true,"divider":false,"enable_spacing":false}},"1646299225e611d125":{"type":"video-list","blocks":{"1646299225cc1bcd86-0":{"type":"video_block","settings":{"image":"shopify:\/\/shop_images\/LP.jpg","video_id":"lThT2UIYI2c"}},"1646299225cc1bcd86-1":{"type":"video_block","settings":{"image":"shopify:\/\/shop_images\/power_gummies_thumbnail.jpg","video_id":"eJRvXxCEh-A"}},"1646299225cc1bcd86-2":{"type":"video_block","settings":{"image":"shopify:\/\/shop_images\/xyxx_thumbnail.jpg","video_id":"VGePZ-JkehQ"}},"1646299225cc1bcd86-3":{"type":"video_block","settings":{"image":"shopify:\/\/shop_images\/epigamia.jpg","video_id":"anG0fUVKUHo&t=1s"}}},"block_order":["1646299225cc1bcd86-0","1646299225cc1bcd86-1","1646299225cc1bcd86-2","1646299225cc1bcd86-3"],"settings":{"backgound":"#ffffff","text_color":"#14151b","title":"Our Folio","text":"<p>Over the past few years, we've helped a lot of brands & business build and enhance their online presence.<br\/>Here's a glimpse of our latest work.<\/p>","align_text":"center","divider":false,"enable_spacing":true}}},"order":["main","1646298789b23f5a67","16462988390a7c6631","16462988634a2abbd6","1646298923a000ff4e","16462989827d618547","1646299011b6608b84","164629909151e36e0e","164629912305dc65e9","16462991885fdaede6","1646299225e611d125"]}