{"sections":{"main":{"type":"main-page","disabled":true,"settings":{}},"1646056720b61de75a":{"type":"text-and-image","settings":{"image":"shopify:\/\/shop_images\/partnership.png","image_width":700,"subtitle":"A POWER-PACKED PARTNERSHIP WITH","title":"CONTLO","enable_large_title":true,"text":"<p>A full-stack e-commerce <strong>marketing platform<\/strong> to generate more <strong>revenue<\/strong>, boost customer retention, and automate <strong>personalized experiences<\/strong>.<\/p>","button_label":"Know More","button_link":"","button_style":"primary","align_text":"left","layout":"right","divider":false,"remove_top_spacing":false}},"164605679929b41f5e":{"type":"rich-text","disabled":true,"blocks":{"16460567998690228b-0":{"type":"heading","disabled":true,"settings":{"title":"Heading","title_h1":false,"align_title":"center"}},"16460567998690228b-1":{"type":"text","settings":{"enlarge_text":false,"text":"<p>As an ecommerce merchant, you’re spoilt for options when it comes to choosing the right platform for your store! Every ecommerce platform provides you with very basic features at a reasonable cost. However, it’s not until you dive deep into the daily functionality of ecommerce that you can identify the crucial aspects that make one platform better than the other!<\/p>"}}},"block_order":["16460567998690228b-0","16460567998690228b-1"],"settings":{"backgound":"","text_color":"","align_text":"center","narrow_column":true,"divider":false,"enable_spacing":false}},"16460568603d94e7d7":{"type":"rich-text","disabled":true,"blocks":{"164605686083d6ed49-0":{"type":"heading","settings":{"title":"Overview","title_h1":false,"align_title":"center"}},"164605686083d6ed49-1":{"type":"text","settings":{"enlarge_text":false,"text":"<p><a href=\"https:\/\/www.wix.com\/\" target=\"_blank\" title=\"Wix Website\">Wix <\/a>is a drag and drop interface with bundled templates. It is built for you to \"create a website you're proud of\". As the pitch suggests, it is more for creatives who want to build content based websites and to-date remains the best choice for creative freelancers and smaller service-based businesses. <\/p><p><a href=\"https:\/\/www.shopify.in\/\" target=\"_blank\" title=\"Shopify Website\">Shopify<\/a> on the other hand was built exclusively for creating ecommerce websites that are backed by powerful tools to start, manage and market your online business. The nature of ecommerce transactions online has always been at the core of Shopify's offerings. It says that \"anyone, anywhere can start an ecommerce website\" and that is evident with Shopify's presence in 175+ countries globally!<\/p>"}}},"block_order":["164605686083d6ed49-0","164605686083d6ed49-1"],"settings":{"backgound":"#ffffff","text_color":"#14151b","align_text":"left","narrow_column":true,"divider":false,"enable_spacing":true}},"1646056746188470a5":{"type":"text-columns","blocks":{"164605674645c87ec2-0":{"type":"text_block","settings":{"enable_image":true,"image":"shopify:\/\/shop_images\/Omuni_01_6fe05894-68c8-4e59-8e0e-18609e7879a6.png","image_width":200,"title":"Omnichannel Marketing","text":"<p>Access a holistic view of your customer so you can craft omnichannel marketing experiences that drive conversions by reaching customers where they are!<\/p>","button_label":"","button_link":""}},"164605674645c87ec2-1":{"type":"text_block","settings":{"enable_image":true,"image":"shopify:\/\/shop_images\/Automated-Sales.png","image_width":200,"title":"Automated Sales","text":"<p>Implement hyper-personalized automations that are powered by AI and predictive analytics to drive more sales and conversions!<\/p>","button_label":"","button_link":""}},"164605674645c87ec2-2":{"type":"text_block","settings":{"enable_image":true,"image":"shopify:\/\/shop_images\/Omuni_02.png","image_width":200,"title":"Data Aggregation & Analytics","text":"<p>Eliminate data silos and unify customer data to build shopper profiles that enhance your marketing efforts!<\/p>","button_label":"","button_link":""}},"c13e755e-b9db-4082-b7ae-5c424fb56018":{"type":"text_block","settings":{"enable_image":true,"image":"shopify:\/\/shop_images\/Omuni_03_37503efe-6d79-4921-882a-44dd9fcc17b0.png","image_width":200,"title":"Loyalty Program","text":"<p>Increase customer retention and brand loyalty by implementing a loyalty program that rewards customers with Points, Referrals, etc.<\/p>","button_label":"","button_link":""}}},"block_order":["164605674645c87ec2-0","164605674645c87ec2-1","164605674645c87ec2-2","c13e755e-b9db-4082-b7ae-5c424fb56018"],"settings":{"backgound":"#14151b","text_color":"#ffffff","title":"How this partnership benefits you","text":"","align_text":"center","divider":false,"enable_spacing":false}},"16485575223bc8bb81":{"type":"text-and-image","settings":{"image":"shopify:\/\/shop_images\/Banner.png","image_width":700,"subtitle":"","title":"About Contlo","enable_large_title":false,"text":"<p><strong>Contlo<\/strong> is a full-stack commerce <strong>data<\/strong> and <strong>marketing platform<\/strong> that is built ground up for eCommerce & D2C brands and takes care of use cases specific to the eCommerce merchants, <strong>out of the box<\/strong>. Contlo enables eCommerce stores & D2C brands to <strong>boost their sales, drive customer loyalty, and customer retention<\/strong> using omnichannel customer engagement channels such as Email, SMS, WhatsApp & Web Push.<\/p>","button_label":"Know More","button_link":"https:\/\/marmeto.com\/pages\/contact","button_style":"primary","align_text":"left","layout":"right","divider":false,"remove_top_spacing":false}}},"order":["main","1646056720b61de75a","164605679929b41f5e","16460568603d94e7d7","1646056746188470a5","16485575223bc8bb81"]}