{"sections":{"main":{"type":"main-page","disabled":true,"settings":{}},"b03af30b-1a90-407e-8047-cf7e2f8c7caf":{"type":"slideshow","blocks":{"template--16120080138410__b03af30b-1a90-407e-8047-cf7e2f8c7caf-1681977396e3b9395c-0":{"type":"image","settings":{"title":"Marmeto Platform Integration Helps Superkicks Increase Sales by 10%","title_size":73,"subheading":"From Drop Rates to Skyrocketing Sales: Marmeto's Unique Marketing Strategy Helps Superkicks Increase Sales by 10%!  Discover the Solution to Boost Your Revenue Now!","link":"","link_text":"","text_align":"vertical-center horizontal-left","image":"shopify:\/\/shop_images\/Head_image.jpg","image_mobile":"shopify:\/\/shop_images\/Head_image_f85e8e85-c200-4033-b9c2-de1c4e574c31.jpg","image_opacity":false,"overlay_opacity":60,"focal_point":"20% 50%"}}},"block_order":["template--16120080138410__b03af30b-1a90-407e-8047-cf7e2f8c7caf-1681977396e3b9395c-0"],"settings":{"section_height":"650px","mobile_height":"100vh","parallax":false,"style":"minimal","autoplay":false,"autoplay_speed":5}},"34821ad9-3f9d-4a29-bcab-65fd2af55c39":{"type":"key-result","blocks":{"0085c7c0-5d57-4622-8a93-f1d2f207acea":{"type":"text","settings":{"block_no":"20%","block_title":"<p>Increase in average page speed<\/p>"}},"b3962bb0-21bb-4db9-bd73-841f5a6863f1":{"type":"text","settings":{"block_no":"10%","block_title":"<p>revenue rate<\/p>"}},"2ea47c12-a038-429c-a79c-18ee64225986":{"type":"text","settings":{"block_no":"10%","block_title":"<p>increase in sales rate<\/p>"}},"c3c3afb4-1b9e-4623-be81-c4fecf415d2c":{"type":"text","settings":{"block_no":"2x","block_title":"<p>customer<br\/>satisfaction<\/p>"}}},"block_order":["0085c7c0-5d57-4622-8a93-f1d2f207acea","b3962bb0-21bb-4db9-bd73-841f5a6863f1","2ea47c12-a038-429c-a79c-18ee64225986","c3c3afb4-1b9e-4623-be81-c4fecf415d2c"],"settings":{"section_title":"","narrow_column":true}},"ac49ee34-93eb-4b7d-ac0d-48cb9458101c":{"type":"rich-text","blocks":{"template--16120080138410__ac49ee34-93eb-4b7d-ac0d-48cb9458101c-168198934484ced25e-0":{"type":"heading","settings":{"title":"Superkicks Success Story","title_h1":true,"align_title":"left"}},"template--16120080138410__ac49ee34-93eb-4b7d-ac0d-48cb9458101c-168198934484ced25e-1":{"type":"text","settings":{"enlarge_text":false,"text":"<p>Superkicks is a pioneering company in the connected footwear industry with over 12 reputed brands currently listed under them. Sangeet Paryani opened the Superkicks store in Mumbai, drawing inspiration from his father's enterprise; it was likely around five years ago when the establishment was first envisioned. The store features popular models, trendsetters, and modern, aesthetically pleasing designs like the Nike Air Jordan, Adidas Ultra Boost, Nike Vapormax, and many more with high quality.<\/p><p>Being the master franchisee and distributor in Rajasthan for some of the best sportswear brands like Adidas, Reebok, etc. the Superkicks team is continually expanding and developing worldwide with acclaimed shoe designs.<\/p><p>The company recently switched to Shopify Plus platform with FCFS and raffle system integration. Here is a small brief of what FCFS and Raffle system means as the unique marketing strategy that was built for Superkicks:<\/p><p>FCFS means The \"first-come, first-served\" (FCFS) system in which the priority is given to the person or entity that arrives or makes a request first. In Shopify, FCFS refers to a setup where products are sold and fulfilled on a \"first-come, first-served\" basis. This means that when a customer places an order for a product in a Shopify store with FCFS system setup, the product is reserved for that customer and marked as \"sold\" or \"out of stock\" to prevent others from purchasing the same product. <\/p><p>And the \"raffle system\" refers to a method of selling products where customers purchase tickets or entries for a chance to win the opportunity to purchase a limited quantity or high-demand product. It is often used for products that are in high demand and have limited availability, such as limited edition items, exclusive releases, or highly sought-after merchandise.<br\/><\/p>"}}},"block_order":["template--16120080138410__ac49ee34-93eb-4b7d-ac0d-48cb9458101c-168198934484ced25e-0","template--16120080138410__ac49ee34-93eb-4b7d-ac0d-48cb9458101c-168198934484ced25e-1"],"settings":{"backgound":"","text_color":"","align_text":"left","narrow_column":true,"divider":true,"enable_spacing":false}},"a3a67e06-4a4b-46b9-ac10-5efdc570ce19":{"type":"Banner-text","settings":{"main-title":"Challenges","banner-image":"shopify:\/\/shop_images\/Challenge_3x-100.jpg","paragraph":"<p>The performance and traffic handling of Superkicks, an e-commerce site that engaged in selling limited edition sneakers, had several challenges during product drops.  The challenges included:<\/p><p><\/p><h4>Scaling Blockers and Limited Drops<\/h4><p>Superkicks was using an ecommerce platform, which caused scalability issues and limited their ability to handle concurrent traffic during product drops( A marketing strategy where a limited quantity of new products is released for sale at a specific time and date, often with high demand and anticipation from customers).<\/p><p>Additionally, the limited order confirmation capability only allowed the first 60 customers to confirm their orders, resulting in lost sales.<\/p><h4>Bulk Uploads<\/h4><p>Customers had trouble trying to access and buy the products they desired because of store performance issues and slowdowns brought on by the product bulk uploads. This was especially problematic because thousands(30,000) of  people were competing for a limited number of pairs of shoes. This caused chaos when the products were uploaded in bulk and the demand was very strong.<\/p><h4>Influx of Traffic<\/h4><p>Similarly, when a product was dropped, there was frequently an increase in traffic that was too much for the website to handle. This resulted in problems like double or negative orders, when buyers believed they had successfully made a purchase only to learn later that their order had failed. The fact that consumers had to wait until a certain drop time (12 AM) further contributed to the issue because it generated a sudden spike in traffic that the store was unable to handle well, which caused delayed backend performance and checkout issues.<\/p><h4>Inventory Sync Between the Store and the Slow Checkout System<\/h4><p>Maintaining accurate inventory levels across the store with a very high traffic provided the checkout system was lagging. Both the systems did not sync properly. This sometimes led to out-of-stock products being displayed during the checkout process, frustrating customers and negatively impacting sales. <\/p>","narrow_column":true,"padding_size":16}},"5db0ebf3-9a9a-4efd-a9d6-a73841668e54":{"type":"Banner-text","settings":{"main-title":"Solutions","banner-image":"shopify:\/\/shop_images\/Solution_3x-100.jpg","paragraph":"<p>Our team came up with multiple solutions to tackle the challenges faced by Superkicks and to improve their overall e-commerce capabilities. In the following sections, we will discuss solutions we proposed for each of their problems. We were able to help Superkicks optimize their online store and improve their customer experience, leading to increased sales and business growth. The solutions are:<\/p><p><\/p><h4>Shopify Integration with FCFS and Raffle System<\/h4><p>First we recommended that Superkicks migrate from their old ecommerce platform to Shopify. Because it is a more robust and scalable platform that can handle high traffic and process orders quickly. It also offers better inventory management tools and has a more intuitive user interface for managing products, orders, and customers. Additionally, Shopify has a large ecosystem of apps and plugins that can be easily integrated with the platform, which allows for greater customization and flexibility. <\/p><p>By migrating to Shopify, Superkicks would be able to streamline their operations and provide a better overall shopping experience for their customers. Subsequently, we integrated the FCFS and Raffle systems to Shopify. By doing this, Superkicks can enhance user experience while also boosting the performance and scalability of their website. Here is the explanation of what the FCFS and raffle systems are and why they were implemented for the 1st problem:<\/p>","narrow_column":true,"padding_size":16}},"51912573-b065-4231-9fbb-48ceab52cdd5":{"type":"rich-text","blocks":{"template--16120080138410__51912573-b065-4231-9fbb-48ceab52cdd5-16824118860e666eaa-0":{"type":"heading","settings":{"title":"","title_h1":false,"align_title":"left"}}},"block_order":["template--16120080138410__51912573-b065-4231-9fbb-48ceab52cdd5-16824118860e666eaa-0"],"settings":{"backgound":"","text_color":"","align_text":"left","narrow_column":true,"divider":false,"enable_spacing":false}},"54399d9d-f882-440d-bad8-5481967d18c4":{"type":"Banner-text","settings":{"main-title":"Raffle System","banner-image":"shopify:\/\/shop_images\/RUF_2x-100.jpg","paragraph":"<p>To solve scalability issues and limited edition drops we suggested implementing a lottery\/raffle mechanism.  The Raffle system is a lottery-based checkout model that allows customers to enter adraw to purchase a limited-edition product. This allowed all customers an equal chance of securing a limited-edition product, reducing the rush during product drops, and rewarding loyal customers through a Raffle system where selected customers were given priority to purchase through a specialized link shared via email.<\/p>","narrow_column":true,"padding_size":16}},"457a4d90-7ec7-4ead-936b-a7ec7c5a5cde":{"type":"Banner-text","settings":{"main-title":"FCFS system","banner-image":"shopify:\/\/shop_images\/FCFS_UF_2x-100.jpg","paragraph":"<p>To solve scalability issues and limited edition drops we suggested implementing a lottery\/raffle mechanism.  The Raffle system is a lottery-based checkout model that allows customers to enter a draw to purchase a limited-edition product. This allowed all customers an equal chance of securing a limited-edition product, reducing the rush during product drops, and rewarding loyal customers through a Raffle system where selected customers were given priority to purchase through a specialized link shared via email.<\/p><p><\/p><h4>Bot Protection:<\/h4><p>Next, to solve the influx of traffic issues, we added bot protection on the cart to prevent bots from adding products to the cart and interfering with the sales process. This ensured that real customers had an equal opportunity to purchase the limited edition sneakers. <\/p><h5><\/h5><h4>Backend Integrations:<\/h4><p>Lastly, a custom backend system was built to address bulk uploads and to address the issue of inventory sync between the store and the checkout system that could handle high traffic and process orders quickly. <\/p><p>We also used our own database to ensure that the checkout process did not rely on Shopify's database, which allowed us to optimize the checkout process and make it lightning fast. We conducted multiple load tests to make sure that the system could handle high volumes of traffic without crashing. Additionally, we optimized the website's code and image sizes to reduce load times and ensure that customers could complete their purchases quickly and efficiently. <\/p><p>Our custom integration seamlessly synced inventory levels across both systems. This ensured that customers would not be able to add out-of-stock products to their cart during the checkout process, which improved the customer experience and reduced cart abandonment rates.<\/p><p>Additionally, our waitlist feature allowed customers to stay informed about the availability of sold-out products and improved their chances of purchasing the product if it became available again. Our proposed app development would further enhance the customer experience by providing easy access to the website and a seamless shopping experience.<\/p><p>Overall, our solutions helped Superkicks overcome their e-commerce challenges and improve their online shopping experience for customers.<\/p>","narrow_column":true,"padding_size":16}},"8ef7fe7c-660d-4036-bba4-ae89ddb8c2d6":{"type":"Banner-text","settings":{"main-title":"Results","banner-image":"shopify:\/\/shop_images\/Result_3x-100.jpg","paragraph":"<ul><li>10% revenue rate improved after migrating to Shopify Plus<\/li><li>Inventory syncing: Working flawlessly<\/li><li>Store performance: Seamless with no crashes and performing well<\/li><li>10% sales and accuracy rate increased after migrating to Shopify Plus order processing and fulfillment.<\/li><li>The time span earlier taken was around 1:30 hrs to complete the sale, which now is done in 10min with FCFS system (first come, first serve)<\/li><li>The manual work mode increased from 6 hrs to 2 min after Shopify integration.<\/li><\/ul>","narrow_column":true,"padding_size":16}},"52dbf354-3b39-49bf-b7d9-56a48c612285":{"type":"rich-text","blocks":{"template--16120080138410__52dbf354-3b39-49bf-b7d9-56a48c612285-168198934484ced25e-0":{"type":"heading","settings":{"title":"Conclusion","title_h1":false,"align_title":"left"}},"template--16120080138410__52dbf354-3b39-49bf-b7d9-56a48c612285-168198934484ced25e-1":{"type":"text","settings":{"enlarge_text":false,"text":"<p>After migrating to Shopify Plus, the Superkicks team has been able to dedicate their efforts solely to brand growth and innovative footwear product experimentation.<br\/><br\/>Having faith in Shopify Plus's ability to scale regardless of how quickly Superkicks grows enabled the company to reach millions in sales, achieve a healthy revenue rate, and become one of the fastest-growing all-around footwear brands.<br\/><\/p>"}}},"block_order":["template--16120080138410__52dbf354-3b39-49bf-b7d9-56a48c612285-168198934484ced25e-0","template--16120080138410__52dbf354-3b39-49bf-b7d9-56a48c612285-168198934484ced25e-1"],"settings":{"backgound":"","text_color":"","align_text":"left","narrow_column":true,"divider":true,"enable_spacing":false}},"a95bdf8e-7302-4ac9-b6d0-5843be745e0e":{"type":"newsletter","blocks":{"template--16120080138410__a95bdf8e-7302-4ac9-b6d0-5843be745e0e-1682057564fdad3dfd-0":{"type":"title","settings":{"title":"Sign up and save","icon_enable":true}},"template--16120080138410__a95bdf8e-7302-4ac9-b6d0-5843be745e0e-1682057564fdad3dfd-1":{"type":"text","settings":{"text":"<p>Subscribe to get special offers, free giveaways, and once-in-a-lifetime deals.<\/p>"}},"template--16120080138410__a95bdf8e-7302-4ac9-b6d0-5843be745e0e-1682057564fdad3dfd-2":{"type":"form","settings":{}}},"block_order":["template--16120080138410__a95bdf8e-7302-4ac9-b6d0-5843be745e0e-1682057564fdad3dfd-0","template--16120080138410__a95bdf8e-7302-4ac9-b6d0-5843be745e0e-1682057564fdad3dfd-1","template--16120080138410__a95bdf8e-7302-4ac9-b6d0-5843be745e0e-1682057564fdad3dfd-2"],"settings":{"color_background":"#f9f9f9","color_text":"#1c1d1d"}}},"order":["main","b03af30b-1a90-407e-8047-cf7e2f8c7caf","34821ad9-3f9d-4a29-bcab-65fd2af55c39","ac49ee34-93eb-4b7d-ac0d-48cb9458101c","a3a67e06-4a4b-46b9-ac10-5efdc570ce19","5db0ebf3-9a9a-4efd-a9d6-a73841668e54","51912573-b065-4231-9fbb-48ceab52cdd5","54399d9d-f882-440d-bad8-5481967d18c4","457a4d90-7ec7-4ead-936b-a7ec7c5a5cde","8ef7fe7c-660d-4036-bba4-ae89ddb8c2d6","52dbf354-3b39-49bf-b7d9-56a48c612285","a95bdf8e-7302-4ac9-b6d0-5843be745e0e"]}