{"sections":{"main":{"type":"main-page","disabled":true,"settings":{}},"1646056720b61de75a":{"type":"text-and-image","settings":{"image":"shopify:\/\/shop_images\/Marmeto_PlobalApps.jpg","image_width":700,"subtitle":"A mobile app partnership with","title":"Plobal","enable_large_title":true,"text":"<p>Plobal Apps helps online stores build mobile apps in minutes with zero coding.<\/p>","button_label":"Know More","button_link":"shopify:\/\/pages\/contact","button_style":"primary","align_text":"left","layout":"right","divider":false,"remove_top_spacing":false}},"1646056746188470a5":{"type":"text-columns","blocks":{"164605674645c87ec2-0":{"type":"text_block","settings":{"enable_image":true,"image":"shopify:\/\/shop_images\/No-code_Design.png","image_width":200,"title":"Intuitive no-code design","text":"<p>Design a beautiful, powerful app to match your brand’s unique look & feel using a drag & drop builder with unlimited customization options and zero code.<\/p>","button_label":"","button_link":""}},"164605674645c87ec2-1":{"type":"text_block","settings":{"enable_image":true,"image":"shopify:\/\/shop_images\/Personalized_Push_Notifications.png","image_width":200,"title":"Personalized notifications","text":"<p>Send targeted, personalized push notifications based on your buyer's intent at the most critical points in the mobile shopping journey.<\/p>","button_label":"","button_link":""}},"164605674645c87ec2-2":{"type":"text_block","settings":{"enable_image":true,"image":"shopify:\/\/shop_images\/Strategic_App_Growth_Partnership.png","image_width":200,"title":"Strategic growth partnership","text":"<p>Get your app fully built and managed by expert account managers, growth strategists, and designers, and ensure that your app boosts revenue and lifts sales.<\/p>","button_label":"","button_link":""}},"c13e755e-b9db-4082-b7ae-5c424fb56018":{"type":"text_block","settings":{"enable_image":true,"image":"shopify:\/\/shop_images\/Advanced_Analytics.png","image_width":200,"title":"Advanced analytics","text":"<p>Use advanced analytics to get insights on buying behaviours of your most loyal customers, to drive repeat purchases. <\/p>","button_label":"","button_link":""}}},"block_order":["164605674645c87ec2-0","164605674645c87ec2-1","164605674645c87ec2-2","c13e755e-b9db-4082-b7ae-5c424fb56018"],"settings":{"backgound":"#14151b","text_color":"#ffffff","title":"How this partnership benefits you","text":"","align_text":"center","divider":false,"enable_spacing":false}},"16485575223bc8bb81":{"type":"text-and-image","settings":{"image":"shopify:\/\/shop_images\/MacDesktopBanner_Plobal.jpg","image_width":700,"subtitle":"","title":"About Plobal Apps","enable_large_title":false,"text":"<p>One of the largest app builders in the Shopify ecosystem, Plobal powers mobile commerce journeys – from driving installs, engaging customers, to scaling revenues for the world's fastest growing brands like Steve Madden, The House of Rare, Koovs, and others.<\/p>","button_label":"Know More","button_link":"shopify:\/\/pages\/contact","button_style":"primary","align_text":"left","layout":"right","divider":false,"remove_top_spacing":false}}},"order":["main","1646056720b61de75a","1646056746188470a5","16485575223bc8bb81"]}