{"sections":{"main":{"type":"page-title","disabled":true,"settings":{"title":"Page title","subtitle":"Page subtitle","text":"<p>Use this text to share information about your brand with your customers.<\/p>","cta_text1":"","cta_link1":"","cta_text2":"","cta_link2":"","divider":false}},"16453628488c43f37a":{"type":"text-and-image","settings":{"image":"shopify:\/\/shop_images\/Shopify_Plus__Banner_02_31371632-5baf-4092-b1fe-15252e26df87.png","image_width":700,"subtitle":"SHOPIFY PLUS LET'S YOU","title":"Adapt to fast growth","enable_large_title":true,"text":"<p>The omnichannel enterprise platform, built for the Bold, the <strong>INNOVATIVE <\/strong>and the <strong>NIMBLE<\/strong>. Built for the <strong>CHANGEMAKERS <\/strong>of today.<\/p>","button_label":"Let's talk","button_link":"https:\/\/marmeto.com\/pages\/contact","button_style":"primary","align_text":"left","layout":"right","divider":false,"remove_top_spacing":false}},"1644326576082ad1c9":{"type":"video-with-text","disabled":true,"settings":{"image":"shopify:\/\/shop_images\/XYXX_Thumbnail_1.png","video_id":"https:\/\/www.youtube.com\/watch?v=VGePZ-JkehQ","video_width":700,"subtitle":"Shopify Plus let's you","title":"Adapt to fast growth","text":"<p>The omnichannel enterprise platform, built for the Bold, the <strong>INNOVATIVE<\/strong> and the <strong>NIMBLE<\/strong>. Built for the <strong>CHANGEMAKERS<\/strong> of today.<\/p>","button_label":"Let's talk","button_link":"shopify:\/\/pages\/contact","button_style":"primary","align_text":"left","layout":"right","divider":false}},"16434812336d26811a":{"type":"logo-list","blocks":{"16434812336669d45a-1":{"type":"logo_image","settings":{"image":"shopify:\/\/shop_images\/Belif_bd1cfc8c-98b0-43e4-9927-2b53059fc2bd.png","link":""}},"16434812336669d45a-2":{"type":"logo_image","settings":{"image":"shopify:\/\/shop_images\/epigamia_f7896e75-9a53-46b5-8974-625a77924eea.png","link":""}},"16434812336669d45a-0":{"type":"logo_image","settings":{"image":"shopify:\/\/shop_images\/imagine_94e241fa-8737-4caf-a2ab-97f89934d91f.png","link":""}},"433a3f51-68e3-4052-a7e9-3cd391ba821d":{"type":"logo_image","settings":{"image":"shopify:\/\/shop_images\/blackberrys.png","link":""}},"16434812336669d45a-3":{"type":"logo_image","settings":{"image":"shopify:\/\/shop_images\/mcaffeine_ff5da366-5289-4c05-b94d-69404e8f6ce8.png","link":""}},"6060d361-5d39-4923-89a7-f7b9fcf668d6":{"type":"logo_image","settings":{"image":"shopify:\/\/shop_images\/the_face_shop_06f39c79-55f5-4757-92ca-302998f4181e.png","link":""}}},"block_order":["16434812336669d45a-1","16434812336669d45a-2","16434812336669d45a-0","433a3f51-68e3-4052-a7e9-3cd391ba821d","16434812336669d45a-3","6060d361-5d39-4923-89a7-f7b9fcf668d6"],"settings":{"backgound":"#ffffff","text_color":"","title":"","text":"","bottom_text":"","logo_opacity":100,"divider":false,"enable_spacing":false}},"1644327925d7b6e103":{"type":"text-columns","blocks":{"164432792576af5f8c-0":{"type":"text_block","settings":{"enable_image":true,"image":"shopify:\/\/shop_images\/Global_Domination_8d6a0507-9bb7-4617-9100-3bc91a59de0a.jpg","image_width":650,"title":"Achieve Global Domination","text":"<p>Selling globally by engaging regionally. From multiple store fronts to localized currencies and languages, take your regional launches to the next level. With the provision of unlimited staff accounts sell in up to 150+ countries.<\/p>","button_label":"Read More","button_link":"https:\/\/marmeto.com\/pages\/shopify-plus-features"}},"164432792576af5f8c-2":{"type":"text_block","settings":{"enable_image":true,"image":"shopify:\/\/shop_images\/Customize_b7487f14-3b39-406e-8723-099479d65da2.jpg","image_width":650,"title":"Leverage Customization","text":"<p>Build unforgettable and immersive experiences by customizing and personalizing your brand experience. Explore the script editor for advanced customizations in Liquid, HTML, CSS, and JavaScript. <\/p>","button_label":"Read More","button_link":"https:\/\/marmeto.com\/pages\/shopify-plus-features"}},"164432792576af5f8c-1":{"type":"text_block","settings":{"enable_image":true,"image":"shopify:\/\/shop_images\/Automation_e05239ee-f32a-492a-9ebb-eda8b6852195.jpg","image_width":650,"title":"Automate without a sweat","text":"<p>From automating day-to-day tasks to building unique checkout experiences, build custom workflows in Shopify Flow. Run flash sales, product drops, and marketing campaigns on autopilot with Launchpad.<\/p>","button_label":"Read More","button_link":"https:\/\/marmeto.com\/pages\/shopify-plus-features"}}},"block_order":["164432792576af5f8c-0","164432792576af5f8c-2","164432792576af5f8c-1"],"settings":{"backgound":"","text_color":"","title":"Experience the gargantuan force of ecommerce innovation","text":"<p>Start, grow, and scale your business, backed by an ethical pricing model.<br\/> Spend less time and get more work done with automated workflows, custom integrations and higher API limits!<br\/> Plus is where everything gets bigger, better and faster. Migrate from any existing platform in 90 days or less!<\/p>","align_text":"center","divider":false,"enable_spacing":false}},"16443945187e3cbdfd":{"type":"text-and-image-slider","blocks":{"6b305fa5-bedf-4f61-9e89-b12445867025":{"type":"slider-content","settings":{"image":"shopify:\/\/shop_images\/2_step.png","image_width":700,"subtitle":"SOLUTIONS ON SHOPIFY","title":"2-Step Checkout","text":"<p>Skip straight ahead to checkout! Reduce friction in your buyer journey and reduce cart abandonment. Reap the benefits of a quicker checkout process.<\/p>","button_label":"Let's talk","button_link":"https:\/\/marmeto.com\/pages\/reduce-checkout-abandonment-with-the-2-step-checkout-solution-on-shopify-plus","button_style":"primary","align_text":"left","layout":"right"}},"0b87ea24-f68a-4e0a-ac00-bd31402b6432":{"type":"slider-content","settings":{"image":"shopify:\/\/shop_images\/empty_cart.png","image_width":700,"subtitle":"SOLUTIONS ON SHOPIFY","title":"Empty Cart Upsell","text":"<p>Yes, you read that right.  Improve your ecommerce store's cart experience with our custom built solution. <\/p>","button_label":"Read more","button_link":"shopify:\/\/pages\/increase-your-shopify-website-s-add-to-cart-rate-with-empty-cart-upsell-solution","button_style":"primary","align_text":"left","layout":"right"}}},"block_order":["6b305fa5-bedf-4f61-9e89-b12445867025","0b87ea24-f68a-4e0a-ac00-bd31402b6432"],"settings":{"divider":false}},"16443285115976c7ac":{"type":"text-and-counter","blocks":{"16443285119daadb26-0":{"type":"text","settings":{"number":"10000+","text":"<p>Shopify Plus brands <br\/>leading the charge<\/p>"}},"16443285119daadb26-1":{"type":"text","settings":{"number":"175","text":"<p>Countries and 21 languages<br\/> to sell in<\/p>"}},"16443285119daadb26-2":{"type":"text","settings":{"number":"10978","text":"<p>Peak checkouts per<br\/>minute across Shopify<\/p>"}}},"block_order":["16443285119daadb26-0","16443285119daadb26-1","16443285119daadb26-2"],"settings":{}},"1643485483b4c800a0":{"type":"video-list","blocks":{"164348548341f72f73-0":{"type":"video_block","settings":{"image":"shopify:\/\/shop_images\/Banner_JC.jpg","video_id":"efCgSfYfgxY"}},"164348548341f72f73-2":{"type":"video_block","settings":{"image":"shopify:\/\/shop_images\/power_gummies_thumbnail.jpg","video_id":"eJRvXxCEh-A"}},"164348548341f72f73-3":{"type":"video_block","settings":{"image":"shopify:\/\/shop_images\/xyxx_thumbnail.jpg","video_id":"VGePZ-JkehQ"}},"164348548341f72f73-1":{"type":"video_block","settings":{"image":"shopify:\/\/shop_images\/epigamia.jpg","video_id":"anG0fUVKUHo&t=1s"}}},"block_order":["164348548341f72f73-0","164348548341f72f73-2","164348548341f72f73-3","164348548341f72f73-1"],"settings":{"backgound":"","text_color":"","title":"OUR PLUS PACK","text":"<p>Sneak a peak and explore some of our finest work with these Shopify Plus brands. <br\/>Beauty, Food, Apparels, Manufacturing...... you name it, we've got you're back!<\/p>","align_text":"center","divider":false,"enable_spacing":false}}},"order":["main","16453628488c43f37a","1644326576082ad1c9","16434812336d26811a","1644327925d7b6e103","16443945187e3cbdfd","16443285115976c7ac","1643485483b4c800a0"]}