{"sections":{"main":{"type":"main-page","disabled":true,"settings":{}},"1653548756adc78bdb":{"type":"text-strip","disabled":true,"settings":{"narrow_column":true,"backgound":"#ffffff","text_color":"#14151b","align_text":"center","title":"Marmeto Academy"}},"16535435496ab22a87":{"type":"text-and-image","disabled":true,"settings":{"image":"shopify:\/\/shop_images\/Website_Mobile.jpg","image_width":700,"subtitle":"Hone your skills","title":"Become the kind of Frontend Engineer that the industry needs!","enable_large_title":false,"text":"<p>In the past 4 years, our team of Marmetians has developed 500+ websites across Shopify. Here's the perfect opportunity for you to learn the technical skills required to be a Shopify developer and imbibe the critical thinking approach needed for ecommerce, while getting mentored by our team!<\/p>","button_label":"FILL UP THE APPLICATION","button_link":"https:\/\/forms.gle\/jaH47XL8RqwDfwY69","button_style":"primary","align_text":"left","layout":"right","divider":false,"remove_top_spacing":true}},"165354963664b7834e":{"type":"slideshow","blocks":{"1653549636514f0131-0":{"type":"image","settings":{"title":"Become the kind of Frontend Engineer \nthat the industry needs!","title_size":50,"subheading":"Get the right skills","link":"https:\/\/forms.gle\/jaH47XL8RqwDfwY69","link_text":"APPLY FOR ACADEMY","text_align":"vertical-center horizontal-left","image":"shopify:\/\/shop_images\/compare-fibre-Y8TiLvKnLeg-unsplash.jpg","overlay_opacity":20,"focal_point":"center center"}}},"block_order":["1653549636514f0131-0"],"settings":{"section_height":"100vh","mobile_height":"400px","parallax":false,"style":"arrows","autoplay":false,"autoplay_speed":5}},"16535642683a110c7a":{"type":"text-columns","blocks":{"1653564268c0ce686c-0":{"type":"text_block","settings":{"enable_image":true,"image":"shopify:\/\/shop_images\/guarantee-certificate.png","image_width":120,"title":"100% Job Guarantee","text":"","button_label":"","button_link":""}},"1653564268c0ce686c-1":{"type":"text_block","settings":{"enable_image":true,"image":"shopify:\/\/shop_images\/no-fee_1.png","image_width":120,"title":"No Hidden Fees","text":"","button_label":"","button_link":""}},"1653564268c0ce686c-2":{"type":"text_block","settings":{"enable_image":true,"image":"shopify:\/\/shop_images\/freelance.png","image_width":120,"title":"Trained by Industry Experts","text":"","button_label":"","button_link":""}},"f30fe0d4-7940-4b29-b0a5-25bf37c4c69e":{"type":"text_block","settings":{"enable_image":true,"image":"shopify:\/\/shop_images\/badge_1.png","image_width":120,"title":"Merit Based Selection","text":"","button_label":"","button_link":""}}},"block_order":["1653564268c0ce686c-0","1653564268c0ce686c-1","1653564268c0ce686c-2","f30fe0d4-7940-4b29-b0a5-25bf37c4c69e"],"settings":{"backgound":"#ffffff","text_color":"#14151b","title":"Experience the Advantages","text":"<p><br\/><\/p>","align_text":"center","divider":false,"enable_spacing":true}},"1653544221749f612f":{"type":"rich-text","blocks":{"165354422187b1dbea-0":{"type":"heading","settings":{"title":"Why Marmeto Academy?","title_h1":false,"align_title":"center"}},"165354422187b1dbea-1":{"type":"text","settings":{"enlarge_text":false,"text":"<p><\/p><p>At Marmeto, we are committed to building programs and infra to produce the most skilled talent for the eCommerce industry. An extension of the same vision is - <strong>Marmeto Academy<\/strong>. <br\/><br\/><strong>Marmeto Academy<\/strong> focuses on producing highly skilled and talented engineers for <strong>Shopify<\/strong> in the initial phase with the help of a highly curated and focused training program. These minds will not only be competing with highly experienced folks of the industry from <strong>day 1<\/strong> but will also be well versed and hands-on with the most complex implementations done on the platform ever, <br\/>all in a matter of just <strong>28 days<\/strong>.<\/p>"}}},"block_order":["165354422187b1dbea-0","165354422187b1dbea-1"],"settings":{"backgound":"","text_color":"","align_text":"center","narrow_column":true,"divider":false,"enable_spacing":false}},"16535446838bcf5c2a":{"type":"text-and-image","settings":{"image":"shopify:\/\/shop_images\/Website_Banner_02_Mobile.jpg","image_width":700,"subtitle":"","title":"Can Shopify be your career choice?","enable_large_title":false,"text":"<p><br\/>- Shopify todays powers close to <strong>2M<\/strong> stores worldwide and around 40% of those store owners are looking for Shopify developers.<\/p><p>- Shopify is one of the leading eCommerce platforms, with almost <strong>20% market share<\/strong>.<\/p><p>- Shopify has contributed to <strong>$319 Billion in Global Economic Activity<\/strong>.<br\/><br\/>- With the increased demands in eCommerce industry, working in Shopify ecosystem is a widely accepted career<\/p>","button_label":"","button_link":"","button_style":"primary","align_text":"left","layout":"right","divider":false,"remove_top_spacing":false}},"1653548049fa72ed17":{"type":"rich-text","blocks":{"165354804954cebe8b-0":{"type":"heading","settings":{"title":"Who qualifies to enroll for this?","title_h1":false,"align_title":"center"}},"165354804954cebe8b-1":{"type":"text","settings":{"enlarge_text":false,"text":"<p><strong><br\/>- You do not reside in Metro or TIER-I cities of India<br\/><br\/>- Someone who has completed Bachelor's \/ Master's degree<br\/><br\/>- Someone who has worked on 3 or more projects using front-end technologies as a part of their academics or professional career.<\/strong><\/p><p><strong>- Someone with a love for technology, looking for an opportunity to make their mark in the world of innovation.<\/strong><\/p><p><strong>- Someone who's passionate towards problem-solving<\/strong><\/p><p><strong>- Someone with an Active HackerRank\/Stack Overflow\/Reddit or any other developers’ community profile will be considered a plus.<\/strong><\/p><p><strong>- Someone who has a past experience of being an entrepreneur or working with early-stage startups will be considered a plus.<br\/><br\/><br\/><\/strong><\/p>"}},"a98b938c-7328-4c20-9e05-ee21233df8fc":{"type":"button","settings":{"link":"https:\/\/forms.gle\/jaH47XL8RqwDfwY69","link_text":"APPLY FOR ACADEMY","align_button":"center"}}},"block_order":["165354804954cebe8b-0","165354804954cebe8b-1","a98b938c-7328-4c20-9e05-ee21233df8fc"],"settings":{"backgound":"","text_color":"","align_text":"left","narrow_column":true,"divider":false,"enable_spacing":false}},"1653548271c77c2113":{"type":"rich-text","blocks":{"1653548271998cdabc-0":{"type":"heading","settings":{"title":"What can you expect from this?","title_h1":false,"align_title":"center"}},"1653548271998cdabc-1":{"type":"text","settings":{"enlarge_text":false,"text":"<p><\/p><p>-<strong> Absolutely zero investment. <\/strong>Yes you heard it right,<strong> <\/strong>this training program is absolutely <strong>free<\/strong>. <br\/><br\/>- <strong>Guaranted placement <\/strong>post training.<br\/><br\/>- Once qualified, You'll be provided with <strong>Free Accommodation<\/strong> for the entire duration of training (<strong>28 working days<\/strong>).<br\/><br\/>- Professional training that prepares you to work with the best platforms and tools used across the eCommerce industry.<\/p><p>- Opportunity to work with talented minds who are powering the commerce of the biggest brands you see around.<br\/><br\/><br\/><\/p>"}},"de3ffec3-d3e5-4386-876b-d571c2ce00d2":{"type":"button","settings":{"link":"https:\/\/forms.gle\/jaH47XL8RqwDfwY69","link_text":"APPLY FOR ACADEMY","align_button":"center"}}},"block_order":["1653548271998cdabc-0","1653548271998cdabc-1","de3ffec3-d3e5-4386-876b-d571c2ce00d2"],"settings":{"backgound":"#ffffff","text_color":"#14151b","align_text":"left","narrow_column":true,"divider":false,"enable_spacing":true}},"16535544191d16bf2b":{"type":"text-columns","blocks":{"1653554419ab9af423-0":{"type":"text_block","settings":{"enable_image":true,"image":"shopify:\/\/shop_images\/scott-graham-OQMZwNd3ThU-unsplash.jpg","image_width":650,"title":"700+ Applications","text":"","button_label":"","button_link":""}},"1653554419ab9af423-1":{"type":"text_block","settings":{"enable_image":true,"image":"shopify:\/\/shop_images\/pierre-bamin-8we5qwdjWk8-unsplash.jpg","image_width":650,"title":"224 Training Hours","text":"","button_label":"","button_link":""}},"1653554419ab9af423-2":{"type":"text_block","settings":{"enable_image":true,"image":"shopify:\/\/shop_images\/cytonn-photography-n95VMLxqM2I-unsplash.jpg","image_width":650,"title":"100% Placement","text":"","button_label":"","button_link":""}}},"block_order":["1653554419ab9af423-0","1653554419ab9af423-1","1653554419ab9af423-2"],"settings":{"backgound":"","text_color":"","title":"Overview of our last batch","text":"","align_text":"center","divider":false,"enable_spacing":false}},"165357115940cf8a3a":{"type":"testimonials","blocks":{"16535711591f87eab9-0":{"type":"testimonial","settings":{"icon":"quote","testimonial":"<p>It has been a journey from nowhere to somewhere and I am keen to see where this journey now takes me - getting exposure to the latest technology of liquid language along with enhancing my skills with HTML, CSS and JS has been a fruitful journey. The learning environment is very friendly which made the process easy to flow with.<\/p>","image":"shopify:\/\/shop_images\/WhatsApp_Image_2022-05-11_at_3.47.19_PM.jpg","author":"Arshiya K","author_info":"Frontend Engineer, Marmeto"}},"16535711591f87eab9-2":{"type":"testimonial","settings":{"icon":"quote","testimonial":"<p>I appreciate the concise handouts shared that can be used for future reference - the quality of the modules that has been prepared is excellent. The course is a great mix of theory along with practical application! <\/p>","image":"shopify:\/\/shop_images\/WhatsApp_Image_2022-05-12_at_2.23.14_PM.jpg","author":"Vaishali","author_info":"Frontend Engineer, Marmeto"}},"16535711591f87eab9-1":{"type":"testimonial","settings":{"icon":"quote","testimonial":"<p>Marmeto is a company that inspires and challenges me at all levels. I get to work and bring out my best in a great working environment with complete management support.<\/p>","image":"shopify:\/\/shop_images\/WhatsApp_Image_2022-05-11_at_3.47.20_PM.jpg","author":"Shivaraj","author_info":"Frontend Engineer, Marmeto"}},"16535711591f87eab9-3":{"type":"testimonial","settings":{"icon":"quote","testimonial":"<p>Learning liquid, a new technology and getting in-depth knowledge on HTML and CSS was enlightening! Thank you so much for your valuable training. I really enjoyed it, and appreciate that the course is fun filled too! I am now confident of what lies ahead..<\/p>","image":"shopify:\/\/shop_images\/WhatsApp_Image_2022-05-11_at_3.47.21_PM.jpg","author":"Nayana","author_info":"Frontend Engineer, Marmeto"}},"75c32be1-2602-4615-a106-5f58af28f7b7":{"type":"testimonial","settings":{"icon":"quote","testimonial":"<p>The academy has done a wonderful job creating an easy-to-follow syllabus - the entire course is delivered flawlessly because of the skilled expertise of the trainer in Shopify\/Frontend development.  At the end of the training in just 28 days, I now have all the skills that a Shopify developer would have built over a period of 6 months to a year which is very exciting at the start of my career itself. <\/p>","image":"shopify:\/\/shop_images\/IMG_1252_2.jpg","author":"Madhan","author_info":"Frontend Engineer, Marmeto"}},"16535711591f87eab9-4":{"type":"testimonial","settings":{"icon":"quote","testimonial":"<p>28 day program definitely requires dedication and comes with ups and down but in the end its all worth it. I was unaware of Shopify in the beginning but by the end of the course I believe I have an amazing career opportunity ahead.<\/p>","image":"shopify:\/\/shop_images\/WhatsApp_Image_2022-05-11_at_3.47.30_PM.jpg","author":"Nikhita","author_info":"Frontend Engineer, Marmeto"}}},"block_order":["16535711591f87eab9-0","16535711591f87eab9-2","16535711591f87eab9-1","16535711591f87eab9-3","75c32be1-2602-4615-a106-5f58af28f7b7","16535711591f87eab9-4"],"settings":{"title":"Testimonials","round_images":true,"color_background":"#e6e6e6","color_text":"#1c1d1d"}},"1653605579e0ed42ff":{"type":"rich-text","blocks":{"1653605579a5798b9e-0":{"type":"heading","settings":{"title":"Want to know more about the program?","title_h1":false,"align_title":"center"}},"01ae0453-2051-410f-99e0-d287ec0f6b6c":{"type":"text","settings":{"enlarge_text":true,"text":"<p><br\/><\/p>"}},"73d56b52-5389-464b-9a66-035a05da5489":{"type":"button","settings":{"link":"https:\/\/www.linkedin.com\/in\/amarjyoti-khuntia\/","link_text":"CONNECT WITH US","align_button":"center"}}},"block_order":["1653605579a5798b9e-0","01ae0453-2051-410f-99e0-d287ec0f6b6c","73d56b52-5389-464b-9a66-035a05da5489"],"settings":{"backgound":"","text_color":"","align_text":"center","narrow_column":true,"divider":false,"enable_spacing":false}}},"order":["main","1653548756adc78bdb","16535435496ab22a87","165354963664b7834e","16535642683a110c7a","1653544221749f612f","16535446838bcf5c2a","1653548049fa72ed17","1653548271c77c2113","16535544191d16bf2b","165357115940cf8a3a","1653605579e0ed42ff"]}