{"sections":{"16428923432d7e2a73":{"type":"rich-text","blocks":{"164289234333fed052-0":{"type":"heading","settings":{"title":"Trusted by Leading Brands","title_h1":false,"align_title":"center"}},"164289234333fed052-1":{"type":"text","settings":{"enlarge_text":false,"text":"<p>Whether you’re looking for a new online store, are migrating from your current platform, or need ongoing support to optimize your existing site, we’ve got you. We’ve built some of the most complex Online stores out there, so rest assured you’ll be in safe hands.<\/p>"}}},"block_order":["164289234333fed052-0","164289234333fed052-1"],"settings":{"backgound":"","text_color":"","align_text":"center","narrow_column":true,"divider":false,"enable_spacing":false}},"16428819371830f30c":{"type":"text-and-counter","disabled":true,"blocks":{"1642881937cbaa15dc-0":{"type":"text","settings":{"number":"1000+","text":"<p>Happy<strong> <\/strong>Clients<\/p>"}},"1642881937cbaa15dc-1":{"type":"text","settings":{"number":"723+","text":"<p>Completed<strong> <\/strong>Projects<\/p>"}},"1642881937cbaa15dc-2":{"type":"text","settings":{"number":"3678+","text":"<p>Creative Ideas<\/p>"}},"c0390c3a-2a5d-4d12-989e-e6c8e6098a59":{"type":"text","settings":{"number":"31+","text":"<p>Countries Exposure<\/p>"}}},"block_order":["1642881937cbaa15dc-0","1642881937cbaa15dc-1","1642881937cbaa15dc-2","c0390c3a-2a5d-4d12-989e-e6c8e6098a59"],"settings":{}},"16481639862657c500":{"type":"text-columns","blocks":{"1648163986bdb00033-0":{"type":"text_block","settings":{"enable_image":true,"image":"shopify:\/\/shop_images\/Superkicks_2x-100_33dcec74-67a5-4e69-8f7d-a88fb6827998.jpg","image_width":650,"title":"Superkicks","text":"<p>From Drop Rates to Skyrocketing Sales: Marmeto's Unique Marketing Strategy Helps Superkicks Increase Sales by 10%. Discover the Solution to Boost Your Revenue!<\/p>","button_label":"Read the Case Study","button_link":"shopify:\/\/pages\/case-study-marmeto-platform-integration-helps-superkicks-increase-sales","open_popup":false,"enquiry":""}},"1648163986bdb00033-1":{"type":"text_block","settings":{"enable_image":true,"image":"shopify:\/\/shop_images\/Dalmia_Cement_2x-100_d41dba72-e733-474e-ab9a-5903e9bf3bdf.jpg","image_width":650,"title":"Dalmia Cements","text":"<p>The power of Strategic Partnerships: Check out how we helped Dalmia Cements offer a seamless shopping experiences and drive significant sales growth.<\/p>","button_label":"Read the Case Study","button_link":"shopify:\/\/pages\/case-study-dalmia-sees-a-30-percent-sales-growth-on-shopify-with-marmeto","open_popup":false,"enquiry":""}},"1648163986bdb00033-2":{"type":"text_block","disabled":true,"settings":{"enable_image":true,"image":"shopify:\/\/shop_images\/Kohler_2x-100.jpg","image_width":650,"title":"Kohler","text":"<p>From the initial consultation to the implementation, we've provided expert guidance and continuous support to ensure the success of their store.<\/p><p><\/p>","button_label":"Read the Case Study","button_link":"shopify:\/\/pages\/marmeto-helps-kohler-deliver-the-ultimate-shopping-experience","open_popup":false,"enquiry":""}}},"block_order":["1648163986bdb00033-0","1648163986bdb00033-1","1648163986bdb00033-2"],"settings":{"backgound":"rgba(0,0,0,0)","text_color":"","title":"","text":"","align_text":"center","divider":false,"enable_spacing":false,"number_of_columns":"one-large-half"}},"1643020967a556bb6d":{"type":"faq","disabled":true,"blocks":{"16430209675848e4c8-0":{"type":"question","settings":{"title":"Design & UX","text":"<p>Our Design and UX partners create seamless, user-centric designs that showcase your brand and supercharge your revenue. We’ll work together to create the perfect design that not only meets your brief, but makes sure your website stays easy to manage.<\/p><p>Our partners don't just design to convert, they design to retain. Expect your customers to leave delighted, and keep coming back for more.<\/p>","button_label":"","button_link":""}},"16430209675848e4c8-1":{"type":"question","settings":{"title":"Development","text":"<p>We develop online stores that convert visitors to customers and are ready to scale, using the power of Shopify Plus. We’ll build your Shopify store compliant, accessible and extensible as well as optimized for SEO, performance, internationalization, and mobile.<\/p>","button_label":"","button_link":""}},"656e8496-f08f-423f-9461-87eb412d74d2":{"type":"question","settings":{"title":"Platform Migration","text":"<p>Moving between platforms can be a pretty daunting task. But it doesn’t have to be. Most of our Shopify Plus projects involve migrating brands from Magento, WooCommerce alongside other e-commerce platforms.<\/p>","button_label":"","button_link":""}},"355b03aa-0992-449a-9a87-6cebcaa1953c":{"type":"question","disabled":true,"settings":{"title":"International Expansion","text":"<p>Breaking into new markets is one of the most fruitful avenues for business growth. And although international e-commerce can be complex, we can guide you through the process and strategies for how it’s done through Shopify Plus.<\/p><p>We’ll decipher the best architectural route for you, and help you execute your global strategy with ease. If you’re ready to grow your global footprint, we’re ready to stretch your global potential.<\/p>","button_label":"","button_link":""}},"e938f46c-b88b-4b7d-b526-6be84c53b89a":{"type":"question","disabled":true,"settings":{"title":"Headless Commerce","text":"<p>Headless commerce is the decoupling of your website front-end (the “head”) from your back-end content and commerce systems. This brings extreme flexibility and crazy-fast site speed.<\/p><p>But headless setups require huge expertise and higher ongoing costs, which is why we believe they’re only right for very specific business cases. If you’re interested in headless, we can talk you through the many options for this architecture, and have our team deliver a best-in-class result.<\/p>","button_label":"","button_link":""}},"4741055c-e435-4c33-a01b-65a2c3d5ed4d":{"type":"question","settings":{"title":"Conversion Rate Optimization (CRO)","text":"<p>You might have a stunning new Shopify Plus store with a lofty tech-stack that’s not struggling for traffic at all. But can we push that conversion rate higher?<\/p><p>Our CRO and a lot more will help you navigate. Those sky-high conversion rate targets don’t have to only be ambitions. We’ll get you the conversions your products deserve.<\/p>","button_label":"","button_link":""}},"9cddabe7-1788-4f92-9b79-1904251b8a65":{"type":"question","settings":{"title":"Performance Optimization","text":"<p>When it comes to e-commerce, time really is money. A slow store can damage your bounce rate, hurt your conversions, and slash your search positions.<\/p><p>We use a custom development framework and keep a stern focus when designing-to-convert, creating Shopify stores that are some of the fastest out there. Passionate about performance, we can keep tuning your website for speed as well, so that even as your business expands, your store remains lightning-fast.<br\/><br\/>Let us do a quick review for your store. <\/p>","button_label":"","button_link":""}},"bd6649de-1a6c-4a83-b0a3-2ffeeedcc05e":{"type":"question","settings":{"title":"Third Party Integrations","text":"<p>Your e-commerce team should be focused on growth. Not bogged down by manually inputting data again and again into overly-complex spreadsheets.<\/p><p>Let us connect your online store to the back-end of your retail operations. We’ll integrate all your product, customer and order data between Shopify and your ERP, PIM and marketing systems. Then, watch your team get their time back to focus on what matters the most.<\/p>","button_label":"","button_link":""}},"59577e92-e917-4060-85bc-b2621f78fb98":{"type":"question","settings":{"title":"Checkout Customisations","text":"<p>Getting the checkout process right can boost your top line by millions. Ultimately, this comes down to nurturing trust and decreasing friction for your customers.<\/p><p>Choosing and integrating the right payment options is necessary on every project, and on some projects, we also provide custom solutions like subscriptions, pre-orders and crowdfunding.<\/p><p>Of course, we’ll also make sure that your accounts, ERP and financial reporting are all thoroughly integrated.<\/p>","button_label":"","button_link":""}},"ace207ab-dab6-4581-95f4-ebf7158e4004":{"type":"question","settings":{"title":"Custom Shopify App Development","text":"<p>Have you got a super-specific functionality requirement? So niche, there isn’t an existing app to cater for it? Well, not yet...<\/p><p>Our team brings extensive Shopify knowledge and development experience to create technologies tailored to your business. If there’s a way of building a solution, we’ll make it happen.<\/p>","button_label":"","button_link":""}},"cdea2cec-d4eb-4db6-a881-5e4c1d22ec01":{"type":"rich-text","settings":{"title":"","text":"<p>We simplify ecommerce for your brand. Sneak a peak at <a href=\"\/pages\/our-works\" title=\"Our Works\">our clientele. <\/a><\/p>","align_text":"center"}}},"block_order":["16430209675848e4c8-0","16430209675848e4c8-1","656e8496-f08f-423f-9461-87eb412d74d2","355b03aa-0992-449a-9a87-6cebcaa1953c","e938f46c-b88b-4b7d-b526-6be84c53b89a","4741055c-e435-4c33-a01b-65a2c3d5ed4d","9cddabe7-1788-4f92-9b79-1904251b8a65","bd6649de-1a6c-4a83-b0a3-2ffeeedcc05e","59577e92-e917-4060-85bc-b2621f78fb98","ace207ab-dab6-4581-95f4-ebf7158e4004","cdea2cec-d4eb-4db6-a881-5e4c1d22ec01"],"settings":{"title":"SERVICES TO CHOOSE FROM","divider":false}},"d4035ec7-184c-4b17-81b8-19139842bc6c":{"type":"contact-form-strip","disabled":true,"settings":{"section_heading":"Connect for eCommerce Development","page_source":"Our Services","spacing_top":0,"spacing_bottom":0}},"main":{"type":"page-title","disabled":true,"settings":{"title":"WE \nCODE\nSMART","subtitle":"Stay ahead of the curve with our eCommerce expertise","text":"<p>We are \"eCommerce Tech Enablers\"<br\/>We build solutions to enable your operational independence. As tech-partners, we believe that a good solution should be  future-proof and stand the test of time. <br\/><br\/>The ecommerce landscape is vibrant and ever-evolving. You can't play catch-up in this industry. Our ultimate goal is to build seamless ecommerce tech solutions, that help you scale and provide a unique experience to your customers. <br\/><br\/>You say.<br\/>We diagnose, code and solve. We are the tech force you need. <\/p>","cta_text1":"","cta_link1":"","cta_text2":"","cta_link2":"","divider":false}},"1642870623726f03e3":{"type":"fading-images","disabled":true,"blocks":{"1642870623c80f2331-0":{"type":"image","settings":{"image":"shopify:\/\/shop_images\/IMG_1619.jpg","focal_point":"center center","slide_title1":"Neev 2022","slide_title2":"The team reunites in Bangalore"}},"1642870623c80f2331-1":{"type":"image","settings":{"image":"shopify:\/\/shop_images\/Banner_02.jpg","focal_point":"center center","slide_title1":"Townhall January","slide_title2":""}}},"block_order":["1642870623c80f2331-0","1642870623c80f2331-1"],"settings":{"title_lines":"2","title_font":"heading","title_size":35,"title_color":"#ffffff","title_bg_color":"rgba(0,0,0,0)","text_align":"vertical-bottom horizontal-center","link":"","slide_speed":5,"color_overlay":"#000000","color_overlay_opacity":30,"desktop_height":"750px","mobile_height":"auto"}},"16452927140bcaea75":{"type":"image-callout","blocks":{"635b8ca8-7e57-4949-9a1e-35db7c93c180":{"type":"image-content","settings":{"image":"shopify:\/\/shop_images\/Ptron_d022b027-8573-401d-8ee0-400c8b86029b.jpg"}},"daf78165-1474-4497-80b7-9df443d5e75b":{"type":"image-content","settings":{"image":"shopify:\/\/shop_images\/Drink_Shunya.jpg"}},"7503054a-9583-4876-82fb-93c5d22e0883":{"type":"image-content","settings":{"image":"shopify:\/\/shop_images\/Boat.jpg"}},"7b791a17-51cc-4459-880b-63ab9b4589fb":{"type":"image-content","settings":{"image":"shopify:\/\/shop_images\/Nush_87a3a88c-2d97-4f9c-bf00-03ca35031f59.jpg"}},"d507dc51-ff72-4a98-a104-65445232fa17":{"type":"image-content","settings":{"image":"shopify:\/\/shop_images\/Chumbak_0fb8c1e1-4b8b-467f-a780-d5c725a518ca.jpg"}}},"block_order":["635b8ca8-7e57-4949-9a1e-35db7c93c180","daf78165-1474-4497-80b7-9df443d5e75b","7503054a-9583-4876-82fb-93c5d22e0883","7b791a17-51cc-4459-880b-63ab9b4589fb","d507dc51-ff72-4a98-a104-65445232fa17"],"settings":{"subtitle":"ONE GOAL","title":"Merchant Success","text":"We've worked with startups, we've worked with retailers and we've even worked with legacy businesses. From apparels to manufacturing, your brand's success is our only priority.","cta_text1":"See More","cta_link1":"shopify:\/\/pages\/customer-stories","cta_text2":"","cta_link2":"","layout":"right","divider":false}},"1645283419f99d0677":{"type":"video-list","blocks":{"1645283419b3979e2c-0":{"type":"video_block","settings":{"image":"shopify:\/\/shop_images\/XYXX_Marmeto_minibanner01.jpg","video_id":"VGePZ-JkehQ"}},"1645283419b3979e2c-1":{"type":"video_block","settings":{"image":"shopify:\/\/shop_images\/SlurrpFarm_Marmeto_minibanner01.jpg","video_id":"SuElZrJ6YWE"}},"1645283419b3979e2c-2":{"type":"video_block","settings":{"image":"shopify:\/\/shop_images\/ImagineStore_Marmeto_minibanner.jpg","video_id":"KLHm7UqrTE0"}},"1645283419b3979e2c-3":{"type":"video_block","settings":{"image":"shopify:\/\/shop_images\/belif_Marmeto_minibanner.jpg","video_id":"M42Tprp8ULQ"}}},"block_order":["1645283419b3979e2c-0","1645283419b3979e2c-1","1645283419b3979e2c-2","1645283419b3979e2c-3"],"settings":{"backgound":"","text_color":"","title":"Sneak a peak at our work","text":"<p><a href=\"\/pages\/our-works\" title=\"Our Works\">See our entire client showcase here.<\/a><\/p>","align_text":"center","divider":false,"enable_spacing":false}},"1642893086fce181ab":{"type":"logo-list","blocks":{"46bae843-b47b-4e83-80bb-be74a7581874":{"type":"logo_image","settings":{"image":"shopify:\/\/shop_images\/omuni.png","link":"https:\/\/marmeto.com\/pages\/marmeto-omuni-partnership"}},"6fa350e2-d402-44e1-b700-95f353e67a30":{"type":"logo_image","settings":{"image":"shopify:\/\/shop_images\/Web_Engage.png","link":"https:\/\/webengage.com\/"}},"b1771949-951f-4939-8325-fe712a5d3ba5":{"type":"logo_image","settings":{"image":"shopify:\/\/shop_images\/Qwikcilver.png","link":"shopify:\/\/pages\/marmeto-qwikcilver-partnership"}},"16428930866a09001a-0":{"type":"logo_image","settings":{"image":"shopify:\/\/shop_images\/PushOwl.png","link":"shopify:\/\/pages\/marmeto-pushowl-partnership"}},"777637e9-7daa-4ab1-9215-da630375e4f5":{"type":"logo_image","settings":{"image":"shopify:\/\/shop_images\/UHD-Logo.png","link":"shopify:\/\/pages\/marmeto-limechat-partnership"}},"16428930866a09001a-1":{"type":"logo_image","settings":{"image":"shopify:\/\/shop_images\/searchtap.png","link":"shopify:\/\/pages\/marmeto-searchtap-partnership"}},"a8ec1ef2-04ae-40b8-9fcd-b2cbb5f2716c":{"type":"logo_image","settings":{"image":"shopify:\/\/shop_images\/Clickpost_Logo_1.png","link":"shopify:\/\/pages\/marmeto-clickpost-partnership"}},"16428930866a09001a-3":{"type":"logo_image","settings":{"image":"shopify:\/\/shop_images\/Main.png","link":"shopify:\/\/pages\/marmeto-vajro-partnership"}},"aa04c28f-45e6-46e0-9a4a-3a0ca47ff8c4":{"type":"logo_image","settings":{"image":"shopify:\/\/shop_images\/SRF_Logo_1.png","link":"shopify:\/\/pages\/marmeto-shiprocket-partnership"}},"16428930866a09001a-2":{"type":"logo_image","settings":{"image":"shopify:\/\/shop_images\/Plobal_Apps_Logo-200x200px.png","link":"shopify:\/\/pages\/marmeto-plobal-partnership"}},"a6cd9e2e-425e-448d-9624-66a89ba401d8":{"type":"logo_image","settings":{"image":"shopify:\/\/shop_images\/Cred.png","link":"https:\/\/cred.club\/"}},"85c3b74d-b74e-482c-b17c-b765edb7d42a":{"type":"logo_image","settings":{"image":"shopify:\/\/shop_images\/Contlo_logo_ver_hi-res.png","link":"shopify:\/\/pages\/marmeto-contlo-partnership"}}},"block_order":["46bae843-b47b-4e83-80bb-be74a7581874","6fa350e2-d402-44e1-b700-95f353e67a30","b1771949-951f-4939-8325-fe712a5d3ba5","16428930866a09001a-0","777637e9-7daa-4ab1-9215-da630375e4f5","16428930866a09001a-1","a8ec1ef2-04ae-40b8-9fcd-b2cbb5f2716c","16428930866a09001a-3","aa04c28f-45e6-46e0-9a4a-3a0ca47ff8c4","16428930866a09001a-2","a6cd9e2e-425e-448d-9624-66a89ba401d8","85c3b74d-b74e-482c-b17c-b765edb7d42a"],"settings":{"backgound":"#ffffff","text_color":"#14151b","title":"Our Partners","text":"<p>Together we work towards innovation in ecommerce. Some of our partners include:<\/p>","bottom_text":"","logo_opacity":100,"divider":false,"enable_spacing":true}},"16432181795b04a378":{"type":"article-list","disabled":true,"blocks":{"61f90095-2381-40ba-9097-416a33c5d6ec":{"type":"article","settings":{"article":"testimonials\/boundary-after-boundary-with-mpl-sports"}},"53fc9d26-287d-4952-b14f-50ba73b16447":{"type":"article","settings":{"article":"testimonials\/success-in-simplicity-with-mtr-foods"}},"bad5aa80-1011-4be1-a335-745842f24f29":{"type":"article","settings":{"article":"testimonials\/marmeto-a-tech-partner-for-mcaffeine"}},"d944525d-f3c8-43e7-a37a-50be239562a4":{"type":"article","settings":{"article":"testimonials\/marmeto-s-unnatural-journey-with-epigamia"}},"d312441c-2759-4a59-adbd-c632d489a319":{"type":"article","settings":{"article":"testimonials\/plush-the-repeat-affair"}},"8e581b2e-3f25-4383-8466-947032b86395":{"type":"article","settings":{"article":"testimonials\/a-popping-experience-with-4700bc"}}},"block_order":["61f90095-2381-40ba-9097-416a33c5d6ec","53fc9d26-287d-4952-b14f-50ba73b16447","bad5aa80-1011-4be1-a335-745842f24f29","d944525d-f3c8-43e7-a37a-50be239562a4","d312441c-2759-4a59-adbd-c632d489a319","8e581b2e-3f25-4383-8466-947032b86395"],"settings":{"enable_light_bg":true,"title":"Testimonials","text":"","link_text":"","link_url":"","blog_show_tags":false,"blog_show_date":true,"blog_show_comments":false,"blog_show_author":false,"divider":false}},"3d95c07e-cc5e-4b47-b3d1-4300df8e0bb1":{"type":"contact-form-strip","settings":{"section_heading":"Connect for eCommerce Development","page_source":"Our Services","spacing_top":0,"spacing_bottom":0}}},"order":["16428923432d7e2a73","16428819371830f30c","16481639862657c500","1643020967a556bb6d","d4035ec7-184c-4b17-81b8-19139842bc6c","main","1642870623726f03e3","16452927140bcaea75","1645283419f99d0677","1642893086fce181ab","16432181795b04a378","3d95c07e-cc5e-4b47-b3d1-4300df8e0bb1"]}