{"sections":{"main":{"type":"main-page","disabled":true,"settings":{}},"b03af30b-1a90-407e-8047-cf7e2f8c7caf":{"type":"slideshow","blocks":{"template--16120080138410__b03af30b-1a90-407e-8047-cf7e2f8c7caf-1681977396e3b9395c-0":{"type":"image","settings":{"title":"Marmeto helps Kohler deliver The Ultimate Shopping Experience","title_size":70,"subheading":"From Serviceability and API issues, discover how Kohler transformed its e-commerce landscape by partnering with Marmeto.","link":"","link_text":"","text_align":"vertical-center horizontal-left","image":"shopify:\/\/shop_images\/colours_by_kohler.jpg","image_mobile":"shopify:\/\/shop_images\/colours_by_kohler_square.jpg","image_opacity":false,"overlay_opacity":60,"focal_point":"20% 50%"}}},"block_order":["template--16120080138410__b03af30b-1a90-407e-8047-cf7e2f8c7caf-1681977396e3b9395c-0"],"settings":{"section_height":"650px","mobile_height":"100vh","parallax":false,"style":"minimal","autoplay":false,"autoplay_speed":5}},"34821ad9-3f9d-4a29-bcab-65fd2af55c39":{"type":"key-result","disabled":true,"blocks":{"0085c7c0-5d57-4622-8a93-f1d2f207acea":{"type":"text","settings":{"block_no":"20%","block_title":"<p>Increase in average page speed<\/p>"}},"b3962bb0-21bb-4db9-bd73-841f5a6863f1":{"type":"text","settings":{"block_no":"10%","block_title":"<p>increase in revenue rate<\/p>"}},"2ea47c12-a038-429c-a79c-18ee64225986":{"type":"text","settings":{"block_no":"10%","block_title":"<p>increase in sales rate<\/p>"}},"c3c3afb4-1b9e-4623-be81-c4fecf415d2c":{"type":"text","settings":{"block_no":"2x","block_title":"<p>customer<br\/>satisfaction<\/p>"}}},"block_order":["0085c7c0-5d57-4622-8a93-f1d2f207acea","b3962bb0-21bb-4db9-bd73-841f5a6863f1","2ea47c12-a038-429c-a79c-18ee64225986","c3c3afb4-1b9e-4623-be81-c4fecf415d2c"],"settings":{"section_title":"","narrow_column":false}},"ac49ee34-93eb-4b7d-ac0d-48cb9458101c":{"type":"rich-text","blocks":{"template--16120080138410__ac49ee34-93eb-4b7d-ac0d-48cb9458101c-168198934484ced25e-0":{"type":"heading","settings":{"title":"Phase 1: Store Absence and Integration Challenges","title_h1":true,"align_title":"left"}},"template--16120080138410__ac49ee34-93eb-4b7d-ac0d-48cb9458101c-168198934484ced25e-1":{"type":"text","settings":{"enlarge_text":false,"text":"<p>The problem in hand - Kohler, a leading brand in the home improvement industry, was capped on discovery and sales because of needing an online store. Not having an online store hindered their ability to reach a broader customer base and drive online sales. Additionally, their existing systems needed more integration capabilities, leading to operational inefficiencies and manual workarounds.<\/p><p>Solutions to be implemented - <\/p><ol><li>Store Creation: Our team built a fully functional e-commerce store using Shopify to address the absence of an online store. This activity enabled Kohler to showcase its products and directly engage with a more extensive customer base through an online channel.<br\/><br\/><\/li><li>SAP Integration: By integrating the SAP system with the newly developed online store, Kohler gained real-time visibility into inventory levels, order management, and product information. This integration facilitated seamless data flow between departments and improved overall operational efficiency.<\/li><\/ol><p><\/p>"}},"62c4ff5e-e37b-4d03-add9-b80a2022ce5d":{"type":"image","settings":{"image":"shopify:\/\/shop_images\/Kohler_case_study_images_1_-_Final.jpg","image_width":100}},"3f8a7f67-9260-419d-af29-4747d7525400":{"type":"text","settings":{"enlarge_text":false,"text":"<h1>Phase 2: Serviceability and API Enhancements<\/h1><p>The problem at hand - Kohler faced challenges in determining product serviceability for different regions without a Warehouse Management System (WMS) and Order Management System (OMS). The existing logistics API needed functionality, causing delays and customer dissatisfaction.<br\/><\/p><p>Solutions to be implemented  -<\/p><p>Logistics API Enhancement: Our team developed a custom logistics API with improved serviceability checks. This enhanced API allowed Kohler to determine product availability and delivery feasibility based on pin codes, enabling better customer communication and order fulfillment accuracy. It was initially hosted on AWS and then moved to Azzure to align with the tech compliances. This required expertise and promptness from Kohler and Marmeto teams to make this a joint success.<\/p><p><\/p>"}},"fd9e543a-e7d0-411a-b6a6-c97ca17bb11d":{"type":"image","settings":{"image":"shopify:\/\/shop_images\/Kohler_case_study_images_2_New_-_Final.jpg","image_width":100}},"4ed0e759-0d9a-4cb9-8695-ec2cc3c85ec0":{"type":"text","settings":{"enlarge_text":false,"text":"<p>Dashboard Development: Marmeto created a dashboard to represent serviceable regions and their corresponding inventory levels visually. Working on a pin code basis, this dashboard helped Kohler's team make informed decisions regarding stock allocation and customer order routing.<br\/><br\/>API System Architecture Upgrade: The API system architecture was upgraded from a traditional REST approach to GraphQL to optimize system performance and enhance scalability. This transition improved data retrieval and reduced response times, ensuring a seamless user experience.<\/p><p><\/p>"}},"3fe3bb22-40e4-4523-a1db-b9a8eca5eaff":{"type":"image","settings":{"image":"shopify:\/\/shop_images\/image_1_0a08f246-14b5-4dbe-8573-eb92f5f94395.png","image_width":100}},"99f33748-fc6d-4e68-878e-17ebb8c35e09":{"type":"text","settings":{"enlarge_text":false,"text":"<h1>Phase 3: Enriching Customer Experience with “ Split-Type Installation “ and \"Shop the Look\" <\/h1><p>Problem at hand - Purchasing a wash basin and its accompanying components, such as faucets, cabinets, and mirrors, presents various customer challenges. Factors such as the different types of wash basins (wall-mounted, table-placed, and under-table installations) indicate diverse customer preferences and requirements. Additionally, the need for specific faucets compatible with the chosen basin highlights the importance of height, color, and design. Online shoppers faced challenges due to the need for salespersons to provide guidance and recommendations. The split-type installation was also pending, delaying providing a comprehensive solution to customers.<\/p><p>Solutions to be implemented - <br\/><br\/>Split-Type Installation: Our team developed a solution that involved integrating split-type installation into the e-commerce platform to address the need for offering different installation options. This feature allowed customers to select the appropriate installation type during purchase, enhancing their convenience and satisfaction. <br\/><br\/>The four types of split-type installations implemented were:<\/p><p>a) Simple Installation: Suitable for straightforward installations that require minimal effort and expertise. <\/p><p>b) Complex Installation: For installations that involve more intricate processes and may require additional technical skills. <\/p><p>c) Bathroom Installation: Specifically tailored for bathroom installations, considering factors like space utilization and plumbing connections. <\/p><p>d) Custom Installation: Offering personalized installation solutions for unique or specialized requests beyond the standard options.<\/p><p>By implementing these solutions, Kohler improved serviceability checks, provided installation options, and enhanced the overall customer experience on their e-commerce platform.<\/p><p><\/p>"}},"9c371de7-5ded-4d62-9562-065e57e6f839":{"type":"image","settings":{"image":"shopify:\/\/shop_images\/Wireframe_2x-100.jpg","image_width":100}},"0349810a-638f-4d05-9c1e-8052bf5cea71":{"type":"text","settings":{"enlarge_text":false,"text":"<p>\"Shop the Look\" Feature: To address these specific customer needs and challenges, Marmeto developed a specialized feature on the Kohler website that allowed customers to explore and purchase pre-selected sets of products that matched their desired style and theme. This feature streamlined the shopping experience and encouraged cross-selling of related products. It was  developed with the following considerations:<\/p><p><\/p><ol><li>Curated Product Selection: Kohler can curate a selection of faucets, cabinets, and other accessories compatible with different wash basins. It ensures customers can easily find and purchase components suitable for their chosen basin type. The feature can include detailed product descriptions, images, and customer reviews to aid customers in making informed choices.<br\/><\/li><li>Personalized Recommendations: By understanding the specific requirements of different basin types, Kohler can provide tailored recommendations to customers. It includes considering cabinet dimensions, installation requirements, and the need for taller faucets for tabletop basins. By incorporating this knowledge into the \"Shop the Look'' feature, Kohler ensures that customers receive recommendations that align with their functional and stylistic preferences.<br\/><\/li><li>Enhanced Product Information: The \"Shop the Look\" feature can provide comprehensive information about the compatibility of faucets, cabinets, and other accessories with different basin types. It includes highlighting the specific dimensions, color options, and design features that customers should consider when selecting. The feature can also address common questions and concerns that customers may have during the purchasing process.<\/li><\/ol><p><\/p>"}},"f7bf38a2-2518-4a40-92f5-3ae34830144f":{"type":"image","settings":{"image":"shopify:\/\/shop_images\/ezgif.com-video-to-gif_2.gif","image_width":100}},"5c587b68-9fae-4cfb-a561-60257b861a3a":{"type":"text","settings":{"enlarge_text":false,"text":"<p>By incorporating these solutions into the \"Shop the Look\" feature, Kohler offers a shopping experience for customers looking to purchase wash basins and their accompanying components. The feature addresses specific customer needs, provides compatibility information, and offers tailored recommendations, ultimately increasing customer satisfaction and engagement.<\/p><h4>Additional Information:<br\/><\/h4><ul><li>WMS (Warehouse Management System) and OMS (Order Management System) were unavailable initially, posing challenges in determining product serviceability for different regions.<\/li><li>Introducing split-type installation and various hardware products such as mirrors, glass doors, washbasins, and showering equipment required additional enhancements to the e-commerce platform.<\/li><li>Marmeto implemented a data layer to track installation services and hardware brands.<\/li><li>The serviceability check dashboard was developed on a pincode basis, mapping pin codes and warehouses for better installation serviceability.<\/li><li>Marmeto created a backend system to enable warehouse-specific order dispatch and fulfillment.<\/li><li>API limitations, including traffic and request limits, were addressed by upgrading the API system architecture from REST to GraphQL, allowing for increased scalability and improved performance.<\/li><li>Marmeto implemented the bucketing system to handle a higher volume of requests, resolving the issue of exceeding limits and ensuring seamless API functionality.<\/li><li>The optimization of the installation service, without relying on WMS, OMS, or logistics systems, posed a significant challenge, which was overcome by developing custom APIs and a pincode-based serviceability dashboard.<\/li><\/ul><h4>Additional Challenges and Solutions:<br\/><\/h4><ul><li>Data Layer for Tracking: To address the need for better tracking, a data layer was implemented to capture and analyze customer behavior and interactions on the website. This allowed Kohler to gain insights into user preferences and optimize the overall customer experience.<br\/><\/li><li>Hardware Brand and Pincode-Based Delivery Service: To meet customer requirements, Kohler expanded its product offerings online to include hardware products such as mirrors, glass doors, washbasins, and showering solutions. Additionally, pincode-based service is introduced to ensure that these hardware but delicate products reach specific customer types safely.<br\/><\/li><li>Serviceability and Installation Backend: A system is developed to define serviceability and dispatch orders from specific warehouses based on installation requirements to ensure accurate serviceability checks and smooth order fulfillment. This improved the efficiency of the installation process.<br\/><\/li><li>API Rate Limiting and Architecture Upgrade: To overcome challenges related to API rate limiting, the API system architecture was upgraded from a REST approach to GraphQL. This allowed for better scalability and removed the limitations on the number of requests per second, ensuring a seamless user experience even during high-traffic periods.<br\/><\/li><li>Discount based on Replacement -  Kohler will be offering replacements with product-specific discounts. This feature would allow customers to replace their previous Kohler items and receive a discount on their new purchases.<\/li><\/ul><p>Conclusion: Our team successfully helped Kohler overcome various challenges throughout the digital transformation journey. By establishing an online store, integrating essential systems, enhancing serviceability checks, introducing innovative features, and optimizing the installation service, Kohler significantly improved their e-commerce operations and customer experience. The collaborative efforts between our team and Kohler resulted in a successful and transformative partnership.<\/p>"}}},"block_order":["template--16120080138410__ac49ee34-93eb-4b7d-ac0d-48cb9458101c-168198934484ced25e-0","template--16120080138410__ac49ee34-93eb-4b7d-ac0d-48cb9458101c-168198934484ced25e-1","62c4ff5e-e37b-4d03-add9-b80a2022ce5d","3f8a7f67-9260-419d-af29-4747d7525400","fd9e543a-e7d0-411a-b6a6-c97ca17bb11d","4ed0e759-0d9a-4cb9-8695-ec2cc3c85ec0","3fe3bb22-40e4-4523-a1db-b9a8eca5eaff","99f33748-fc6d-4e68-878e-17ebb8c35e09","9c371de7-5ded-4d62-9562-065e57e6f839","0349810a-638f-4d05-9c1e-8052bf5cea71","f7bf38a2-2518-4a40-92f5-3ae34830144f","5c587b68-9fae-4cfb-a561-60257b861a3a"],"settings":{"backgound":"","text_color":"","align_text":"left","narrow_column":true,"divider":false,"enable_spacing":false}},"52dbf354-3b39-49bf-b7d9-56a48c612285":{"type":"rich-text","settings":{"backgound":"","text_color":"","align_text":"left","narrow_column":false,"divider":false,"enable_spacing":false}},"a95bdf8e-7302-4ac9-b6d0-5843be745e0e":{"type":"newsletter","blocks":{"template--16120080138410__a95bdf8e-7302-4ac9-b6d0-5843be745e0e-1682057564fdad3dfd-0":{"type":"title","settings":{"title":"Sign up and save","icon_enable":true}},"template--16120080138410__a95bdf8e-7302-4ac9-b6d0-5843be745e0e-1682057564fdad3dfd-1":{"type":"text","settings":{"text":"<p>Subscribe to get special offers, free giveaways, and once-in-a-lifetime deals.<\/p>"}},"template--16120080138410__a95bdf8e-7302-4ac9-b6d0-5843be745e0e-1682057564fdad3dfd-2":{"type":"form","settings":{}}},"block_order":["template--16120080138410__a95bdf8e-7302-4ac9-b6d0-5843be745e0e-1682057564fdad3dfd-0","template--16120080138410__a95bdf8e-7302-4ac9-b6d0-5843be745e0e-1682057564fdad3dfd-1","template--16120080138410__a95bdf8e-7302-4ac9-b6d0-5843be745e0e-1682057564fdad3dfd-2"],"settings":{"color_background":"#f9f9f9","color_text":"#1c1d1d"}}},"order":["main","b03af30b-1a90-407e-8047-cf7e2f8c7caf","34821ad9-3f9d-4a29-bcab-65fd2af55c39","ac49ee34-93eb-4b7d-ac0d-48cb9458101c","52dbf354-3b39-49bf-b7d9-56a48c612285","a95bdf8e-7302-4ac9-b6d0-5843be745e0e"]}