{"sections":{"main":{"type":"main-page","disabled":true,"settings":{}},"16469907231e5fd244":{"type":"text-and-image","settings":{"image":"shopify:\/\/shop_images\/Creative_1_2x-8_1.png","image_width":700,"subtitle":"","title":"Unlock Savings on MARMETO’s select services with your Business Mastercard","enable_large_title":false,"text":"","button_label":"Connect with us","button_link":"https:\/\/forms.monday.com\/forms\/1a6b069d10bada96f56b032182ffd3c8?r=use1","button_style":"primary","align_text":"left","layout":"right","divider":false,"remove_top_spacing":false}},"1646990888afd84e5b":{"type":"rich-text","blocks":{"164699088812d476ba-0":{"type":"heading","settings":{"title":"Unlock SHOPIFY benefits with your Business Mastercard:","title_h1":false,"align_title":"left"}},"164699088812d476ba-1":{"type":"text","settings":{"enlarge_text":true,"text":"<p>Marmeto Services worth 500 USD covering any\/many of the below: <\/p><p>•\tSpeed Audit - Advanced<br\/>•\tUI\/UX Audit - Advanced<br\/>•\tE-Commerce Consultation<br\/><\/p><p><\/p>"}},"a6952f63-b7de-4695-95c7-dd7f219cc79e":{"type":"button","settings":{"link":"https:\/\/forms.monday.com\/forms\/1a6b069d10bada96f56b032182ffd3c8?r=use1","link_text":"Connect with us","align_button":"left"}}},"block_order":["164699088812d476ba-0","164699088812d476ba-1","a6952f63-b7de-4695-95c7-dd7f219cc79e"],"settings":{"backgound":"","text_color":"","align_text":"left","narrow_column":true,"divider":false,"enable_spacing":false}},"164699111572778673":{"type":"text-columns","blocks":{"734db407-5078-4676-88b6-16abc5ea94ea":{"type":"text_block","settings":{"enable_image":true,"image":"shopify:\/\/shop_images\/Veeper_a2c7d58f-0174-488e-b97a-7033c0bbd41f.png","image_width":200,"title":"Veeper","text":"<p>Veeper allows you to create every offer without coupon codes\/developers in 7 clicks. Stop over-discounting and use AI to apply the smallest discount that gets each customer to buy more.<\/p>","button_label":"Get a 30-day Free Trial","button_link":"https:\/\/forms.monday.com\/forms\/1a6b069d10bada96f56b032182ffd3c8?r=use1","open_popup":false,"enquiry":""}},"1646991115f9446b81-0":{"type":"text_block","settings":{"enable_image":true,"image":"shopify:\/\/shop_images\/63039c788645071a875255db_5-_Recurpay_972fc9f2-c86a-4e7c-a68d-e96fd91b46ba.jpg","image_width":190,"title":"Recurpay","text":"<p>Recurpay is the answer to your customer retention game in the emerging era of subscriptions to help you convert any walking visitor into a lifetime customer. Get your free trial today! <\/p>","button_label":"Get a 90 Day Free Trial","button_link":"https:\/\/forms.monday.com\/forms\/1a6b069d10bada96f56b032182ffd3c8?r=use1","open_popup":false,"enquiry":""}},"1646991115f9446b81-1":{"type":"text_block","settings":{"enable_image":true,"image":"shopify:\/\/shop_images\/anlcgawwutp2rife85ft_1_2_4352628c-1284-46de-af41-60f11d813a80.jpg","image_width":210,"title":"Return Prime","text":"<p>Best Shopify app to manage Returns and Exchanges! Return Prime lets you focus on your business entirely by helping you optimize your Returns & Exchange Processes.<\/p>","button_label":"10% Lifetime Off","button_link":"https:\/\/forms.monday.com\/forms\/1a6b069d10bada96f56b032182ffd3c8?r=use1","open_popup":false,"enquiry":""}},"5fcc4bc1-3f9e-41c6-96d2-014429e60815":{"type":"text_block","disabled":true,"settings":{"enable_image":true,"image":"shopify:\/\/shop_images\/Appbrew-removebg-preview.png","image_width":200,"title":"Appbrew","text":"<p>No code platform that converts Shopify stores to iOS and Android apps for a delightful shopping experience.<\/p>","button_label":"Get a 45-day Free Trial","button_link":"https:\/\/appbrew.tech\/","open_popup":false,"enquiry":""}},"83ed6215-8a2f-487d-96eb-626cac7638f4":{"type":"text_block","disabled":true,"settings":{"enable_image":true,"image":"shopify:\/\/shop_images\/Zoko_Logo-removebg-preview_ddb17425-e4c6-434f-8ff1-19eb125b3418.png","image_width":190,"title":"Zoko","text":"<p>A central hub for all your WhatsApp communication. Sales, Marketing, and Customer Support from a single WhatsApp number. That’s the magic of Zoko!<\/p>","button_label":"125 USD Free Credits","button_link":"https:\/\/www.zoko.io\/","open_popup":false,"enquiry":""}},"a2db12b1-978f-4c1d-8086-01483a39bb2c":{"type":"text_block","disabled":true,"settings":{"enable_image":true,"image":"shopify:\/\/shop_images\/c2x5inuegw69vgs0iaus.png","image_width":110,"title":"Searchtap","text":"<p>Use SearchTap to customize, analyze and build an amazingly effective search experience for your users with minimal IT involvement and no infrastructure investment.<\/p>","button_label":"Get a 30-day Free Trial","button_link":"https:\/\/www.searchtap.io\/","open_popup":false,"enquiry":""}},"b56f10dc-b890-41bd-9417-0374c6e0a5fc":{"type":"text_block","disabled":true,"settings":{"enable_image":true,"image_width":650,"title":"Merchandising App","text":"<p>Use this section to explain a set of product features, to link to a series of pages, or to answer common questions about your products. Add images for emphasis.<\/p>","button_label":"Optional button","button_link":"","open_popup":false,"enquiry":""}}},"block_order":["734db407-5078-4676-88b6-16abc5ea94ea","1646991115f9446b81-0","1646991115f9446b81-1","5fcc4bc1-3f9e-41c6-96d2-014429e60815","83ed6215-8a2f-487d-96eb-626cac7638f4","a2db12b1-978f-4c1d-8086-01483a39bb2c","b56f10dc-b890-41bd-9417-0374c6e0a5fc"],"settings":{"backgound":"#ffffff","text_color":"#14151b","title":"Products Offered In The Plan","text":"","align_text":"center","divider":false,"enable_spacing":true,"number_of_columns":"one-large-third"}},"16469913032b3f7b3f":{"type":"text-and-image","disabled":true,"settings":{"image":"shopify:\/\/shop_images\/story.webp","image_width":700,"subtitle":"","title":"MARMETO's select services at no cost!","enable_large_title":false,"text":"<p>- Conversion optimisation<br\/>- User journey enhancement<br\/>- App suggestions and integrations<br\/>- Data Migration Services worth USD 200 at no cost!<\/p>","button_label":"Start your free 14 day trial","button_link":"https:\/\/forms.monday.com\/forms\/1a6b069d10bada96f56b032182ffd3c8?r=use1","button_style":"primary","align_text":"left","layout":"right","divider":false,"remove_top_spacing":false}},"1646991441e0a446db":{"type":"rich-text","blocks":{"16469914411eb0f1f5-0":{"type":"heading","settings":{"title":"Why SHOPIFY is the best ecommerce platform for you?","title_h1":false,"align_title":"center"}},"16469914411eb0f1f5-1":{"type":"text","settings":{"enlarge_text":false,"text":"<p><br\/>- For starters, it powers over 500,000 business in over 175 countries!<br\/>- Shopify is a cloud-based setup and hosted solution where you no need to worry about servers or databases.<br\/>- It's seamless integration with Google Ads and other marketing tools like Facebook, Twitter and Pinterest lower the startup website cost considerably!<br\/>- Tons of professional looking themes to customize the look and feel of your online store!<br\/>- Integration with the top payment providers as well as the much in-demand \"buy now, pay later\" apps.<br\/>- Shopify is a user-friendly website builder as well as a content management system (CMS) that gives you end-to-end control.<br\/>- Shopify's own POS app integrates seamlessly with your online store for better retail management.<br\/>- The advanced reporting and seamless data tracking largely aids the marketing efforts.<br\/>- Shopify integrates with most major shipping carriers by default, including FedEx, UPS and USPS.The 24-hour technical support team can be reached out to at any time!<br\/><br\/><br\/><\/p>"}},"d43c3048-1201-4c0b-9df7-7e6c4d94a0fb":{"type":"button","settings":{"link":"https:\/\/forms.monday.com\/forms\/1a6b069d10bada96f56b032182ffd3c8?r=use1","link_text":"Connect with us","align_button":"center"}}},"block_order":["16469914411eb0f1f5-0","16469914411eb0f1f5-1","d43c3048-1201-4c0b-9df7-7e6c4d94a0fb"],"settings":{"backgound":"#ffffff","text_color":"#14151b","align_text":"left","narrow_column":true,"divider":false,"enable_spacing":true}},"1646991614f9088460":{"type":"rich-text","blocks":{"1646991614f5300e92-0":{"type":"heading","settings":{"title":"Terms and Conditions","title_h1":false,"align_title":"center"}},"1646991614f5300e92-1":{"type":"text","settings":{"enlarge_text":false,"text":"<p><br\/>- All promo codes issued by Tatynerds Private Limited are subjected to a set of terms and conditions, which we reserve the right to change without prior notice in the best interests of the company.<br\/>- Promo Codes will expire one month from the date of issuance by Tatynerds Private Limited. Promo Codes cannot be used to purchase other services. Promo Codes cannot be resold, transferred for value, or redeemed for cash, except to the extent required by law.<br\/>- The value of promo codes cannot be partially utilized. If done, any unused amount will not be refunded.<br\/>- Tatynerds Private Limited will not be responsible for replacing any lost or stolen promo codes.<br\/>- Tatynerds Private Limited reserves the right to amend the validity date of promo codes or reject promo codes to protect the interests of the company or under circumstances of abuse.<br\/>- Tatynerds Private Limited reserves the absolute right to withdraw and\/or alter any of the leans and conditions of the Offer at any time without prior notice.<br\/>- Any disputes arising out of and in connection with this Offer shall be subject to the jurisdiction of the courts of New Delhi, India only.<\/p>"}}},"block_order":["1646991614f5300e92-0","1646991614f5300e92-1"],"settings":{"backgound":"","text_color":"","align_text":"left","narrow_column":true,"divider":false,"enable_spacing":false}}},"order":["main","16469907231e5fd244","1646990888afd84e5b","164699111572778673","16469913032b3f7b3f","1646991441e0a446db","1646991614f9088460"]}