{"sections":{"main":{"type":"main-page","disabled":true,"settings":{}},"1645783833a2cf8e08":{"type":"text-strip","settings":{"narrow_column":true,"backgound":"#e3ff53","text_color":"#14151b","align_text":"center","title":"A Shopify Plus Solution"}},"1645773715e5f07f3b":{"type":"text-and-image","settings":{"image":"shopify:\/\/shop_images\/single-click-discount.jpg","image_width":700,"subtitle":"Reduce Cart Abandonment with","title":"Single-Click Discount Coupons","enable_large_title":false,"text":"<p><strong>Drive Incremental Sales <\/strong>& build customer loyalty with our custom built <strong>\"Single-Click Discount\" <\/strong>feature on your <strong>Shopify Plus <\/strong>website.<\/p>","button_label":"Get Single Click Discount","button_link":"https:\/\/forms.monday.com\/forms\/1f21d33f2cf5b306092689b5370b7412?r=use1","button_style":"primary","align_text":"left","layout":"right","divider":false,"remove_top_spacing":false}},"1645773864a4dbe147":{"type":"text-columns","blocks":{"1645773863b11e7284-0":{"type":"text_block","settings":{"enable_image":true,"image":"shopify:\/\/shop_images\/Revenue_Growth.png","image_width":200,"title":"","text":"<p>Driving Incremental Sales On Your Ecommerce Store<\/p>","button_label":"","button_link":""}},"1645773863b11e7284-1":{"type":"text_block","settings":{"enable_image":true,"image":"shopify:\/\/shop_images\/Abandoned_Carts.png","image_width":200,"title":"","text":"<p>Reduced Abandoned Carts in the Checkout Process.<\/p>","button_label":"","button_link":""}},"1645773863b11e7284-2":{"type":"text_block","settings":{"enable_image":true,"image":"shopify:\/\/shop_images\/Acquisition.png","image_width":200,"title":"","text":"<p>Increased Customer Acquisition<\/p>","button_label":"","button_link":""}},"2e224ca6-3581-4a72-831e-83dfc125157a":{"type":"text_block","settings":{"enable_image":true,"image":"shopify:\/\/shop_images\/Customer_Loyalty.png","image_width":200,"title":"","text":"<p>Increased Customer Loyalty and Brand Affinity<\/p>","button_label":"","button_link":""}}},"block_order":["1645773863b11e7284-0","1645773863b11e7284-1","1645773863b11e7284-2","2e224ca6-3581-4a72-831e-83dfc125157a"],"settings":{"backgound":"","text_color":"","title":"","text":"","align_text":"center","divider":false,"enable_spacing":false}},"1645774061074aeae1":{"type":"rich-text","blocks":{"164577406178d9023b-0":{"type":"heading","settings":{"title":"The Problem","title_h1":false,"align_title":"center"}},"164577406178d9023b-1":{"type":"text","settings":{"enlarge_text":false,"text":"<p><br\/>- How do we increase the customer acquisition percentage?<br\/>- How do we reduce cart abandonment at checkout?<br\/>- What can I do to boost sales and conversions on my Shopify ecommerce store?<br\/>- How do we make a first-time consumer trust our website and brand?<\/p><p>In the ecommerce landscape, many-a-problems arise due to an ineffective or outdated checkout process. Did you know that <a href=\"https:\/\/sleeknote.com\/blog\/cart-abandonment-statistics\"><strong>checkout optimizations can increase conversions by 35%?<\/strong><\/a><strong> <\/strong>In a price sensitive ecommerce market, deals and discounts do more than drive a sale. They drive human emotions responsible for creating a positive experience. A positivity that is projected onto the brand leading to Customer Loyalty because the new marketing funnel goes beyond just conversion. From Conversion To Retention and Loyalty!<br\/><br\/>Our <strong>\"Single-Click Discount\"<\/strong> solution is the first step to tackle these challenges <strong>move towards customer retention!<\/strong><\/p>"}}},"block_order":["164577406178d9023b-0","164577406178d9023b-1"],"settings":{"backgound":"","text_color":"","align_text":"left","narrow_column":true,"divider":false,"enable_spacing":false}},"164577414782cc2a77":{"type":"rich-text","blocks":{"1645774147420e9264-0":{"type":"heading","settings":{"title":"The Solution","title_h1":false,"align_title":"center"}},"1645774147420e9264-1":{"type":"text","settings":{"enlarge_text":false,"text":"<p><br\/>Customers love a good bargain. In today's deep-discounting driven ecommerce world, <a href=\"https:\/\/www.inmar.com\/blog\/press\/83-percent-shoppers-report-coupons-are-driver-changes-purchasing-behavior\"><strong>83 percent of shoppers <\/strong><\/a>said that coupon codes changed their behavior. <a href=\"https:\/\/www.inmar.com\/blog\/press\/83-percent-shoppers-report-coupons-are-driver-changes-purchasing-behavior\"><strong>82% shoppers<\/strong><\/a> say that the redeem a digital coupon in less than a week while <a href=\"https:\/\/sleeknote.com\/blog\/cart-abandonment-statistics\"><strong>46% shoppers abandon cart<\/strong><\/a> because a discount code does not work. The mere presence of a voucher can decrease cart abandonment rates. As many as <a href=\"https:\/\/www.inmar.com\/blog\/press\/83-percent-shoppers-report-coupons-are-driver-changes-purchasing-behavior\"><strong>39% consumers<\/strong> claimed<\/a> to have bought a product sooner than planned because of the coupon code.<br\/><br\/>With the rise of the smart consumer, brands need to look at establishing a deeper connect with the consumers. Beyond the transactional nature of supply & demand.<strong>Customer loyalty is greatly dependent on price sensitivity & brand affinity. Our Single-Click Discount Solution aims at tackling these challenges head on!<\/strong><\/p>"}}},"block_order":["1645774147420e9264-0","1645774147420e9264-1"],"settings":{"backgound":"#ffffff","text_color":"#14151b","align_text":"left","narrow_column":true,"divider":false,"enable_spacing":true}},"164577425941f23477":{"type":"rich-text","blocks":{"1645774259b38ad0cf-0":{"type":"heading","settings":{"title":"How Does This Feature Work?","title_h1":false,"align_title":"center"}},"1645774259b38ad0cf-1":{"type":"text","settings":{"enlarge_text":false,"text":"<p><strong><br\/>This solution can only be custom-built on Shopify Plus websites.<\/strong><br\/>The native Shopify checkout funnel includes 3 steps - <strong>Information &gt; Shipping &gt; Payment.<\/strong><\/p><p>This solution is deployed on the first leg of the funnel, i.e., the information page. This is generally where most price sensitive online consumers & first-time buyers drop off. We start building trust for the consumers by giving them an automatic disount code that can be applied with a single click. This leaves customers feeling happy and accomplished (for having gotten a better deal with discount). On a single click, the discount instantly reflects in the total amount calculation!<br\/><br\/><em>Tip - Announcing this discount with the help of various banners on the home page as well as the product listing page, subtly re-enforces the value proposition throughout the buyer journey.<br\/><br\/><br\/><\/em><\/p>"}},"9e34eeba-7963-410a-a351-3a753a8cd7a9":{"type":"button","settings":{"link":"https:\/\/forms.monday.com\/forms\/1f21d33f2cf5b306092689b5370b7412?r=use1","link_text":"Get Single Click Discount","align_button":"center"}}},"block_order":["1645774259b38ad0cf-0","1645774259b38ad0cf-1","9e34eeba-7963-410a-a351-3a753a8cd7a9"],"settings":{"backgound":"","text_color":"","align_text":"left","narrow_column":true,"divider":false,"enable_spacing":false}},"1645774370e28b9566":{"type":"rich-text","blocks":{"1645774370055409bb-0":{"type":"heading","settings":{"title":"Why Do We Need It?","title_h1":false,"align_title":"center"}},"1645774370055409bb-1":{"type":"text","settings":{"enlarge_text":false,"text":"<p><br\/><a href=\"https:\/\/sleeknote.com\/blog\/cart-abandonment-statistics\" title=\"The average cart abandonment rate across all industries is 70%.\"><strong>The average cart abandonment rate across all industries is 70%.<\/strong><\/a><strong><br\/><\/strong><a href=\"https:\/\/valassis.com\/consumer-intel-report\/\" title=\"90% of consumers use coupons.\"><strong>90% of consumers use coupons.<\/strong><\/a><strong><br\/><\/strong><a href=\"https:\/\/marmeto.com\/pages\/The%20average%20cart%20abandonment%20rate%20across%20all%20industries%20is%2070%.\" title=\"Checkout Optimizations can increase conversions by 35%.\"><strong>Checkout Optimizations can increase conversions by 35%.<\/strong><\/a><\/p><p>With the ever-changing trends in e-commerce, the bargain hungry nature of a consumer has remained constant! Where cart abandonment rates average over 50% for most ecommerce stores, single-click discount coupons help drive incremental sales while increasing customer acquisition. Incentives like discounts create a positive shopping experience on the last leg of the buyer's journey (checkout process) and help increase consumer loyalty and increase brand affinity.<\/p>"}}},"block_order":["1645774370055409bb-0","1645774370055409bb-1"],"settings":{"backgound":"#ffffff","text_color":"#14151b","align_text":"left","narrow_column":true,"divider":false,"enable_spacing":true}},"164577443919490bd3":{"type":"text-columns","blocks":{"16457744392a7bc1e3-0":{"type":"text_block","settings":{"enable_image":true,"image":"shopify:\/\/shop_images\/sd-1.jpg","image_width":650,"title":"","text":"","button_label":"","button_link":""}},"16457744392a7bc1e3-1":{"type":"text_block","settings":{"enable_image":true,"image":"shopify:\/\/shop_images\/sd-2.jpg","image_width":650,"title":"","text":"","button_label":"","button_link":""}}},"block_order":["16457744392a7bc1e3-0","16457744392a7bc1e3-1"],"settings":{"backgound":"","text_color":"","title":"SPOTTED!!!!","text":"<p>Single-Click Discount as seen on...<\/p><p>A simple and effective <strong>Single-Click Discount<\/strong> solution for Shopify Plus stores that is focused on <br\/><strong>increasing new customer acquisition, incremental revenue<\/strong> and to build brand trust & affinity on your online store.<\/p>","align_text":"center","divider":false,"enable_spacing":false}},"1645774575528fa9ef":{"type":"rich-text","blocks":{"16457745752a11fb98-0":{"type":"heading","settings":{"title":"About Marmeto","title_h1":false,"align_title":"center"}},"16457745752a11fb98-1":{"type":"text","settings":{"enlarge_text":false,"text":"<p><strong>Marmeto is one of India's leading Shopify and Shopify Plus solution providers for all ecommerce stores<\/strong>with customized solutions. With everything centered around Shopify, we offer simplified ecommerce solutions ranging from building customized solutions & integrations for your Shopify website to building Shopify apps to Enterprise Solutions centered around Shopify! We have developed over<strong>900 Shopify websites, 60 Shopify Plus stores<\/strong>and have successful collaborations with an array of partner ranging from marketing to logistics domains.<br\/><strong>At Marmeto, there's a singular goal. To Simplify Ecommerce. Have you experienced it yet?<\/strong><\/p>"}}},"block_order":["16457745752a11fb98-0","16457745752a11fb98-1"],"settings":{"backgound":"#ffffff","text_color":"#14151b","align_text":"center","narrow_column":true,"divider":false,"enable_spacing":true}},"164577461749f8d2ba":{"type":"video-list","blocks":{"16457746176d5fd0bb-0":{"type":"video_block","settings":{"image":"shopify:\/\/shop_images\/LP.jpg","video_id":"lThT2UIYI2c"}},"16457746176d5fd0bb-1":{"type":"video_block","settings":{"image":"shopify:\/\/shop_images\/power_gummies_thumbnail.jpg","video_id":"eJRvXxCEh-A"}},"16457746176d5fd0bb-2":{"type":"video_block","settings":{"image":"shopify:\/\/shop_images\/xyxx_thumbnail.jpg","video_id":"VGePZ-JkehQ"}},"16457746176d5fd0bb-3":{"type":"video_block","settings":{"image":"shopify:\/\/shop_images\/epigamia.jpg","video_id":"anG0fUVKUHo&t=1s"}}},"block_order":["16457746176d5fd0bb-0","16457746176d5fd0bb-1","16457746176d5fd0bb-2","16457746176d5fd0bb-3"],"settings":{"backgound":"","text_color":"","title":"Our Folio","text":"<p>Over the past few years, we've helped a lot of brands & business build and enhance their online presence.<br\/>Here's a glimpse of our latest work.<\/p>","align_text":"center","divider":false,"enable_spacing":false}}},"order":["main","1645783833a2cf8e08","1645773715e5f07f3b","1645773864a4dbe147","1645774061074aeae1","164577414782cc2a77","164577425941f23477","1645774370e28b9566","164577443919490bd3","1645774575528fa9ef","164577461749f8d2ba"]}