{"sections":{"main":{"type":"main-page","disabled":true,"settings":{}},"758a34d5-b24d-4f6e-9d38-7a7d59bb8ac4":{"type":"rich-text","blocks":{"template--16067274145962__758a34d5-b24d-4f6e-9d38-7a7d59bb8ac4-16760070275b5b015a-0":{"type":"heading","settings":{"title":"Shopify App Development","title_h1":false,"align_title":"center"}},"template--16067274145962__758a34d5-b24d-4f6e-9d38-7a7d59bb8ac4-16760070275b5b015a-1":{"type":"text","settings":{"enlarge_text":false,"text":"<p>Shopify is one of the most popular e-commerce platforms in the world, and the demand for Shopify apps is increasing rapidly. Shopify apps can help store owners to improve their customer experience, automate their workflows, and increase their sales.<\/p><p>Here are some reasons why you should consider developing a Shopify app:<\/p>"}},"3e74a110-d7f2-4db0-854f-4f3907d484a1":{"type":"text","settings":{"enlarge_text":false,"text":"<ul><li>Growing market: The e-commerce market is growing rapidly, and Shopify is one of the most popular platforms for online stores. This means that there is a huge market for Shopify apps.<\/li><li>High demand: Shopify store owners are always looking for ways to improve their stores and increase their sales. By developing a Shopify app, you can help them to achieve their goals.<\/li><li>Easy to use: Shopify has a user-friendly API and developer tools that make it easy to create and publish Shopify apps.<\/li><li>Monetization opportunities: You can monetize your Shopify app by charging for the app or by taking a commission on sales made through your app.<\/li><li>Community support: Shopify has a large and supportive community of developers who can help you to get started and provide support along the way.<\/li><\/ul>"}},"dcb2b4bb-7fc3-4064-9a1e-a0b6e884fb03":{"type":"text","settings":{"enlarge_text":false,"text":"<p>In summary, Shopify app development is a great opportunity to tap into a growing market, help store owners to improve their businesses, and create a profitable business for yourself.<\/p>"}}},"block_order":["template--16067274145962__758a34d5-b24d-4f6e-9d38-7a7d59bb8ac4-16760070275b5b015a-0","template--16067274145962__758a34d5-b24d-4f6e-9d38-7a7d59bb8ac4-16760070275b5b015a-1","3e74a110-d7f2-4db0-854f-4f3907d484a1","dcb2b4bb-7fc3-4064-9a1e-a0b6e884fb03"],"settings":{"backgound":"","text_color":"","align_text":"center","narrow_column":true,"divider":false,"enable_spacing":false}},"ce68e02f-e21f-4e36-bf3b-e01d3fdbfe69":{"type":"rich-text","blocks":{"template--16079822389418__ce68e02f-e21f-4e36-bf3b-e01d3fdbfe69-167723343234ef338f-0":{"type":"heading","settings":{"title":"Some Apps Developed by Us","title_h1":false,"align_title":"center"}},"template--16079822389418__ce68e02f-e21f-4e36-bf3b-e01d3fdbfe69-167723343234ef338f-1":{"type":"text","disabled":true,"settings":{"enlarge_text":false,"text":"<p>Use this text to share information about your brand with your customers. Describe a product, share announcements, or welcome customers to your store.<\/p>"}}},"block_order":["template--16079822389418__ce68e02f-e21f-4e36-bf3b-e01d3fdbfe69-167723343234ef338f-0","template--16079822389418__ce68e02f-e21f-4e36-bf3b-e01d3fdbfe69-167723343234ef338f-1"],"settings":{"backgound":"","text_color":"","align_text":"center","narrow_column":true,"divider":false,"enable_spacing":false}},"a54c77e9-6f9c-4eb3-b678-4a889d599be2":{"type":"logo-list","blocks":{"template--16079822389418__a54c77e9-6f9c-4eb3-b678-4a889d599be2-16772331675f656608-0":{"type":"logo_image","settings":{"image":"shopify:\/\/shop_images\/Logo-22_3x-100.jpg","link":""}},"template--16079822389418__a54c77e9-6f9c-4eb3-b678-4a889d599be2-16772331675f656608-2":{"type":"logo_image","settings":{"image":"shopify:\/\/shop_images\/Logo-30_3x-100.jpg","link":""}},"template--16079822389418__a54c77e9-6f9c-4eb3-b678-4a889d599be2-16772331675f656608-3":{"type":"logo_image","settings":{"image":"shopify:\/\/shop_images\/Logo-27_3x-100.jpg","link":""}},"bcd27005-6a22-48af-a90d-624b7d036719":{"type":"logo_image","settings":{"image":"shopify:\/\/shop_images\/Logo-28_3x-100.jpg","link":""}},"f9030226-4dd0-4c79-90dc-3f77aca0bd32":{"type":"logo_image","settings":{"image":"shopify:\/\/shop_images\/Logo-26_3x-100.jpg","link":""}},"b589691c-0009-4683-976d-e63a403d1e71":{"type":"logo_image","settings":{"image":"shopify:\/\/shop_images\/Logo-23_3x-100.jpg","link":""}}},"block_order":["template--16079822389418__a54c77e9-6f9c-4eb3-b678-4a889d599be2-16772331675f656608-0","template--16079822389418__a54c77e9-6f9c-4eb3-b678-4a889d599be2-16772331675f656608-2","template--16079822389418__a54c77e9-6f9c-4eb3-b678-4a889d599be2-16772331675f656608-3","bcd27005-6a22-48af-a90d-624b7d036719","f9030226-4dd0-4c79-90dc-3f77aca0bd32","b589691c-0009-4683-976d-e63a403d1e71"],"settings":{"backgound":"","text_color":"","title":"","text":"","bottom_text":"","logo_opacity":76,"divider":false,"enable_spacing":false}},"20af6050-5cd9-4b8f-a1f3-bc877ddabf13":{"type":"rich-text","blocks":{"template--16079822389418__20af6050-5cd9-4b8f-a1f3-bc877ddabf13-167723343234ef338f-0":{"type":"heading","settings":{"title":"Methods of Engagement","title_h1":false,"align_title":"center"}},"template--16079822389418__20af6050-5cd9-4b8f-a1f3-bc877ddabf13-167723343234ef338f-1":{"type":"text","settings":{"enlarge_text":false,"text":"<p>We can develop a whole shopify app for you or we can help you maintain you pre devloped app with the best technology assistance.<\/p>"}}},"block_order":["template--16079822389418__20af6050-5cd9-4b8f-a1f3-bc877ddabf13-167723343234ef338f-0","template--16079822389418__20af6050-5cd9-4b8f-a1f3-bc877ddabf13-167723343234ef338f-1"],"settings":{"backgound":"","text_color":"","align_text":"center","narrow_column":true,"divider":false,"enable_spacing":false}},"62459ab1-8019-4e5c-acaa-cc303ad279a9":{"type":"text-columns","blocks":{"template--16067274145962__62459ab1-8019-4e5c-acaa-cc303ad279a9-1676007195c74cac2f-0":{"type":"text_block","settings":{"enable_image":true,"image":"shopify:\/\/shop_images\/New_app_design_2x-100.jpg","image_width":650,"title":"Develop New","text":"<p>Developing a Shopify app can be a great way to extend the functionality of the Shopify platform and provide additional value to merchants and their customers. From planning to developing and Testing to Scaling we can help at all stages.<br\/>Here are some general steps to follow when developing a new Shopify app:<\/p><ul><li><strong>Identify a problem or opportunity:<\/strong> Start by identifying a problem or opportunity that your app can solve or address. This can be anything from simplifying the checkout process to integrating with a third-party service.<br\/><\/li><li><strong>Research the market: <\/strong>Conduct market research to determine if there is demand for your app and to see what competitors are already offering. This will help you refine your idea and identify unique selling points.<br\/><\/li><li><strong>Plan your app:<\/strong> Create a plan for your app, including features, functionality, and user interface. You'll need to decide on a programming language, database, and hosting platform, as well as any APIs or SDKs you'll be using.<br\/><\/li><li><strong>Build your app:<\/strong> Use your plan to start building your app. You can use Shopify's APIs and SDKs to integrate with the Shopify platform and build out the features you've planned.<br\/><\/li><li><strong>Test your app:<\/strong> Once your app is built, test it extensively to make sure it's functioning properly and is user-friendly.<br\/><\/li><li><strong>Submit your app for review: <\/strong>Submit your app for review to Shopify's App Store. Your app will go through a review process to ensure it meets Shopify's guidelines and standards.<br\/><\/li><li><strong>Launch your app:<\/strong> Once your app is approved, you can launch it on the Shopify App Store and start marketing it to potential users.<\/li><\/ul>","button_label":"Connect With Us","button_link":"shopify:\/\/pages\/contact","open_popup":true,"enquiry":"New App Development"}},"template--16067274145962__62459ab1-8019-4e5c-acaa-cc303ad279a9-1676007195c74cac2f-1":{"type":"text_block","settings":{"enable_image":true,"image":"shopify:\/\/shop_images\/Old_app_maintain_2x-100.jpg","image_width":650,"title":"Maintain Existing","text":"<p>Maintaining a Shopify app involves a variety of tasks that help ensure the app remains up-to-date, secure, and effective in meeting the needs of its users. Here are some key steps you can take to maintain a Shopify app:<\/p><ul><li><strong>Monitor and respond to customer feedback<\/strong>: Keeping a close eye on user reviews and feedback can help you identify bugs, usability issues, and other areas for improvement. Responding to customer inquiries and concerns in a timely and helpful manner can also help build trust and loyalty.<br\/><\/li><li><strong>Keep your app up-to-date<\/strong>: Regularly updating your app can help ensure compatibility with new versions of Shopify and prevent security vulnerabilities. It's important to test new releases thoroughly before making them available to users.<br\/><\/li><li><strong>Test and debug:<\/strong> Regularly testing and debugging your app can help prevent bugs and other issues from affecting users. Automated testing can help catch issues early, and manual testing can help you identify any unexpected behaviors.<br\/><\/li><li><strong>Monitor performance: <\/strong>Monitoring your app's performance can help you identify areas for optimization and ensure that it continues to meet the needs of your users. This includes tracking metrics like page load times, server response times, and error rates.<br\/><\/li><li><strong>Maintain documentation:<\/strong> Keeping your app's documentation up-to-date can help users better understand how to use it and troubleshoot issues. This can include updating user guides, API documentation, and other resources as needed.<\/li><\/ul><p>By following these steps and staying engaged with your users, you can help ensure that your Shopify app remains effective and valuable over time.<\/p>","button_label":"Connect With Us","button_link":"shopify:\/\/pages\/contact","open_popup":true,"enquiry":"Old App Maintenance"}}},"block_order":["template--16067274145962__62459ab1-8019-4e5c-acaa-cc303ad279a9-1676007195c74cac2f-0","template--16067274145962__62459ab1-8019-4e5c-acaa-cc303ad279a9-1676007195c74cac2f-1"],"settings":{"backgound":"","text_color":"","title":"","text":"","align_text":"center","divider":false,"enable_spacing":false}},"b7d07429-9735-4b31-a2fc-1c782568a016":{"type":"contact-form-strip","settings":{"section_heading":"Get Your Shopify App Developed","page_source":"shopify-app-development","spacing_top":0,"spacing_bottom":0}}},"order":["main","758a34d5-b24d-4f6e-9d38-7a7d59bb8ac4","ce68e02f-e21f-4e36-bf3b-e01d3fdbfe69","a54c77e9-6f9c-4eb3-b678-4a889d599be2","20af6050-5cd9-4b8f-a1f3-bc877ddabf13","62459ab1-8019-4e5c-acaa-cc303ad279a9","b7d07429-9735-4b31-a2fc-1c782568a016"]}