{"sections":{"08b6e55c-03b9-46b1-b874-e80e95337614":{"type":"campaign-image-banner","settings":{"Campaign_banner_image":"shopify:\/\/shop_images\/linkedin-hero.png","Campaign_banner_small_img":"shopify:\/\/shop_images\/image_5_1.png","Campaign_banner_image_heading":"Convert at the Speed of Light","Campaign_banner_image_richtext":"<p>\"Working with the Shopify agency was an absolute game-changer for my business.<\/p>","Campaign_banner_image_link":"shopify:\/\/pages\/blackberrys","Campaign_banner_image_link_text":"Talk to an expert","padding_top":0,"padding_bottom":12}},"c7addba3-9327-46e1-ad0f-5ef1897126b7":{"type":"section-brands","blocks":{"8fe54110-de03-401c-957c-333a3efed01a":{"type":"Logo","settings":{"image_picker":"shopify:\/\/shop_images\/superkicks_3x-100_1.png"}},"7eda146d-3796-4401-92de-4c04111319c4":{"type":"Logo","settings":{"image_picker":"shopify:\/\/shop_images\/prima_world_3x-100prima.png"}},"a2c33a60-a4e6-4f72-bcd9-75e021c676df":{"type":"Logo","settings":{"image_picker":"shopify:\/\/shop_images\/superkicks_3x-100superkicks.png"}},"2f8210f3-f0a3-451f-a1cd-6d634f0ba1d5":{"type":"Logo","settings":{"image_picker":"shopify:\/\/shop_images\/Koskii_3x-100koskii.png"}},"4fb7bcc2-a662-4651-8cf0-fc4e2934af41":{"type":"Logo","settings":{"image_picker":"shopify:\/\/shop_images\/birkenstock_3x-100birkenstock.png"}},"37d91212-aa8b-44f4-bfff-7227c428580a":{"type":"Logo","settings":{"image_picker":"shopify:\/\/shop_images\/jadeblue_3x-100jadeblue.png"}},"5a051105-2d4a-4726-80fc-a92ca84fb418":{"type":"Logo","settings":{"image_picker":"shopify:\/\/shop_images\/dermatouch_3x-100dermatouch.png"}},"a7ddcd87-38f5-40e3-8e1d-e66700158d62":{"type":"Logo","settings":{"image_picker":"shopify:\/\/shop_images\/crozzo_3x-100crozzo.png"}},"d4251e4c-b013-4189-b0cf-6a56a8881dd2":{"type":"Logo","settings":{"image_picker":"shopify:\/\/shop_images\/mellowdrama_3x-100mellodrama.png"}},"bd2537e6-0667-49cf-a2df-9e26feed7b0c":{"type":"Logo","settings":{"image_picker":"shopify:\/\/shop_images\/Delixirs_3x-100delixirs.png"}}},"block_order":["8fe54110-de03-401c-957c-333a3efed01a","7eda146d-3796-4401-92de-4c04111319c4","a2c33a60-a4e6-4f72-bcd9-75e021c676df","2f8210f3-f0a3-451f-a1cd-6d634f0ba1d5","4fb7bcc2-a662-4651-8cf0-fc4e2934af41","37d91212-aa8b-44f4-bfff-7227c428580a","5a051105-2d4a-4726-80fc-a92ca84fb418","a7ddcd87-38f5-40e3-8e1d-e66700158d62","d4251e4c-b013-4189-b0cf-6a56a8881dd2","bd2537e6-0667-49cf-a2df-9e26feed7b0c"],"settings":{"heading_text":"Trusted by leading brands","padding_top":100,"padding_bottom":100}},"main":{"type":"main-page","disabled":true,"settings":{}},"cd8dd819-25ba-428d-b3ba-9ea8b2e41215":{"type":"rich-text-campaign","blocks":{"template--16145308352682__cd8dd819-25ba-428d-b3ba-9ea8b2e41215-168562793916eb2012-0":{"type":"heading","settings":{"title":"<p>You make  the decisions,<br\/>Our experts will do the work<\/p>","title_h1":false,"align_title":"center"}},"template--16145308352682__cd8dd819-25ba-428d-b3ba-9ea8b2e41215-168562793916eb2012-1":{"type":"text","disabled":true,"settings":{"enlarge_text":true,"text":"<p>Use this text to share information about your brand with your customers. Describe a product, share announcements, or welcome customers to your store.<\/p>"}}},"block_order":["template--16145308352682__cd8dd819-25ba-428d-b3ba-9ea8b2e41215-168562793916eb2012-0","template--16145308352682__cd8dd819-25ba-428d-b3ba-9ea8b2e41215-168562793916eb2012-1"],"custom_css":[".richtext-block {max-width: 595px; margin: auto; margin-bottom: 100px;}"],"settings":{"backgound":"","text_color":"","align_text":"center","narrow_column":true,"divider":false,"enable_spacing":false,"richtext_custom_classes":"linkedin"}},"d24d7a0a-5642-4d1e-b6e2-f4393daaadd1":{"type":"flickity-slider","blocks":{"0176bfea-9e2b-4866-9234-3d5d68b628cc":{"type":"flickity-blocks","settings":{"flickity_block_heading":"Conversion Rate Optimisation","flickity_block_subheading":"<p>Join our community of creators and<br\/>Editor X experts. Send us questions,<br\/>share creations and more.<\/p>","flickity_block_image":"shopify:\/\/shop_images\/wix-image_Picture_0d6674_a1d0f880756f48bda1dfd4ffb1a00a09_mv2_jpg.png","flickity_block_link":"shopify:\/\/pages\/apply-jobs","flickity_block_link_text":"Connect Now →"}},"7165d72a-eaae-4c2e-8359-64e73b970071":{"type":"flickity-blocks","settings":{"flickity_block_heading":"Platform Migration","flickity_block_subheading":"<p>Follow our blog written by experienced<br\/>designers that covers a wide range of topics<br\/>at the intersection of design and tech. <\/p>","flickity_block_image":"shopify:\/\/shop_images\/wix-image_Picture_0d6674_a4de80bfe137470dad35896e62c96dca_mv2_jpg.png","flickity_block_link":"shopify:\/\/pages\/career","flickity_block_link_text":"Connect Now →"}},"601469b8-ebcd-4400-ab82-4560ffce1c30":{"type":"flickity-blocks","settings":{"flickity_block_heading":"Performance Optimisation","flickity_block_subheading":"<p>Get matched with leads and earn points for every<br\/>client site you build. Unlock exclusive benefits like<br\/>custom branding, client billing and rev share. <\/p>","flickity_block_image":"shopify:\/\/shop_images\/wix-image_Picture_0d6674_ecbeb93f36f74e9597836caa5e067d85_mv2_jpg.png","flickity_block_link":"shopify:\/\/pages\/business-development-executive","flickity_block_link_text":"Connect Now →"}},"90c2ba54-8bb2-42c9-9136-162352aebdb4":{"type":"flickity-blocks","settings":{"flickity_block_heading":"Conversion Rate Optimisation","flickity_block_subheading":"<p>Join our community of creators and<br\/>Editor X experts. Send us questions,<br\/>share creations and more.<\/p>","flickity_block_image":"shopify:\/\/shop_images\/wix-image_Picture_0d6674_a1d0f880756f48bda1dfd4ffb1a00a09_mv2_jpg.png","flickity_block_link":"shopify:\/\/pages\/apply-jobs","flickity_block_link_text":"Connect Now →"}},"11edaaa6-273d-4975-adc5-450eac16f3fb":{"type":"flickity-blocks","settings":{"flickity_block_heading":"Platform Migration","flickity_block_subheading":"<p>Follow our blog written by experienced<br\/>designers that covers a wide range of topics<br\/>at the intersection of design and tech. <\/p>","flickity_block_image":"shopify:\/\/shop_images\/wix-image_Picture_0d6674_a4de80bfe137470dad35896e62c96dca_mv2_jpg.png","flickity_block_link":"shopify:\/\/pages\/career","flickity_block_link_text":"Connect Now →"}},"4742ba7f-6ef6-450c-b02a-c9b149d3ddb2":{"type":"flickity-blocks","settings":{"flickity_block_heading":"Performance Optimisation","flickity_block_subheading":"<p>Get matched with leads and earn points for every<br\/>client site you build. Unlock exclusive benefits like<br\/>custom branding, client billing and rev share. <\/p>","flickity_block_image":"shopify:\/\/shop_images\/wix-image_Picture_0d6674_ecbeb93f36f74e9597836caa5e067d85_mv2_jpg.png","flickity_block_link":"shopify:\/\/pages\/business-development-executive","flickity_block_link_text":"Connect Now →"}}},"block_order":["0176bfea-9e2b-4866-9234-3d5d68b628cc","7165d72a-eaae-4c2e-8359-64e73b970071","601469b8-ebcd-4400-ab82-4560ffce1c30","90c2ba54-8bb2-42c9-9136-162352aebdb4","11edaaa6-273d-4975-adc5-450eac16f3fb","4742ba7f-6ef6-450c-b02a-c9b149d3ddb2"],"settings":{"padding_top":0,"padding_bottom":100}},"de00658f-43f0-49e3-9547-38f2515cf0c5":{"type":"campaign-testimonial","blocks":{"5b55fa1d-b6cc-4f49-bd24-8af81fff8a7b":{"type":"testimonial-block","settings":{"testimonial_image_picker":"shopify:\/\/shop_images\/image_1_19449d73-fe23-49d0-866c-1dd88c9b0eac.png","testimonial_text":"<p>“Once we began work with Marmeto, the team delivered the entire work in<br\/>a span of 48-50 days only! Once we began work with Marmeto, the team delivered the entire work in a span of 48-50 days only!”<\/p>","testimonial_author_text":"<p><strong>Kapil Mittal,<\/strong> Chief of Business Strategy, Power Gummies<\/p>"}},"7dd910bf-89f0-4301-b7a4-b8a021134b73":{"type":"testimonial-block","settings":{"testimonial_image_picker":"shopify:\/\/shop_images\/image_1_19449d73-fe23-49d0-866c-1dd88c9b0eac.png","testimonial_text":"<p>“Once we began work with Marmeto, the team delivered the entire work in<br\/>a span of 48-50 days only! Once we began work with Marmeto, the team delivered the entire work in a span of 48-50 days only!”<\/p>","testimonial_author_text":"<p><strong>Kapil Mittal,<\/strong> Chief of Business Strategy, Power Gummies<\/p>"}},"3641aaad-c0af-4315-b8ae-3a850ddf4061":{"type":"testimonial-block","settings":{"testimonial_image_picker":"shopify:\/\/shop_images\/image_1_19449d73-fe23-49d0-866c-1dd88c9b0eac.png","testimonial_text":"<p>“Once we began work with Marmeto, the team delivered the entire work in<br\/>a span of 48-50 days only! Once we began work with Marmeto, the team delivered the entire work in a span of 48-50 days only!”<\/p>","testimonial_author_text":"<p><strong>Kapil Mittal,<\/strong> Chief of Business Strategy, Power Gummies<\/p>"}}},"block_order":["5b55fa1d-b6cc-4f49-bd24-8af81fff8a7b","7dd910bf-89f0-4301-b7a4-b8a021134b73","3641aaad-c0af-4315-b8ae-3a850ddf4061"],"settings":{"padding_top":62,"padding_bottom":0}},"ea93cf4c-c512-4bb6-b3f7-bfe52e314536":{"type":"rich-text","blocks":{"template--16145308352682__ea93cf4c-c512-4bb6-b3f7-bfe52e314536-16855374628e79df02-0":{"type":"heading","settings":{"title":"You choose, We help","title_h1":false,"align_title":"center"}},"template--16145308352682__ea93cf4c-c512-4bb6-b3f7-bfe52e314536-16855374628e79df02-1":{"type":"text","settings":{"enlarge_text":true,"text":"<p>\"Working with the Shopify agency was an absolute game-changer for my business. Their expertise in e-commerce, attention to detail.<\/p>"}}},"block_order":["template--16145308352682__ea93cf4c-c512-4bb6-b3f7-bfe52e314536-16855374628e79df02-0","template--16145308352682__ea93cf4c-c512-4bb6-b3f7-bfe52e314536-16855374628e79df02-1"],"custom_css":[],"settings":{"backgound":"","text_color":"","align_text":"center","narrow_column":true,"divider":false,"enable_spacing":false}},"e786acf6-2b3a-4816-b9ea-c74d89e1273e":{"type":"image-with-text","blocks":{"2c5a9a76-ef01-4bbe-9626-7a3df5132696":{"type":"text","settings":{"title":"Header","text":"<p>\"Working with the Shopify agency was an absolute game-changer for my business.Their expertise in<\/p><p>e-commerce, attention to detail.<\/p><p><a href=\"#google-form\">→ Talk to an expert<\/a><\/p>","subtitle":"","align_text":"left","align_text_mobile":"left"}},"7f5802df-28ab-46a5-b7b4-06a2bf0b0f40":{"type":"text","settings":{"title":"Header","text":"<p>\"Working with the Shopify agency was an absolute game-changer for my business.Their expertise in<\/p><p>e-commerce, attention to detail.<\/p><p><a href=\"#google-form\">→ Talk to an expert<\/a><\/p>","subtitle":"","align_text":"left","align_text_mobile":"left"}}},"block_order":["2c5a9a76-ef01-4bbe-9626-7a3df5132696","7f5802df-28ab-46a5-b7b4-06a2bf0b0f40"],"settings":{"image":"shopify:\/\/shop_images\/image_3_a68c40a8-033d-461f-81af-2b53cde1974c.png","layout":"left","padding_top":100,"padding_bottom":100}},"15a4371f-9c95-4da5-b3f8-6a3cef616f7e":{"type":"image-with-text","blocks":{"46fccdd5-0287-428c-8bb0-aaaae14c5d59":{"type":"text","settings":{"title":"Header","text":"<p>\"Working with the Shopify agency was an absolute game-changer for my business.Their expertise in<\/p><p>e-commerce, attention to detail.<\/p><p>→ Talk to an expert<\/p>","subtitle":"","align_text":"right","align_text_mobile":"left"}},"192b3f76-6429-458e-9b86-218524dd34b9":{"type":"text","settings":{"title":"Header","text":"<p>\"Working with the Shopify agency was an absolute game-changer for my business.Their expertise in<\/p><p>e-commerce, attention to detail.<\/p><p><a href=\"#google-form\">→ Talk to an expert<\/a><\/p>","subtitle":"","align_text":"right","align_text_mobile":"left"}}},"block_order":["46fccdd5-0287-428c-8bb0-aaaae14c5d59","192b3f76-6429-458e-9b86-218524dd34b9"],"settings":{"image":"shopify:\/\/shop_images\/image_2image.png","layout":"row-reverse","padding_top":90,"padding_bottom":100}},"18ce76a2-b00f-4538-88a2-ecf5f10b26c9":{"type":"section-brands","blocks":{"c49cccdb-7092-4324-86b1-0ec9bce53401":{"type":"Logo","settings":{"image_picker":"shopify:\/\/shop_images\/superkicks_3x-100_1.png"}},"2658d1a7-5002-42fc-a659-6f9ec9aa8551":{"type":"Logo","settings":{"image_picker":"shopify:\/\/shop_images\/prima_world_3x-100prima.png"}},"b5682ebf-09d0-42fa-9087-e5c907995866":{"type":"Logo","settings":{"image_picker":"shopify:\/\/shop_images\/superkicks_3x-100superkicks.png"}},"4df73390-b929-4394-bfb8-0a5c445dcd87":{"type":"Logo","settings":{"image_picker":"shopify:\/\/shop_images\/Koskii_3x-100koskii.png"}},"3d4259f2-5cc9-4ddf-baf1-d4f70e05d41e":{"type":"Logo","settings":{"image_picker":"shopify:\/\/shop_images\/birkenstock_3x-100birkenstock.png"}},"45b09c69-3803-40ca-ae35-bcfb06570930":{"type":"Logo","settings":{"image_picker":"shopify:\/\/shop_images\/jadeblue_3x-100jadeblue.png"}},"fc027631-e530-48b5-b0e8-ccf17b9b1926":{"type":"Logo","settings":{"image_picker":"shopify:\/\/shop_images\/dermatouch_3x-100dermatouch.png"}},"14cb1f77-547a-4887-9a31-99596e248107":{"type":"Logo","settings":{"image_picker":"shopify:\/\/shop_images\/crozzo_3x-100crozzo.png"}},"e9286e2f-c195-4d23-85c7-c3522fa88396":{"type":"Logo","settings":{"image_picker":"shopify:\/\/shop_images\/mellowdrama_3x-100mellodrama.png"}},"bd5b0c2d-2393-4474-bc35-d7c867814669":{"type":"Logo","settings":{"image_picker":"shopify:\/\/shop_images\/Delixirs_3x-100delixirs.png"}}},"block_order":["c49cccdb-7092-4324-86b1-0ec9bce53401","2658d1a7-5002-42fc-a659-6f9ec9aa8551","b5682ebf-09d0-42fa-9087-e5c907995866","4df73390-b929-4394-bfb8-0a5c445dcd87","3d4259f2-5cc9-4ddf-baf1-d4f70e05d41e","45b09c69-3803-40ca-ae35-bcfb06570930","fc027631-e530-48b5-b0e8-ccf17b9b1926","14cb1f77-547a-4887-9a31-99596e248107","e9286e2f-c195-4d23-85c7-c3522fa88396","bd5b0c2d-2393-4474-bc35-d7c867814669"],"settings":{"heading_text":"Trusted by leading brands","padding_top":100,"padding_bottom":100}},"b24d30e2-8ce1-4e75-9bf7-be85d64c21d0":{"type":"google-form","settings":{"image":"shopify:\/\/shop_images\/image_4google-form-image.png","heading_text":"Connect with us now","terms_checkbox":"<p>“You agree to be contacted by Marmeto and\/or Shopify about their respective services. Your personal information will be processed in accordance with Shopify’s Privacy Policy and the privacy policy of Marmeto, respectively.”<\/p>","padding_top":100,"padding_bottom":0}}},"order":["08b6e55c-03b9-46b1-b874-e80e95337614","c7addba3-9327-46e1-ad0f-5ef1897126b7","main","cd8dd819-25ba-428d-b3ba-9ea8b2e41215","d24d7a0a-5642-4d1e-b6e2-f4393daaadd1","de00658f-43f0-49e3-9547-38f2515cf0c5","ea93cf4c-c512-4bb6-b3f7-bfe52e314536","e786acf6-2b3a-4816-b9ea-c74d89e1273e","15a4371f-9c95-4da5-b3f8-6a3cef616f7e","18ce76a2-b00f-4538-88a2-ecf5f10b26c9","b24d30e2-8ce1-4e75-9bf7-be85d64c21d0"]}