{"sections":{"main":{"type":"main-page","disabled":true,"settings":{}},"1646056720b61de75a":{"type":"text-and-image","settings":{"image":"shopify:\/\/shop_images\/Final.png","image_width":700,"subtitle":"The top ecommerce choice for 2022","title":"Shopify vs WooCommerce","enable_large_title":false,"text":"<p>A detailed comparison between Shopify and WooCommerce, two of the most popular e-commerce platforms.<\/p>","button_label":"Explore Shopify With Us","button_link":"https:\/\/forms.monday.com\/forms\/1f21d33f2cf5b306092689b5370b7412?r=use1","button_style":"primary","align_text":"left","layout":"right","divider":false,"remove_top_spacing":false}},"1646056746188470a5":{"type":"text-columns","disabled":true,"blocks":{"164605674645c87ec2-0":{"type":"text_block","settings":{"enable_image":true,"image_width":200,"title":"","text":"<p>Use this section to explain a set of product features, to link to a series of pages, or to answer common questions about your products. Add images for emphasis.<\/p>","button_label":"","button_link":""}},"164605674645c87ec2-1":{"type":"text_block","settings":{"enable_image":true,"image_width":200,"title":"","text":"<p>Use this section to explain a set of product features, to link to a series of pages, or to answer common questions about your products. Add images for emphasis.<\/p>","button_label":"","button_link":""}},"164605674645c87ec2-2":{"type":"text_block","settings":{"enable_image":true,"image_width":200,"title":"","text":"<p>Use this section to explain a set of product features, to link to a series of pages, or to answer common questions about your products. Add images for emphasis.<\/p>","button_label":"","button_link":""}},"c13e755e-b9db-4082-b7ae-5c424fb56018":{"type":"text_block","settings":{"enable_image":true,"image_width":200,"title":"","text":"<p>Use this section to explain a set of product features, to link to a series of pages, or to answer common questions about your products. Add images for emphasis.<\/p>","button_label":"","button_link":""}}},"block_order":["164605674645c87ec2-0","164605674645c87ec2-1","164605674645c87ec2-2","c13e755e-b9db-4082-b7ae-5c424fb56018"],"settings":{"backgound":"","text_color":"","title":"","text":"","align_text":"center","divider":false,"enable_spacing":false}},"164605679929b41f5e":{"type":"rich-text","blocks":{"16460567998690228b-0":{"type":"heading","disabled":true,"settings":{"title":"Heading","title_h1":false,"align_title":"center"}},"16460567998690228b-1":{"type":"text","settings":{"enlarge_text":false,"text":"<p>If you’re planning to go online or expand your existing offline business, you’ll probably be weighing your options between Shopify and WooCommerce, two of the most popular e-commerce platforms. Here’s a quick comparison between critical Shopify and WooCommerce features to help you make a pick.<\/p>"}}},"block_order":["16460567998690228b-0","16460567998690228b-1"],"settings":{"backgound":"","text_color":"","align_text":"center","narrow_column":true,"divider":false,"enable_spacing":false}},"16460568603d94e7d7":{"type":"rich-text","blocks":{"164605686083d6ed49-0":{"type":"heading","settings":{"title":"Overview","title_h1":false,"align_title":"center"}},"164605686083d6ed49-1":{"type":"text","settings":{"enlarge_text":false,"text":"<p><a href=\"https:\/\/www.shopify.in\/\"><span style=\"text-decoration:underline\">Shopify<\/span><\/a>, established in 2006, offers online merchants a cloud-based commerce platform while facilitating inventory, orders, customer management, and shipping. It’s used by e-retailers in 175 countries worldwide.<\/p><p><a href=\"https:\/\/woocommerce.com\/\"><span style=\"text-decoration:underline\">WooCommerce<\/span><\/a> - an open-source eCommerce platform built for<a href=\"https:\/\/wordpress.com\/\"> <span style=\"text-decoration:underline\">WordPress<\/span><\/a>, was launched as WooThemes in 2008, shifting entirely to e-commerce in 2017. It is present in 32 countries.<\/p>"}}},"block_order":["164605686083d6ed49-0","164605686083d6ed49-1"],"settings":{"backgound":"#ffffff","text_color":"#14151b","align_text":"left","narrow_column":true,"divider":false,"enable_spacing":true}},"1646056901560316e2":{"type":"rich-text","blocks":{"1646056901a61d6e59-0":{"type":"heading","settings":{"title":"Pricing","title_h1":false,"align_title":"center"}},"1646056901a61d6e59-1":{"type":"text","settings":{"enlarge_text":false,"text":"<p>Shopify is subscription-based. Packages range from $29 to 299 per month. All plans include transaction fees, generally between 2% - 3% when using Shopify Payments and around 0.5% to 2% if not using<a href=\"https:\/\/www.shopify.com\/payments\"> <span style=\"text-decoration:underline\">Shopify Payments<\/span><\/a>.<\/p><p>Further, there’s <a href=\"https:\/\/www.shopify.in\/plus\"><span style=\"text-decoration:underline\">Shopify Plus<\/span><\/a>, starting at $2000\/month (or a variable fee), catering to higher volume businesses, and Shopify Lite, which at as low as $9.00\/month, lets you sell in-person (via POS lite) or implement a ‘buy’ button to an existing website.<\/p><p>WooCommerce, though open-source and available as a free eCommerce plugin, may cost the same or more than Shopify because of additional costs towards domain name, hosting, SSL certificate, themes, and further extensions. Per a study published on<a href=\"https:\/\/beeketing.com\/blog\/woocommerce-cost\/\"> <span style=\"text-decoration:underline\"><em>Beeketing<\/em><\/span><\/a>, it could cost between $344 to $1072 annually.<\/p>"}}},"block_order":["1646056901a61d6e59-0","1646056901a61d6e59-1"],"settings":{"backgound":"","text_color":"","align_text":"left","narrow_column":true,"divider":false,"enable_spacing":false}},"16460571883ea30eef":{"type":"rich-text","blocks":{"1646057188044734f8-0":{"type":"heading","settings":{"title":"Design Templates and Themes","title_h1":false,"align_title":"center"}},"1646057188044734f8-1":{"type":"text","settings":{"enlarge_text":false,"text":"<p>Shopify’s<a href=\"https:\/\/themes.shopify.com\/themes\"> <span style=\"text-decoration:underline\">theme store<\/span><\/a> comprises 75+ paid and eight free, engaging, user-friendly templates for various industries priced between $180 - $350. In addition, you can conveniently customize them to meet business and customer expectations.<\/p><p>The WooCommerce<a href=\"https:\/\/woocommerce.com\/product-category\/themes\/\"> <span style=\"text-decoration:underline\">theme store<\/span><\/a> caters to different industries. Three of the 49 themes are free, and others priced between $39 - $79 are billed annually.<a href=\"https:\/\/woocommerce.com\/storefront\/\"> <span style=\"text-decoration:underline\">Storefront<\/span><\/a> - WooCommerce’s official theme - integrates with its extensions and updates. While the default theme is free, the extension bundle is around $69 for a one-off payment or $59, billed annually. The latter lets you customize your storefront without editing code.<\/p>"}}},"block_order":["1646057188044734f8-0","1646057188044734f8-1"],"settings":{"backgound":"#ffffff","text_color":"#14151b","align_text":"left","narrow_column":true,"divider":false,"enable_spacing":true}},"164621007756ef2040":{"type":"rich-text","blocks":{"164621007791fb9844-0":{"type":"heading","settings":{"title":"User-friendliness","title_h1":false,"align_title":"center"}},"164621007791fb9844-1":{"type":"text","settings":{"enlarge_text":false,"text":"<p>Shopify is recognized worldwide for its user-friendliness. You can design, manage and sell your products across multiple sales channels without prior knowledge of web design and manage sales intuitively.<\/p><p>With WooCommerce, you may need to seek the help of a hosting provider to set up store, get a domain name, hosting, install WordPress, and a suitable theme.<\/p>"}}},"block_order":["164621007791fb9844-0","164621007791fb9844-1"],"settings":{"backgound":"","text_color":"","align_text":"center","narrow_column":true,"divider":false,"enable_spacing":false}},"1646057298a467639b":{"type":"rich-text","blocks":{"1646057298bf46d20d-0":{"type":"heading","settings":{"title":"SEO and Page Speed","title_h1":false,"align_title":"center"}},"85bd17ae-fb85-4f43-8732-c542aa8a20ae":{"type":"text","settings":{"enlarge_text":false,"text":"<p>Shopify SEO<a href=\"https:\/\/apps.shopify.com\/\"> <span style=\"text-decoration:underline\">apps<\/span><\/a> conveniently support basic SEO practices. If your content is good, your SEO results will be good. Moreover, Shopify’s clean code and natural linking structure improve SEO rankings. Likewise, the rapid loading pages boost rankings and facilitate conversions. However, Shopify’s rigid URL structure restricts modifications, potentially affecting SEO. Regardless the pros of Shopify’s SEO outweigh the cons.<\/p><p>WooCommerce leverages the WordPress editing benefits and enjoys good SEO. You can also purchase SEO plugins to boost SEO rankings. However, since an e-commerce site’s speed relies on the hosting service, a cheaper web hosting plan with low bandwidth may lower your site speed and SEO ranking.<\/p>"}}},"block_order":["1646057298bf46d20d-0","85bd17ae-fb85-4f43-8732-c542aa8a20ae"],"settings":{"backgound":"#ffffff","text_color":"#14151b","align_text":"center","narrow_column":true,"divider":false,"enable_spacing":true}},"16462241505aeef61d":{"type":"rich-text","blocks":{"16462241506c14b1f4-0":{"type":"heading","settings":{"title":"Apps and Extensions","title_h1":false,"align_title":"center"}},"16462241506c14b1f4-1":{"type":"text","settings":{"enlarge_text":false,"text":"<p>You can leverage Shopify’s extensive<a href=\"https:\/\/apps.shopify.com\/\"> <span style=\"text-decoration:underline\">app store<\/span><\/a> - comprising more than 6600 free and premium apps - to customize your marketplace, improve functionalities, and match customer needs. You can add apps such as live chat, inventory, fulfillment, optimize images, etc., to enhance online engagement and grow your business.<\/p><p>The WooCommerce<a href=\"https:\/\/woocommerce.com\/products\/\"> <span style=\"text-decoration:underline\">extension store<\/span><\/a> hosts 84 extensions and 47 free-to-use extensions. In addition, you can leverage the plugin repository to manage your store’s logistical, technical, and marketing requirements.<\/p>"}}},"block_order":["16462241506c14b1f4-0","16462241506c14b1f4-1"],"settings":{"backgound":"","text_color":"","align_text":"center","narrow_column":true,"divider":false,"enable_spacing":false}},"1646224815c16592a6":{"type":"rich-text","blocks":{"1646224815a0207427-0":{"type":"heading","settings":{"title":"Integrations","title_h1":false,"align_title":"center"}},"1646224815a0207427-1":{"type":"text","settings":{"enlarge_text":false,"text":"<p>Shopify’s<a href=\"https:\/\/apps.shopify.com\/\"> <span style=\"text-decoration:underline\">App Store<\/span><\/a> offers vast integration options to boost customer loyalty and reward loyal customers, such as shoppable posts on Instagram, Facebook, or Google by syncing your online store to your social media store.<\/p><p>WooCommerce also allows you to sync your shop with Amazon, eBay, and social media sites (though not Google Shopping), using the WordPress dashboard with certified free extensions.<\/p><p>However, where Shopify offers a built-in POS system, WooCommerce lacks a native omnichannel solution, and you have to use those offered by other providers.<\/p><p><\/p>"}},"f8a51e48-d187-4597-8098-a5f6d0425151":{"type":"button","settings":{"link":"https:\/\/forms.monday.com\/forms\/1f21d33f2cf5b306092689b5370b7412?r=use1","link_text":"Talk to our expert","align_button":"center"}}},"block_order":["1646224815a0207427-0","1646224815a0207427-1","f8a51e48-d187-4597-8098-a5f6d0425151"],"settings":{"backgound":"#ffffff","text_color":"#000000","align_text":"center","narrow_column":true,"divider":false,"enable_spacing":true}},"1657545506942c4709":{"type":"rich-text","blocks":{"1657545506eb1c51c2-0":{"type":"heading","settings":{"title":"Security","title_h1":false,"align_title":"center"}},"1657545506eb1c51c2-1":{"type":"text","settings":{"enlarge_text":false,"text":"<p>Being a hosted service, Shopify covers all your security issues. Its in-built free SSL certificate helps keep your website safe and tamper-proof. In addition, as it’s <a href=\"https:\/\/www.shopify.in\/security\/pci-compliant\"><span style=\"text-decoration:underline\">PCI-DSS<\/span><\/a> compliant, your website can receive credit card payments as per the latest regulations and process debit and credit card payments instantly. These security features enhance your SEO ranking too.<\/p><p>WooCommerce does not have any security measures with the plugin. You must purchase your SSL certificate, ensure your hosting company follows security measures, configure site security plugins, and look into PCI-DSS compliances for your site’s safety.<\/p>"}}},"block_order":["1657545506eb1c51c2-0","1657545506eb1c51c2-1"],"settings":{"backgound":"","text_color":"","align_text":"center","narrow_column":true,"divider":false,"enable_spacing":false}},"1657545561417772eb":{"type":"rich-text","blocks":{"16575455615ac41c48-0":{"type":"heading","settings":{"title":"Payment Gateways","title_h1":false,"align_title":"center"}},"16575455615ac41c48-1":{"type":"text","settings":{"enlarge_text":false,"text":"<p>Shopify offers you more than 100 Payment Gateways. It also has its payment processor,<a href=\"https:\/\/www.shopify.com\/payments\"> <span style=\"text-decoration:underline\">Shopify Payments<\/span><\/a> (currently unavailable to Indian merchants), which eliminates the need for third-party providers to process payments. It also offers features for selling to global audiences, like calculating country-specific tax and pricing control by region.<\/p><p>WooCommerce offers you default payments to<a href=\"https:\/\/www.paypal.com\/\"> <span style=\"text-decoration:underline\">PayPal<\/span><\/a> and<a href=\"https:\/\/stripe.com\/in\"> <span style=\"text-decoration:underline\">Stripe<\/span><\/a>, two tested payment processors. It lets you try other services, supporting the providers through add-ons. The only transaction fees are those levied by your bank or payment gateway.<\/p>"}}},"block_order":["16575455615ac41c48-0","16575455615ac41c48-1"],"settings":{"backgound":"#ffffff","text_color":"#000000","align_text":"center","narrow_column":true,"divider":false,"enable_spacing":true}},"16575456469ac0502f":{"type":"rich-text","blocks":{"16575456469cf42f6a-0":{"type":"heading","settings":{"title":"Customer Support","title_h1":false,"align_title":"center"}},"16575456469cf42f6a-1":{"type":"text","settings":{"enlarge_text":false,"text":"<p>Shopify is recognized for its excellent customer support, including 24\/7 phone, email, live chat, and a comprehensive database of<a href=\"https:\/\/www.shopify.in\/faq\"> <span style=\"text-decoration:underline\">FAQs<\/span><\/a> and the<a href=\"https:\/\/community.shopify.com\/c\/shopify-community\/ct-p\/en\"> <span style=\"text-decoration:underline\">Shopify Forum<\/span><\/a>.<\/p><p>WooCommerce doesn’t offer live chat or phone\/email support but provides resources, including<a href=\"https:\/\/woocommerce.com\/documentation\/\"> <span style=\"text-decoration:underline\">WooCommerce Docs<\/span><\/a> and an online FAQ section. You can also leverage support from the sizeable WooCommerce community.<\/p>"}}},"block_order":["16575456469cf42f6a-0","16575456469cf42f6a-1"],"settings":{"backgound":"","text_color":"","align_text":"center","narrow_column":true,"divider":false,"enable_spacing":true}},"1657545730dbda3774":{"type":"rich-text","blocks":{"16575457309c01105b-0":{"type":"heading","settings":{"title":"Inventory Management","title_h1":false,"align_title":"center"}},"16575457309c01105b-1":{"type":"text","settings":{"enlarge_text":false,"text":"<p>Shopify lets you have complete control over the Shopify inventory tracking system. You can also use Shopify inventory apps to manage your inventory efficiently.<\/p><p>WooCommerce allows you to create your inventory reports and edit product features without limitations on variable products you can create and manage. But most users have to use third-party apps to improve store performance.<\/p>"}}},"block_order":["16575457309c01105b-0","16575457309c01105b-1"],"settings":{"backgound":"#ffffff","text_color":"#000000","align_text":"center","narrow_column":true,"divider":false,"enable_spacing":true}},"1657545786514bda70":{"type":"rich-text","blocks":{"165754578655ec36ba-0":{"type":"heading","settings":{"title":"Scalability","title_h1":false,"align_title":"center"}},"165754578655ec36ba-1":{"type":"text","settings":{"enlarge_text":false,"text":"<p>Shopify looks after the technical aspects while you can run your core business without worrying about security, scalability, and such concerns. As business increases, you can seamlessly upgrade your Shopify plan without stressing about backups, updates, downtime, etc. Further, Shopify Plus offers enterprise-level solutions to scale your online presence conveniently.<\/p><p>WooCommerce is self-hosted. As your business grows, your starter hosting plan may be insufficient and require further investment in the e-commerce infrastructure.<\/p>"}}},"block_order":["165754578655ec36ba-0","165754578655ec36ba-1"],"settings":{"backgound":"","text_color":"","align_text":"center","narrow_column":true,"divider":false,"enable_spacing":true}},"16575459214b6b491f":{"type":"rich-text","blocks":{"16575459212064020b-0":{"type":"heading","settings":{"title":"Shopify Does It Best","title_h1":false,"align_title":"center"}},"16575459212064020b-1":{"type":"text","settings":{"enlarge_text":false,"text":"<p>We believe that Shopify is ideal for SMEs and large businesses seeking a user-friendly platform with robust customer support and where the technicalities, SEO, etc., are taken care of. Shopify is also ideal for merchants who prefer focusing on their core business while scaling their online presence seamlessly. <\/p><p>WooCommerce, on the other hand, works if you are tech-savvy or want total control of your e-commerce store with access to plugins for specific needs at extra cost.<\/p><p>Nonetheless, each platform has its capabilities; you should opt for one that meets your customers' expectations and helps your business grow.<\/p>"}}},"block_order":["16575459212064020b-0","16575459212064020b-1"],"settings":{"backgound":"#ffffff","text_color":"#000000","align_text":"center","narrow_column":true,"divider":false,"enable_spacing":true}},"1646057344c4427152":{"type":"video-list","blocks":{"16460573448aeacad6-0":{"type":"video_block","settings":{"image":"shopify:\/\/shop_images\/LP.jpg","video_id":"lThT2UIYI2c"}},"16460573448aeacad6-1":{"type":"video_block","settings":{"image":"shopify:\/\/shop_images\/power_gummies_thumbnail.jpg","video_id":"eJRvXxCEh-A"}},"16460573448aeacad6-2":{"type":"video_block","settings":{"image":"shopify:\/\/shop_images\/xyxx_thumbnail.jpg","video_id":"VGePZ-JkehQ"}},"16460573448aeacad6-3":{"type":"video_block","settings":{"image":"shopify:\/\/shop_images\/epigamia.jpg","video_id":"anG0fUVKUHo&t=1s"}}},"block_order":["16460573448aeacad6-0","16460573448aeacad6-1","16460573448aeacad6-2","16460573448aeacad6-3"],"settings":{"backgound":"","text_color":"","title":"Our Folio","text":"<p>Over the past few years, we've helped a lot of brands & business build and enhance their online presence.<br\/>Here's a glimpse of our latest work.<\/p>","align_text":"center","divider":false,"enable_spacing":false}}},"order":["main","1646056720b61de75a","1646056746188470a5","164605679929b41f5e","16460568603d94e7d7","1646056901560316e2","16460571883ea30eef","164621007756ef2040","1646057298a467639b","16462241505aeef61d","1646224815c16592a6","1657545506942c4709","1657545561417772eb","16575456469ac0502f","1657545730dbda3774","1657545786514bda70","16575459214b6b491f","1646057344c4427152"]}