{"sections":{"main":{"type":"main-page","disabled":true,"settings":{}},"1646056720b61de75a":{"type":"text-and-image","settings":{"image":"shopify:\/\/shop_images\/Marmeto_Pushowl.jpg","image_width":700,"subtitle":"a web push notification partnership with","title":"Pushowl","enable_large_title":true,"text":"<p>Helps you convert one-time store visitors into repeat customers using highly visible web push notifications.<\/p>","button_label":"Know More","button_link":"shopify:\/\/pages\/contact","button_style":"primary","align_text":"left","layout":"right","divider":false,"remove_top_spacing":false}},"1646056746188470a5":{"type":"text-columns","blocks":{"164605674645c87ec2-0":{"type":"text_block","settings":{"enable_image":true,"image":"shopify:\/\/shop_images\/Recover_abandoned_carts.png","image_width":200,"title":"Recover abandoned carts","text":"<p>Remind anonymous shoppers about items left in their cart to effectively reduce cart abandonment and drive more purchases.<\/p>","button_label":"","button_link":""}},"164605674645c87ec2-1":{"type":"text_block","settings":{"enable_image":true,"image":"shopify:\/\/shop_images\/Market_to_shoppers_directly.png","image_width":200,"title":"Market to shoppers directly","text":"<p>Your promotions are sent directly to your shoppers' device screens, ensuring higher visibility and clicks.<\/p>","button_label":"","button_link":""}},"164605674645c87ec2-2":{"type":"text_block","settings":{"enable_image":true,"image":"shopify:\/\/shop_images\/Market_to_shoppers_on_any_device.png","image_width":200,"title":"Market to shoppers on any device","text":"<p>Web push notifications have cross-platform support, allowing you to target shoppers on any supported device or browser, no mobile app required.<\/p>","button_label":"","button_link":""}},"c13e755e-b9db-4082-b7ae-5c424fb56018":{"type":"text_block","settings":{"enable_image":true,"image":"shopify:\/\/shop_images\/Retarget_browsers_into_buyers.png","image_width":200,"title":"Retarget browsers into buyers","text":"<p>Target shoppers who showed interest in specific products, remind them about what they viewed, and converting their interest into a purchase.<\/p>","button_label":"","button_link":""}}},"block_order":["164605674645c87ec2-0","164605674645c87ec2-1","164605674645c87ec2-2","c13e755e-b9db-4082-b7ae-5c424fb56018"],"settings":{"backgound":"#14151b","text_color":"#ffffff","title":"How this partnership benefits you","text":"","align_text":"center","divider":false,"enable_spacing":false}},"16485575223bc8bb81":{"type":"text-and-image","settings":{"image":"shopify:\/\/shop_images\/MacDesktopBanner_Pushowl.jpg","image_width":700,"subtitle":"","title":"About Pushowl","enable_large_title":false,"text":"<p>PushOwl is a web push marketing app built for e-commerce businesses. Trusted by leading brands like Lange Hair and Culture Kings, PushOwl lets you turn one-time store visitors into subscribers, send highly-visible web push notifications, and increase customer retention.<\/p>","button_label":"Know More","button_link":"shopify:\/\/pages\/contact","button_style":"primary","align_text":"left","layout":"right","divider":false,"remove_top_spacing":false}}},"order":["main","1646056720b61de75a","1646056746188470a5","16485575223bc8bb81"]}