{"sections":{"main":{"type":"main-page","disabled":true,"settings":{}},"1646056720b61de75a":{"type":"text-and-image","settings":{"image":"shopify:\/\/shop_images\/Marmeto_LimeChat.jpg","image_width":700,"subtitle":"AN AI AUTOMATION PARTNERSHIP WITH","title":"LimeChat","enable_large_title":true,"text":"<p>LimeChat is a one-stop <strong>conversational marketing solution <\/strong>for D2C brands.<\/p>","button_label":"Know More","button_link":"shopify:\/\/pages\/contact","button_style":"primary","align_text":"left","layout":"right","divider":false,"remove_top_spacing":false}},"1646056746188470a5":{"type":"text-columns","blocks":{"164605674645c87ec2-0":{"type":"text_block","settings":{"enable_image":true,"image":"shopify:\/\/shop_images\/Level-3_AI_bot.png","image_width":200,"title":"The only Level-3 AI bot","text":"<p>While all other bots in the market are generalised automation solutions that dilute their efficacy, LimeChat is built keeping in mind the unique problems faced by e-commerce companies, thus delivering stellar results.<\/p>","button_label":"","button_link":""}},"164605674645c87ec2-1":{"type":"text_block","settings":{"enable_image":true,"image":"shopify:\/\/shop_images\/Human_Chatbot.png","image_width":200,"title":"Human-level conversational experience","text":"<p>LimeChat humanizes product discovery with personalized recommendations and provides a store-like buying experience by instantly addressing product-specific queries.<\/p>","button_label":"","button_link":""}},"164605674645c87ec2-2":{"type":"text_block","settings":{"enable_image":true,"image":"shopify:\/\/shop_images\/Conversion.png","image_width":200,"title":"Drive 2X conversions and reduce CAC","text":"<p>3x Conversions compared to Email + SMS<\/p><p>10% Conversion for Abandoned Checkouts<\/p><p>2x Conversions compared to competitors<\/p>","button_label":"","button_link":""}},"c13e755e-b9db-4082-b7ae-5c424fb56018":{"type":"text_block","settings":{"enable_image":true,"image":"shopify:\/\/shop_images\/single_platform.png","image_width":200,"title":"Manage all customer conversations","text":"<p>LimeChat’s Helpdesk manages all customer conversations across channels on a single platform<\/p>","button_label":"","button_link":""}}},"block_order":["164605674645c87ec2-0","164605674645c87ec2-1","164605674645c87ec2-2","c13e755e-b9db-4082-b7ae-5c424fb56018"],"settings":{"backgound":"#14151b","text_color":"#ffffff","title":"How this partnership benefits you","text":"","align_text":"center","divider":false,"enable_spacing":false}},"16485575223bc8bb81":{"type":"text-and-image","settings":{"image":"shopify:\/\/shop_images\/LimeChat.jpg","image_width":700,"subtitle":"","title":"About LimeChat","enable_large_title":false,"text":"<p>LimeChat is your one-stop <strong>conversational marketing<\/strong> solution. It leverages conversational mediums and<strong> Level-3 AI automation<\/strong> to create the most compelling experiences online for the end consumers and help brands double their ecommerce sales.<\/p><p>Their <strong>conversational marketing suite <\/strong>consists of a Level-3 AI bot, WhatsApp remarketing, and a Helpdesk.<\/p>","button_label":"Know More","button_link":"shopify:\/\/pages\/contact","button_style":"primary","align_text":"left","layout":"right","divider":false,"remove_top_spacing":false}}},"order":["main","1646056720b61de75a","1646056746188470a5","16485575223bc8bb81"]}