{"sections":{"main":{"type":"main-page","disabled":true,"settings":{}},"1645775137ffe86472":{"type":"text-and-image","settings":{"image":"shopify:\/\/shop_images\/ec-banner.jpg","image_width":700,"subtitle":"","title":"Increase Your Shopify Store's Add To Cart Conversion Rate","enable_large_title":false,"text":"<p>Improve your ecommerce website's cart experience with our custom built <strong>\"Empty Cart Upsell\" <\/strong>feature on your <strong>Shopify website.<\/strong><\/p>","button_label":"Get Empty Cart Upsell","button_link":"https:\/\/forms.monday.com\/forms\/1f21d33f2cf5b306092689b5370b7412?r=use1","button_style":"primary","align_text":"left","layout":"right","divider":false,"remove_top_spacing":false}},"164577526496a29d05":{"type":"text-columns","blocks":{"1645775264838b8b92-0":{"type":"text_block","settings":{"enable_image":true,"image":"shopify:\/\/shop_images\/01.png","image_width":200,"title":"","text":"<p>Increase Your Add To Cart Conversion Rates<\/p>","button_label":"","button_link":""}},"1645775264838b8b92-1":{"type":"text_block","settings":{"enable_image":true,"image":"shopify:\/\/shop_images\/02.png","image_width":200,"title":"","text":"<p>Improve Your Ecommerce Cart Experience<\/p>","button_label":"","button_link":""}},"1645775264838b8b92-2":{"type":"text_block","settings":{"enable_image":true,"image":"shopify:\/\/shop_images\/03.png","image_width":200,"title":"","text":"<p>Showcase Featured Products or Collections<\/p>","button_label":"","button_link":""}},"d0dd58cf-ba3b-4d8f-839e-2de13ebeeb68":{"type":"text_block","settings":{"enable_image":true,"image":"shopify:\/\/shop_images\/04.png","image_width":200,"title":"","text":"<p>If a Customer Clears Cart, Hook them on With Upsell<\/p>","button_label":"","button_link":""}}},"block_order":["1645775264838b8b92-0","1645775264838b8b92-1","1645775264838b8b92-2","d0dd58cf-ba3b-4d8f-839e-2de13ebeeb68"],"settings":{"backgound":"","text_color":"","title":"","text":"","align_text":"center","divider":false,"enable_spacing":false}},"16457754648c69fad7":{"type":"rich-text","blocks":{"1645775464cbe254aa-0":{"type":"heading","settings":{"title":"The Problem","title_h1":false,"align_title":"center"}},"1645775464cbe254aa-1":{"type":"text","settings":{"enlarge_text":false,"text":"<p><br\/>Ecommerce cart abandonment is the big bad wolf of any marketing fairytale. But once the customer adds a product to the cart, you can follow them around till you get that fairytale ending! What do you do when the customer leaves without adding an item to their cart?<br\/><br\/>What if they add items to the cart and then delete all on an impulse? Is that the end of their buying journey?<br\/>What if your customers do a cart reset along with their new year reset for the want of a fresh start?<\/p><p>If your buyer journey is optimised, what is the one thing you can do to enhance your customer’s experience furthermore?<\/p><p>This is where our<strong> EMPTY CART UPSELL<\/strong> comes in!<\/p>"}}},"block_order":["1645775464cbe254aa-0","1645775464cbe254aa-1"],"settings":{"backgound":"","text_color":"","align_text":"left","narrow_column":true,"divider":false,"enable_spacing":false}},"16457755507d5a3cd7":{"type":"rich-text","blocks":{"1645775550d0e24e30-0":{"type":"heading","settings":{"title":"The Solution","title_h1":false,"align_title":"center"}},"1645775550d0e24e30-1":{"type":"text","settings":{"enlarge_text":false,"text":"<p><br\/>If you’re looking to increase sales, upselling and cross-selling are two tried and tested methods. Cross-selling comes into play when the customer has begun the purchase journey by adding a product to the cart. Upselling can however come into picture even before the customer makes a purchase decision.<br\/><br\/>This method does not require any additional tools and more importantly do not break the user experience. They act as enhancements serving as catalysts to the end conversion cycle!<br\/><\/p>"}}},"block_order":["1645775550d0e24e30-0","1645775550d0e24e30-1"],"settings":{"backgound":"#ffffff","text_color":"#14151b","align_text":"left","narrow_column":true,"divider":false,"enable_spacing":true}},"1645775599616c45db":{"type":"rich-text","blocks":{"16457755990e63fe36-0":{"type":"heading","settings":{"title":"How Does This Feature Work?","title_h1":false,"align_title":"center"}},"16457755990e63fe36-1":{"type":"text","settings":{"enlarge_text":false,"text":"<p><br\/>When the customer clicks on an empty cart they’re delighted with products \/ product categories to shop from! These serve as a passive sales nudge especially to customers who have a pattern of high impulse purchases leading to an increase in add to cart conversion rates.<br\/><br\/><em>Tip - A small coloured icon on the cart button that demands attention, aids in enticing customers to click on the cart.<br\/><br\/><br\/><\/em><\/p>"}},"3b6c8513-d705-41fc-8722-54901e942ec8":{"type":"button","settings":{"link":"https:\/\/forms.monday.com\/forms\/1f21d33f2cf5b306092689b5370b7412?r=use1","link_text":"Get Empty Cart Upsell","align_button":"center"}}},"block_order":["16457755990e63fe36-0","16457755990e63fe36-1","3b6c8513-d705-41fc-8722-54901e942ec8"],"settings":{"backgound":"","text_color":"","align_text":"left","narrow_column":true,"divider":false,"enable_spacing":false}},"16457757302f012055":{"type":"rich-text","blocks":{"164577573055e1f98c-0":{"type":"heading","settings":{"title":"Why Do We Need It?","title_h1":false,"align_title":"center"}},"164577573055e1f98c-1":{"type":"text","settings":{"enlarge_text":false,"text":"<p><br\/>Our customised Shopify SOS Empty Cart Upsell solution mainly aids with increasing Add-To-Cart conversion rates. Add-to-Cart is a critical micro-conversion event that is the first solid indication of a consumer transitioning from the awareness phase to consideration\/interest phase in their buyer journey. They’re the ideal potential customers who can be hooked in with some rounds of remarketing. Here’s a cool stat to seal this deal - <a href=\"https:\/\/cxl.com\/blog\/upselling-techniques\/\">Upselling is said to increase revenue by upto 30%!<\/a><a href=\"https:\/\/blog.boldcommerce.com\/how-to-use-cross-sells-and-upsells-to-increase-revenue-on-shopify\"><br\/><br\/><\/a>P.S. - Making sure that the add-to-cart action is tracked on your website is crucial. Please make sure that you have event tracking set up for all conversion events.<br\/><\/p>"}}},"block_order":["164577573055e1f98c-0","164577573055e1f98c-1"],"settings":{"backgound":"#ffffff","text_color":"#14151b","align_text":"left","narrow_column":true,"divider":false,"enable_spacing":true}},"16457758338d4893de":{"type":"text-columns","blocks":{"164577583356030041-0":{"type":"text_block","settings":{"enable_image":true,"image":"shopify:\/\/shop_images\/ec-epigamia.jpg","image_width":650,"title":"","text":"","button_label":"","button_link":""}},"164577583356030041-1":{"type":"text_block","settings":{"enable_image":true,"image":"shopify:\/\/shop_images\/ec-yeswelder.jpg","image_width":650,"title":"","text":"","button_label":"","button_link":""}}},"block_order":["164577583356030041-0","164577583356030041-1"],"settings":{"backgound":"","text_color":"","title":"SPOTTED!!!!","text":"<p>Empty Cart Upsell as seen on...<\/p><p>A simple and effective Empty Cart Upsell solution for Shopify that is focused on <br\/>creating a great user experience for the customers as well as increasing conversions for the brand.<\/p>","align_text":"center","divider":false,"enable_spacing":false}},"1645776171047ce823":{"type":"rich-text","blocks":{"164577617181f2b62e-0":{"type":"heading","settings":{"title":"About Marmeto","title_h1":false,"align_title":"center"}},"164577617181f2b62e-1":{"type":"text","settings":{"enlarge_text":false,"text":"<p><strong>Marmeto is one of India's leading Shopify and Shopify Plus solution providers for all ecommerce stores<\/strong>with customized solutions. With everything centered around Shopify, we offer simplified ecommerce solutions ranging from building customized solutions & integrations for your Shopify website to building Shopify apps to Enterprise Solutions centered around Shopify! We have developed over<strong>900 Shopify websites, 60 Shopify Plus stores<\/strong>and have successful collaborations with an array of partner ranging from marketing to logistics domains.<br\/><strong>At Marmeto, there's a singular goal. To Simplify Ecommerce. Have you experienced it yet?<\/strong><\/p>"}}},"block_order":["164577617181f2b62e-0","164577617181f2b62e-1"],"settings":{"backgound":"#ffffff","text_color":"#14151b","align_text":"center","narrow_column":true,"divider":false,"enable_spacing":true}},"16457762103a4faa24":{"type":"video-list","blocks":{"1645776210c03c0869-0":{"type":"video_block","settings":{"image":"shopify:\/\/shop_images\/LP.jpg","video_id":"lThT2UIYI2c"}},"1645776210c03c0869-1":{"type":"video_block","settings":{"image":"shopify:\/\/shop_images\/power_gummies_thumbnail.jpg","video_id":"eJRvXxCEh-A"}},"1645776210c03c0869-2":{"type":"video_block","settings":{"image":"shopify:\/\/shop_images\/xyxx_thumbnail.jpg","video_id":"VGePZ-JkehQ"}},"1645776210c03c0869-3":{"type":"video_block","settings":{"image":"shopify:\/\/shop_images\/epigamia.jpg","video_id":"anG0fUVKUHo&t=1s"}}},"block_order":["1645776210c03c0869-0","1645776210c03c0869-1","1645776210c03c0869-2","1645776210c03c0869-3"],"settings":{"backgound":"","text_color":"","title":"Our Folio","text":"<p>Over the past few years, we've helped a lot of brands & business build and enhance their online presence.<br\/>Here's a glimpse of our latest work.<\/p>","align_text":"center","divider":false,"enable_spacing":false}}},"order":["main","1645775137ffe86472","164577526496a29d05","16457754648c69fad7","16457755507d5a3cd7","1645775599616c45db","16457757302f012055","16457758338d4893de","1645776171047ce823","16457762103a4faa24"]}