{"sections":{"main":{"type":"main-page","disabled":true,"custom_css":[],"settings":{}},"4d203e5a-f257-48f5-a944-307b8209312a":{"type":"text-and-counter","blocks":{"template--16183379591338__4d203e5a-f257-48f5-a944-307b8209312a-text-1":{"type":"text","settings":{"number":"10000+","text":"<p><strong>Stores Globally<\/strong><\/p>"}},"template--16183379591338__4d203e5a-f257-48f5-a944-307b8209312a-text-2":{"type":"text","settings":{"number":"150+","text":"<p><strong>Countries Served<\/strong><\/p>"}},"template--16183379591338__4d203e5a-f257-48f5-a944-307b8209312a-text-3":{"type":"text","settings":{"number":"2800+","text":"<p><strong>Tech and Agency Partners<\/strong><\/p>"}}},"block_order":["template--16183379591338__4d203e5a-f257-48f5-a944-307b8209312a-text-1","template--16183379591338__4d203e5a-f257-48f5-a944-307b8209312a-text-2","template--16183379591338__4d203e5a-f257-48f5-a944-307b8209312a-text-3"],"settings":{}},"e034362b-f517-4b4e-a4a5-06c075331a4e":{"type":"rich-text","blocks":{"template--16183379591338__e034362b-f517-4b4e-a4a5-06c075331a4e-heading-1":{"type":"heading","settings":{"title":"BigCommerce at Marmeto","title_h1":true,"align_title":"center"}},"template--16183379591338__e034362b-f517-4b4e-a4a5-06c075331a4e-text-1":{"type":"text","settings":{"enlarge_text":true,"text":"<p>This page intends to aid merchants in comprehending the benefits of utilizing BigCommerce, a prominent e-commerce platform. Moreover, it emphasizes the advantages of using BigCommerce and elucidates how Marmeto, an experienced implementation partner, can assist in effectively adopting and utilizing the platform.<\/p>"}},"af1efe4c-6c45-47a0-a4eb-a88e4ca30dad":{"type":"image","settings":{"image_width":78}}},"block_order":["template--16183379591338__e034362b-f517-4b4e-a4a5-06c075331a4e-heading-1","template--16183379591338__e034362b-f517-4b4e-a4a5-06c075331a4e-text-1","af1efe4c-6c45-47a0-a4eb-a88e4ca30dad"],"settings":{"backgound":"","text_color":"","align_text":"center","narrow_column":true,"divider":false,"enable_spacing":false}},"7e02f301-5c92-451e-b671-ecfa840cf9dc":{"type":"rich-text","blocks":{"template--16183379591338__7e02f301-5c92-451e-b671-ecfa840cf9dc-heading-1":{"type":"heading","settings":{"title":"Why BigCommerce?","title_h1":true,"align_title":"center"}},"template--16183379591338__7e02f301-5c92-451e-b671-ecfa840cf9dc-text-1":{"type":"text","settings":{"enlarge_text":true,"text":"<p>BigCommerce is a versatile and user-friendly e-commerce platform that enables businesses to build and grow their online stores effectively. Its robust features and scalable infrastructure provide numerous benefits for businesses of all sizes. Some key reasons to consider using BigCommerce include:<\/p><ul><li><strong>Ease of use<\/strong>: BigCommerce offers intuitive tools and an easy-to-navigate interface, making it simple for beginners and experienced users to create and manage online stores.<br\/><\/li><li><strong>Scalability<\/strong>: The platform is designed to scale your business, accommodating growth and handling increased traffic and sales volume without compromising performance.<br\/><\/li><li><strong>Mobile optimization<\/strong>: BigCommerce ensures your store is mobile-friendly, providing an optimal shopping experience for customers accessing your site from smartphones or tablets.<br\/><\/li><li><strong>Advanced marketing and SEO capabilities<\/strong>: BigCommerce offers built-in SEO features, such as customizable URLs and meta tags, making it easier for your store to rank higher on search engine results pages. It also integrates well with popular digital marketing tools, allowing you to drive more traffic to your online store.<br\/><\/li><li><strong>Secure and reliable<\/strong>: BigCommerce prioritizes security and complies with industry standards to protect customers' personal information. It also boasts a 99.99% uptime, minimizing potential disruptions in your e-commerce operations.<\/li><\/ul>"}}},"block_order":["template--16183379591338__7e02f301-5c92-451e-b671-ecfa840cf9dc-heading-1","template--16183379591338__7e02f301-5c92-451e-b671-ecfa840cf9dc-text-1"],"settings":{"backgound":"","text_color":"","align_text":"center","narrow_column":true,"divider":false,"enable_spacing":false}},"a0098ea8-82a4-4db9-b125-1999ef5708d4":{"type":"rich-text","blocks":{"template--16183379591338__a0098ea8-82a4-4db9-b125-1999ef5708d4-heading-1":{"type":"heading","settings":{"title":"Advantages of using BigCommerce","title_h1":true,"align_title":"center"}},"template--16183379591338__a0098ea8-82a4-4db9-b125-1999ef5708d4-text-1":{"type":"text","settings":{"enlarge_text":true,"text":"<p>Using BigCommerce as your e-commerce platform presents several advantages, including:<\/p><ol><li><strong>Design flexibility<\/strong>: BigCommerce provides a wide range of customizable themes and templates, allowing you to create a unique and visually appealing online store that aligns with your brand's identity.<br\/><\/li><li><strong>Payment gateways and integrations<\/strong>: BigCommerce integrates seamlessly with various payment gateways, making it easy for customers to complete transactions securely. It also offers numerous third-party integrations for business needs, such as accounting, inventory management, and marketing automation.<br\/><\/li><li><strong>Multi-channel selling<\/strong>: With BigCommerce, you can expand your reach by selling on multiple channels, including Amazon, eBay, Facebook, and Instagram. This enables you to tap into larger customer bases and increase sales opportunities.<br\/><\/li><li><strong>Robust analytics and reporting<\/strong>: The platform provides detailed analytics and reporting capabilities, allowing you to track your store's performance, identify trends, and make data-driven decisions to optimize sales and marketing strategies.<\/li><\/ol>"}}},"block_order":["template--16183379591338__a0098ea8-82a4-4db9-b125-1999ef5708d4-heading-1","template--16183379591338__a0098ea8-82a4-4db9-b125-1999ef5708d4-text-1"],"settings":{"backgound":"","text_color":"","align_text":"center","narrow_column":true,"divider":false,"enable_spacing":false}},"528e5bf2-036a-4806-8ff9-ce07399077a6":{"type":"rich-text","blocks":{"template--16183379591338__528e5bf2-036a-4806-8ff9-ce07399077a6-heading-1":{"type":"heading","settings":{"title":"How Marmeto can help","title_h1":true,"align_title":"center"}},"template--16183379591338__528e5bf2-036a-4806-8ff9-ce07399077a6-text-1":{"type":"text","settings":{"enlarge_text":true,"text":"<p>Marmeto is a trusted implementation partner for BigCommerce, offering expertise and support throughout the entire process of adopting and utilizing the platform. Here are some ways in which Marmeto can assist:<\/p><ul><li><strong>Customized solutions<\/strong>: Marmeto understands that every business has unique requirements. They work closely with you to understand your specific needs and provide tailored solutions that maximize the potential of BigCommerce.<\/li><li><strong>Efficient migration<\/strong>: If you're transitioning from another e-commerce platform to BigCommerce, Marmeto ensures a seamless migration, ensuring all data, products, customer information, and order history are transferred accurately.<\/li><li><strong>Store setup and design<\/strong>: Marmeto can assist in setting up your online store on BigCommerce, ensuring it is visually appealing, user-friendly, and optimized for conversions. They specialize in creating custom themes and templates that reflect your brand identity.<\/li><li><strong>Integration and customization<\/strong>: Marmeto helps integrate BigCommerce with other essential tools and systems, such as ERP or CRM software, payment gateways, inventory management systems, and marketing automation tools. They also offer customization services to tailor the platform to your business requirements.<\/li><li><strong>Training and support<\/strong>: Marmeto provides comprehensive training to help you effectively understand and utilize BigCommerce's features. They offer ongoing support to address technical issues, ensure smooth operations, and assist with further enhancements as your business grows.<\/li><\/ul>"}}},"block_order":["template--16183379591338__528e5bf2-036a-4806-8ff9-ce07399077a6-heading-1","template--16183379591338__528e5bf2-036a-4806-8ff9-ce07399077a6-text-1"],"settings":{"backgound":"","text_color":"","align_text":"center","narrow_column":true,"divider":false,"enable_spacing":false}},"1b8e1f3c-63f0-42f9-a8c5-5e1e8248f0c5":{"type":"rich-text","blocks":{"template--16183379591338__1b8e1f3c-63f0-42f9-a8c5-5e1e8248f0c5-heading-1":{"type":"heading","settings":{"title":"Benefits of partnering with Marmeto","title_h1":true,"align_title":"center"}},"template--16183379591338__1b8e1f3c-63f0-42f9-a8c5-5e1e8248f0c5-text-1":{"type":"text","settings":{"enlarge_text":true,"text":"<p>By choosing Marmeto as your implementation partner for BigCommerce, you can benefit from the following:<\/p><ul><li><strong>Expertise and experience<\/strong>: Marmeto has a team of highly skilled professionals who are well-versed in BigCommerce and e-commerce best practices. Their expertise ensures your online store's successful implementation, optimization, and growth.<\/li><li><strong>Time and cost-efficiency<\/strong>: Partnering with Marmeto allows you to focus on your core business activities while they handle the technical aspects of setting up and managing your BigCommerce store. This saves you time, mitigates risks, and optimizes your return on investment.<\/li><li><strong>Continuous improvements<\/strong>: Marmeto stays updated with the latest e-commerce trends and technologies, continuously enhancing your BigCommerce store's performance, security, and overall user experience. They provide regular updates, incorporating new features and functionalities that align with your business goals.<\/li><\/ul><p>In conclusion, BigCommerce is a powerful e-commerce platform that offers numerous advantages for businesses seeking to establish or expand their online presence. With Marmeto as your implementation partner, you can leverage their expertise and support to optimize the utilization of BigCommerce, ensuring a seamless and successful journey in the world of e-commerce.<\/p>"}}},"block_order":["template--16183379591338__1b8e1f3c-63f0-42f9-a8c5-5e1e8248f0c5-heading-1","template--16183379591338__1b8e1f3c-63f0-42f9-a8c5-5e1e8248f0c5-text-1"],"settings":{"backgound":"","text_color":"","align_text":"center","narrow_column":true,"divider":false,"enable_spacing":false}},"570e6205-c81b-45e2-aa82-08151471eb7f":{"type":"text-strip","settings":{"narrow_column":true,"backgound":"","text_color":"","align_text":"center","title":"Commerce Solutions Offered"}},"310ace46-0e72-4c76-8d09-3c0070028012":{"type":"text-columns","blocks":{"template--16183379591338__310ace46-0e72-4c76-8d09-3c0070028012-text_block-1":{"type":"text_block","settings":{"enable_image":true,"image_width":650,"title":"A better way to B2B","text":"<p>Specially designed to address the distinctive needs of B2B enterprises, this solution enables merchants to effectively fulfill their customers' requirements with a seamless and intuitive user experience.<\/p>","button_label":"","button_link":"","open_popup":false,"enquiry":""}},"template--16183379591338__310ace46-0e72-4c76-8d09-3c0070028012-text_block-2":{"type":"text_block","settings":{"enable_image":true,"image_width":650,"title":"Omnichannel","text":"<p>Use this section to explain a set of product features, to link to a series of pages, or to answer common questions about your products. Add images for emphasis.<\/p>","button_label":"","button_link":"","open_popup":false,"enquiry":""}},"template--16183379591338__310ace46-0e72-4c76-8d09-3c0070028012-text_block-3":{"type":"text_block","settings":{"enable_image":true,"image_width":650,"title":"Multi Storefront","text":"<p>Use this section to explain a set of product features, to link to a series of pages, or to answer common questions about your products. Add images for emphasis.<\/p>","button_label":"","button_link":"","open_popup":false,"enquiry":""}}},"block_order":["template--16183379591338__310ace46-0e72-4c76-8d09-3c0070028012-text_block-1","template--16183379591338__310ace46-0e72-4c76-8d09-3c0070028012-text_block-2","template--16183379591338__310ace46-0e72-4c76-8d09-3c0070028012-text_block-3"],"settings":{"backgound":"","text_color":"","title":"","text":"","align_text":"center","divider":false,"enable_spacing":false,"number_of_columns":"one-large-half"}}},"order":["main","4d203e5a-f257-48f5-a944-307b8209312a","e034362b-f517-4b4e-a4a5-06c075331a4e","7e02f301-5c92-451e-b671-ecfa840cf9dc","a0098ea8-82a4-4db9-b125-1999ef5708d4","528e5bf2-036a-4806-8ff9-ce07399077a6","1b8e1f3c-63f0-42f9-a8c5-5e1e8248f0c5","570e6205-c81b-45e2-aa82-08151471eb7f","310ace46-0e72-4c76-8d09-3c0070028012"]}