{"sections":{"30bfacfa-8688-4672-a8e5-96cb624cff82":{"type":"rich-text","blocks":{"template--21100523716901__30bfacfa-8688-4672-a8e5-96cb624cff82-heading-1":{"type":"heading","settings":{"heading":"<strong>{{ collection.title }}<\/strong>","heading_size":"h1"}}},"block_order":["template--21100523716901__30bfacfa-8688-4672-a8e5-96cb624cff82-heading-1"],"settings":{"desktop_content_position":"center","content_alignment":"center","color_scheme":"scheme-a9bc8af0-f271-4032-a742-37ffa98c96a9","full_width":true,"padding_top":40,"padding_bottom":52}},"banner":{"type":"main-collection-banner","disabled":true,"settings":{"show_collection_description":true,"show_collection_image":true,"color_scheme":"background-1"}},"product-grid":{"type":"main-collection-product-grid","settings":{"products_per_page":16,"columns_desktop":4,"image_ratio":"square","image_shape":"default","show_secondary_image":true,"show_vendor":true,"show_rating":true,"enable_quick_add":true,"enable_filtering":true,"filter_type":"horizontal","enable_sorting":true,"columns_mobile":"2","padding_top":0,"padding_bottom":36}}},"order":["30bfacfa-8688-4672-a8e5-96cb624cff82","banner","product-grid"]}