{"sections":{"c86c205b-2969-4180-b6af-11c63119498e":{"type":"slideshow","blocks":{"4727142a-f5e5-441e-bfba-f319d57f7851":{"type":"slide","settings":{"image":"shopify:\/\/shop_images\/Banner-1_ac2670df-ac95-4101-9bd9-335c2af58353.jpg","mobile_image":"shopify:\/\/shop_images\/M_1.jpg","heading":"<strong>Elevate Your Everyday Style<\/strong>","heading_size":"h1","subheading":"from our wide variety of collections.","button_label":"Buy now","link":"shopify:\/\/collections\/jewelry","banner_link":"","button_style_secondary":false,"box_align":"middle-left","show_text_box":false,"text_alignment":"left","image_overlay_opacity":0,"color_scheme":"background-2","text_alignment_mobile":"center"}},"823921d2-852b-458c-b8ec-e995784072fc":{"type":"slide","disabled":true,"settings":{"heading":"Image slide","heading_size":"h1","subheading":"Tell your brand's story through images","button_label":"Button label","link":"","banner_link":"","button_style_secondary":false,"box_align":"middle-center","show_text_box":false,"text_alignment":"center","image_overlay_opacity":0,"color_scheme":"background-1","text_alignment_mobile":"center"}}},"block_order":["4727142a-f5e5-441e-bfba-f319d57f7851","823921d2-852b-458c-b8ec-e995784072fc"],"settings":{"layout":"full_bleed","slide_height":"adapt_image","slider_visual":"dots","auto_rotate":false,"change_slides_speed":3,"image_behavior":"none","show_text_below":true,"accessibility_info":"Slideshow about our brand"}},"3288818d-6bfe-4530-b2ab-2c247c22399f":{"type":"splide-stripe","blocks":{"6acfa7b7-c985-4443-bf92-1820ea753349":{"type":"stripe","settings":{"image":"shopify:\/\/shop_images\/Return.png","text":"<h3><strong>Return Policy<\/strong><\/h3><p>We have 30 Days Return & Refund  Policy<\/p>"}},"362bcc34-9eea-4642-ba8e-e0876e40a585":{"type":"stripe","settings":{"image":"shopify:\/\/shop_images\/Support.png","text":"<h3><strong>Support <\/strong><\/h3><p>24 x 7 Support<\/p>"}},"bb87f75a-0dc0-4664-943e-a0019dddda4f":{"type":"stripe","settings":{"image":"shopify:\/\/shop_images\/Quality-Product.png","text":"<h3><strong>Quality Product <\/strong><\/h3><p>Free Shipping on all us order on order above 500usd <\/p>"}},"d515cacf-72bc-46ee-9200-086385ca3954":{"type":"stripe","settings":{"image":"shopify:\/\/shop_images\/Secure-checkout.png","text":"<h3><strong>Secure Checkout <\/strong><\/h3><p>Safe and secure payment during Checkout<\/p>"}}},"block_order":["6acfa7b7-c985-4443-bf92-1820ea753349","362bcc34-9eea-4642-ba8e-e0876e40a585","bb87f75a-0dc0-4664-943e-a0019dddda4f","d515cacf-72bc-46ee-9200-086385ca3954"],"settings":{"inline":"my <em>inline<\/em> <strong>text<\/strong>","text_alignment":"left","body_text":"#ffffff","padding_top":40,"padding_bottom":40}},"5221dc50-6fd8-4485-bc2c-8911616e658c":{"type":"multicolumn","blocks":{"template--21100524306725__5221dc50-6fd8-4485-bc2c-8911616e658c-column-1":{"type":"column","settings":{"title":"<strong>Free Shipping<\/strong>","text":"<p>Pair text with an image to focus on your chosen product, collection, or blog post. Add details on availability, style, or even provide a review.<\/p>","link_label":"","link":"","show_review_star":false,"icon":"5-stars"}},"template--21100524306725__5221dc50-6fd8-4485-bc2c-8911616e658c-column-2":{"type":"column","settings":{"title":"Column","text":"<p>Pair text with an image to focus on your chosen product, collection, or blog post. Add details on availability, style, or even provide a review.<\/p>","link_label":"","link":"","show_review_star":false,"icon":"5-stars"}},"template--21100524306725__5221dc50-6fd8-4485-bc2c-8911616e658c-column-3":{"type":"column","settings":{"title":"Column","text":"<p>Pair text with an image to focus on your chosen product, collection, or blog post. Add details on availability, style, or even provide a review.<\/p>","link_label":"","link":"","show_review_star":false,"icon":"5-stars"}},"0015d819-42f0-45e2-9fde-a50f51e31a3a":{"type":"column","settings":{"title":"Column","text":"<p>Pair text with an image to focus on your chosen product, collection, or blog post. Add details on availability, style, or even provide a review.<\/p>","link_label":"","link":"","show_review_star":false,"icon":"5-stars"}}},"block_order":["template--21100524306725__5221dc50-6fd8-4485-bc2c-8911616e658c-column-1","template--21100524306725__5221dc50-6fd8-4485-bc2c-8911616e658c-column-2","template--21100524306725__5221dc50-6fd8-4485-bc2c-8911616e658c-column-3","0015d819-42f0-45e2-9fde-a50f51e31a3a"],"disabled":true,"settings":{"title":"","heading_size":"h1","image_width":"full","image_ratio":"square","columns_desktop":4,"column_alignment":"left","background_style":"none","button_label":"","button_link":"","color_scheme":"","columns_mobile":"1","swipe_on_mobile":true,"padding_top":36,"padding_bottom":36,"quote_color":""}},"53f06c09-65b2-4813-b55a-163a2418fbd2":{"type":"splide-product","settings":{"inline":"<strong>Our Collections<\/strong>","button_link":"","button_text":"Button","collection_list":["rings","jewelry","earring-1","bracelets","necklaces"],"column_alignment":"center","background_color":"#f5f5f5","padding_top":52,"padding_bottom":36}},"e76ddd66-e07a-4ab7-a9b0-62aeb2412479":{"type":"image-with-text","blocks":{"template--20872885174551__e76ddd66-e07a-4ab7-a9b0-62aeb2412479-heading-1":{"type":"heading","disabled":true,"settings":{"heading":"<strong>COMPLETE YOUR LOOK<\/strong>","heading_size":"h2"}},"template--20872885174551__e76ddd66-e07a-4ab7-a9b0-62aeb2412479-text-1":{"type":"text","settings":{"text":"<h3><strong>COMPLETE YOUR LOOK<\/strong><\/h3><h1><strong>Women's Collection<\/strong><\/h1><p>Pair text with an image to focus on your chosen product, collection, or blog post. Add details on availability, style, or even provide a review.<\/p>","text_style":"body"}},"6fb77da3-9e4c-4aa6-a6db-9f0acc29929c":{"type":"button","settings":{"button_label":"Buy Now","button_link":"shopify:\/\/collections\/necklaces","button_style_secondary":false}}},"block_order":["template--20872885174551__e76ddd66-e07a-4ab7-a9b0-62aeb2412479-heading-1","template--20872885174551__e76ddd66-e07a-4ab7-a9b0-62aeb2412479-text-1","6fb77da3-9e4c-4aa6-a6db-9f0acc29929c"],"settings":{"image":"shopify:\/\/shop_images\/W_1.jpg","left_image":"shopify:\/\/shop_images\/w_2_8fd58a90-379c-44ba-afc1-a081f7eb8391.jpg","right_image":"shopify:\/\/shop_images\/w_3.jpg","height":"adapt","desktop_image_width":"small","layout":"image_first","desktop_content_position":"middle","desktop_content_alignment":"left","content_layout":"no-overlap","color_scheme":"background-2","image_behavior":"none","mobile_content_alignment":"left","padding_top":52,"padding_bottom":56}},"featured_collection":{"type":"featured-collection","settings":{"title":"<strong>Featured products<\/strong>","heading_size":"h1","description":"","show_description":false,"description_style":"body","collection":"necklaces","products_to_show":8,"columns_desktop":4,"full_width":false,"show_view_all":true,"view_all_style":"solid","enable_desktop_slider":true,"color_scheme":"background-1","image_ratio":"portrait","image_shape":"default","show_secondary_image":true,"show_vendor":false,"show_rating":false,"enable_quick_add":true,"columns_mobile":"2","swipe_on_mobile":true,"padding_top":48,"padding_bottom":56}},"image_banner":{"type":"image-banner","blocks":{"heading":{"type":"heading","settings":{"heading":"<strong>Where Elegance Meets Accessories<\/strong>","heading_size":"h0"}},"button":{"type":"buttons","settings":{"button_label_1":"Buy Now","button_link_1":"shopify:\/\/collections\/all","button_style_secondary_1":false,"button_label_2":"","button_link_2":"","button_style_secondary_2":false}}},"block_order":["heading","button"],"settings":{"image":"shopify:\/\/shop_images\/Mid-Banner_68c6b169-a26d-4959-b036-1a5c43528976.jpg","image_2":"shopify:\/\/shop_images\/M_2.jpg","image_overlay_opacity":0,"image_height":"adapt","desktop_content_position":"middle-left","show_text_box":false,"desktop_content_alignment":"left","color_scheme":"background-2","image_behavior":"none","mobile_content_alignment":"center","stack_images_on_mobile":false,"show_text_below":true}},"45559f5e-d9b8-4a12-a19f-a08f0a0ce132":{"type":"multicolumn","blocks":{"template--20872885174551__45559f5e-d9b8-4a12-a19f-a08f0a0ce132-column-1":{"type":"column","settings":{"title":"<strong>Olivia<\/strong>","text":"<p>Pair text with an image to focus on your chosen product, collection, or blog post.<\/p>","link_label":"","link":"","show_review_star":true,"icon":"5-stars"}},"template--20872885174551__45559f5e-d9b8-4a12-a19f-a08f0a0ce132-column-2":{"type":"column","settings":{"title":"<strong>Isabella<\/strong>","text":"<p>Pair text with an image to focus on your chosen product, collection,<\/p>","link_label":"","link":"","show_review_star":true,"icon":"5-stars"}},"template--20872885174551__45559f5e-d9b8-4a12-a19f-a08f0a0ce132-column-3":{"type":"column","settings":{"title":"<strong>Sophie<\/strong>","text":"<p>Pair text with an image to focus on your chosen product, collection, or blog post. <\/p>","link_label":"","link":"","show_review_star":true,"icon":"5-stars"}},"70b5d38f-ae60-4142-9ba9-91201c5a06bd":{"type":"column","settings":{"title":"<strong>Elizabeth<\/strong>","text":"<p>Pair text with an image to focus on your chosen product, collection, or blog post.<\/p>","link_label":"","link":"","show_review_star":true,"icon":"5-stars"}}},"block_order":["template--20872885174551__45559f5e-d9b8-4a12-a19f-a08f0a0ce132-column-1","template--20872885174551__45559f5e-d9b8-4a12-a19f-a08f0a0ce132-column-2","template--20872885174551__45559f5e-d9b8-4a12-a19f-a08f0a0ce132-column-3","70b5d38f-ae60-4142-9ba9-91201c5a06bd"],"disabled":true,"settings":{"title":"<strong>Testimonial<\/strong>","heading_size":"h1","image_width":"third","image_ratio":"circle","columns_desktop":4,"column_alignment":"center","background_style":"primary","button_label":"","button_link":"","color_scheme":"accent-1","columns_mobile":"2","swipe_on_mobile":true,"padding_top":36,"padding_bottom":56,"quote_color":"#eadf16"}},"174e7d6d-aeb8-48ae-9283-8cc912321300":{"type":"featured-collection","settings":{"title":"<strong>Featured products<\/strong>","heading_size":"h1","description":"","show_description":false,"description_style":"body","collection":"earring-1","products_to_show":8,"columns_desktop":4,"full_width":false,"show_view_all":true,"view_all_style":"solid","enable_desktop_slider":true,"color_scheme":"background-1","image_ratio":"portrait","image_shape":"default","show_secondary_image":true,"show_vendor":false,"show_rating":false,"enable_quick_add":true,"columns_mobile":"2","swipe_on_mobile":true,"padding_top":48,"padding_bottom":56}}},"order":["c86c205b-2969-4180-b6af-11c63119498e","3288818d-6bfe-4530-b2ab-2c247c22399f","5221dc50-6fd8-4485-bc2c-8911616e658c","53f06c09-65b2-4813-b55a-163a2418fbd2","e76ddd66-e07a-4ab7-a9b0-62aeb2412479","featured_collection","image_banner","45559f5e-d9b8-4a12-a19f-a08f0a0ce132","174e7d6d-aeb8-48ae-9283-8cc912321300"]}