{"name":"t:sections.footer.name","type":"footer","sections":{"df3bad29-7cd3-45fa-9206-579464b3abc2":{"type":"newsletter","blocks":{"61bb18bf-34c7-4a9c-bbd5-05e06ae37cb5":{"type":"newsletter-content","settings":{"heading":"Subscribe To Our Emails","heading_size":"h1","text":"<p>Join our email list to learn about exclusive showings and new collections.<\/p>"}},"sections--21494755819812__df3bad29-7cd3-45fa-9206-579464b3abc2-email_form-1":{"type":"email_form","settings":{}}},"block_order":["61bb18bf-34c7-4a9c-bbd5-05e06ae37cb5","sections--21494755819812__df3bad29-7cd3-45fa-9206-579464b3abc2-email_form-1"],"settings":{"color_scheme":"accent-2","full_width":true,"padding_top":32,"padding_bottom":32}},"footer":{"type":"footer","blocks":{"82947aa7-489a-4276-8f38-ccf7b5aa5858":{"type":"brand_information","settings":{"show_social":true}},"83fa7305-72ac-40f9-9ba1-2a124f8a2c7f":{"type":"link_list","settings":{"heading":"Our Category","menu":"main-menu"}},"0e8e5be2-da5d-47da-9adc-94f6289550cd":{"type":"link_list","settings":{"heading":"Quick Links","menu":"quick-links"}},"8b1f6dff-1ca7-4281-9488-e3eb003e0146":{"type":"link_list","settings":{"heading":"Privacy Policy","menu":"policies"}}},"block_order":["82947aa7-489a-4276-8f38-ccf7b5aa5858","83fa7305-72ac-40f9-9ba1-2a124f8a2c7f","0e8e5be2-da5d-47da-9adc-94f6289550cd","8b1f6dff-1ca7-4281-9488-e3eb003e0146"],"settings":{"color_scheme":"accent-1","newsletter_enable":false,"newsletter_heading":"Subscribe to our emails","enable_follow_on_shop":false,"show_social":false,"enable_country_selector":false,"enable_language_selector":false,"payment_enable":true,"show_policy":false,"margin_top":0,"padding_top":60,"padding_bottom":16}}},"order":["df3bad29-7cd3-45fa-9206-579464b3abc2","footer"]}