{"name":"t:sections.header.name","type":"header","sections":{"announcement-bar":{"type":"announcement-bar","blocks":{"announcement-bar-0":{"type":"announcement","settings":{"text":"Free shipping within USA","link":"shopify:\/\/collections"}}},"block_order":["announcement-bar-0"],"settings":{"color_scheme":"accent-2","show_line_separator":true,"show_social":false,"auto_rotate":false,"change_slides_speed":5,"enable_country_selector":false,"enable_language_selector":false}},"header":{"type":"header","blocks":{"c633b300-87a3-11ee-8e1b-8b858c87e022":{"type":"shopify:\/\/apps\/wishlist-hero\/blocks\/header-icon\/a9a5079b-59e8-47cb-b659-ecf1c60b9b72","settings":{"customThemeName":"~","useCustomHeaderColor":true,"customHeaderColor":"#000000","useCustomHeaderSize":false,"customHeaderIconSize":22,"additionalIconCssClassNames":"","additionalIconStyle":"","additionalContainerClasses":"","additionalContainerStyle":"","replaceExistingClasses":false}}},"block_order":["c633b300-87a3-11ee-8e1b-8b858c87e022"],"settings":{"logo_position":"top-center","menu":"ced-menu","menu_type_desktop":"mega","sticky_header_type":"always","show_line_separator":true,"color_scheme":"background-2","menu_color_scheme":"background-1","enable_country_selector":false,"enable_language_selector":true,"mobile_logo_position":"center","margin_bottom":0,"padding_top":0,"padding_bottom":0}}},"order":["announcement-bar","header"]}