{"name":"t:sections.footer.name","type":"footer","sections":{"b28a560c-c954-4a08-838a-059b8eb32744":{"type":"newsletter","blocks":{"sections--21100524667173__b28a560c-c954-4a08-838a-059b8eb32744-heading-1":{"type":"heading","settings":{"heading":"Let's Stay In Touch","heading_size":"h1"}},"sections--21100524667173__b28a560c-c954-4a08-838a-059b8eb32744-paragraph-1":{"type":"paragraph","settings":{"text":"<p>Sign up to access exclusive updates on exquisite pieces <\/p>"}},"sections--21100524667173__b28a560c-c954-4a08-838a-059b8eb32744-email_form-1":{"type":"email_form","settings":{}}},"block_order":["sections--21100524667173__b28a560c-c954-4a08-838a-059b8eb32744-heading-1","sections--21100524667173__b28a560c-c954-4a08-838a-059b8eb32744-paragraph-1","sections--21100524667173__b28a560c-c954-4a08-838a-059b8eb32744-email_form-1"],"settings":{"color_scheme":"scheme-c1ce8f06-56af-41e9-b4e2-37750d435e0c","full_width":true,"padding_top":40,"padding_bottom":40}},"footer":{"type":"footer","blocks":{"07eea479-239f-4418-a308-f368f82c174d":{"type":"text","settings":{"heading":"","footer_logo":"shopify:\/\/shop_images\/Footer_163fcae4-fbfe-493f-aff1-3dbb3488fb2e.png","subtext":"<p><strong>Business Details:<\/strong> Illinois, United States<strong><br\/>Email Us: <\/strong><a href=\"mailto:shopatelierandco@gmail.com\" target=\"_blank\" title=\"mailto:shopatelierandco@gmail.com\">shopatelierandco@gmail.com<\/a><\/p>"}},"31fe2bbc-e159-40fe-9e77-93f8890b2d67":{"type":"link_list","settings":{"heading":"<strong>Quick Links<\/strong>","menu":"quick-links"}},"6af9f055-5694-4a17-a7c6-80d6a9f69d15":{"type":"link_list","settings":{"heading":"<strong>Our Collections<\/strong>","menu":"our-collections"}},"5ea11621-821d-4ca3-95ec-22ee548ef50a":{"type":"link_list","settings":{"heading":"<strong>Legal Information<\/strong>","menu":"legal-information"}},"db689ec8-53ab-48a3-a5d4-b9a61abd2495":{"type":"shopify:\/\/apps\/instafeed\/blocks\/app-block\/c447db20-095d-4a10-9725-b5977662c9d5","disabled":true,"settings":{"title":"","title_color":"","alignment":"center","html_area":""}}},"block_order":["07eea479-239f-4418-a308-f368f82c174d","31fe2bbc-e159-40fe-9e77-93f8890b2d67","6af9f055-5694-4a17-a7c6-80d6a9f69d15","5ea11621-821d-4ca3-95ec-22ee548ef50a","db689ec8-53ab-48a3-a5d4-b9a61abd2495"],"settings":{"color_scheme":"accent-1","newsletter_enable":false,"newsletter_heading":"Subscribe to our emails","enable_follow_on_shop":false,"show_social":true,"enable_country_selector":true,"enable_language_selector":true,"payment_enable":true,"show_policy":false,"margin_top":0,"padding_top":36,"padding_bottom":0}}},"order":["b28a560c-c954-4a08-838a-059b8eb32744","footer"]}